transaction_id,transaction_timestamp,transaction_amount,is_fraud,account_id,account_age_days,credit_limit,account_balance,cardholder_age,cardholder_city,cardholder_state,cardholder_zip,merchant_id,merchant_name,merchant_category,merchant_city,merchant_state,merchant_country,channel,pos_entry_mode,is_foreign_transaction,distance_from_home_km,num_transactions_24h,num_declined_7d,avg_amount_30d,ingestion_timestamp,transaction_date,transaction_hour,is_weekend,amount_category,utilization_rate,is_high_risk_context
TXN_000000,2020-01-02 09:52:38,22.80044394438993,0,ACC_614241,2211,15000,12865.869333908138,56,City_TX_7,TX,85287,MER_18724,Holiday Inn,hotel,City_MD_4,MD,US,online,online,0,95.89205660454007,3,0,229.1206717137025,2026-03-29 20:37:40,2020-01-02,9,0,low,0.8577246222605426,0
TXN_000001,2020-01-02 16:47:47,856.8647617570308,0,ACC_987099,3227,10000,6619.170741886341,40,City_AZ_8,AZ,16907,MER_15084,AMC Theatres,entertainment,City_MI_9,MI,US,atm,manual,0,29.96586411462937,6,0,397.6935272166486,2026-03-29 20:37:40,2020-01-02,16,0,high,0.6619170741886341,0
TXN_000003,2020-01-02 04:48:14,483.9777998545755,0,ACC_198064,2408,25000,6511.395894717127,65,City_IL_3,IL,35009,MER_92277,RxCrossroads,pharmacy,City_MD_6,MD,US,in-store,swipe,0,31.501217376253337,5,0,50.35153359808707,2026-03-29 20:37:40,2020-01-02,4,0,medium,0.2604558357886851,0
TXN_000004,2020-01-02 09:17:59,473.1266754535364,0,ACC_468655,3484,15000,4560.808358115396,64,City_AZ_7,AZ,94846,MER_92297,Best Buy Online,online_retail,City_NJ_2,NJ,US,in-store,swipe,0,57.7640960337225,2,1,148.344602996922,2026-03-29 20:37:40,2020-01-02,9,0,medium,0.3040538905410264,0
TXN_000005,2020-01-02 06:37:48,931.8978682805785,0,ACC_582605,3583,5000,3624.962774291416,31,City_NY_9,NY,60241,MER_88872,Safeway,grocery,City_OH_1,OH,US,in-store,swipe,0,3.445989163788344,2,1,87.27938571031196,2026-03-29 20:37:40,2020-01-02,6,0,high,0.7249925548582832,0
TXN_000006,2020-01-01 15:14:46,651.7810170345552,0,ACC_507974,1337,25000,19053.41800683396,32,City_OH_8,OH,45725,MER_30872,Comcast,utilities,City_IL_5,IL,US,in-store,contactless,0,7.707144483044035,5,0,133.3174446551882,2026-03-29 20:37:40,2020-01-01,15,0,high,0.7621367202733583,0
TXN_000007,2020-01-02 14:08:57,556.2188974100026,0,ACC_558996,1219,1000,365.8508168404244,38,City_MO_8,MO,28996,MER_88950,Publix,grocery,City_CO_8,CO,US,in-store,chip,0,62.92424516937496,5,1,262.4682594041186,2026-03-29 20:37:40,2020-01-02,14,0,medium,0.36585081684042436,0
TXN_000008,2020-01-02 22:44:26,320.1470248399033,0,ACC_870974,717,10000,3969.897967867292,50,City_WA_9,WA,16047,MER_80333,Trader Joes,grocery,City_VA_2,VA,US,in-store,chip,0,73.07733828256934,4,0,92.23796529878749,2026-03-29 20:37:40,2020-01-02,22,0,medium,0.39698979678672924,0
TXN_000009,2020-01-02 00:18:18,1070.3992261096305,0,ACC_627466,4691,1000,42.28358731236276,64,City_MI_3,MI,38767,MER_78843,Safeway,grocery,City_MD_9,MD,US,online,online,0,16.547954401345514,4,0,313.16198157374095,2026-03-29 20:37:40,2020-01-02,0,0,high,0.042283587312362765,0
TXN_000010,2020-01-02 07:18:47,24.76563424757455,0,ACC_656119,1237,5000,1373.3994124891146,68,City_WA_8,WA,26347,MER_12596,Target.com,online_retail,City_MA_8,MA,US,online,online,0,11.732135716470172,0,0,136.91687977835943,2026-03-29 20:37:40,2020-01-02,7,0,low,0.27467988249782294,0
TXN_000011,2020-01-02 11:05:24,540.0452047594663,0,ACC_233248,1924,1000,428.7209183187579,57,City_TN_1,TN,34102,MER_27167,Publix,grocery,City_VA_3,VA,US,online,online,0,8.309379223031943,3,0,226.1388687247953,2026-03-29 20:37:40,2020-01-02,11,0,medium,0.4287209183187579,0
TXN_000012,2020-01-01 04:27:03,2008.321946824084,0,ACC_203306,4952,1000,111.1338940659947,40,City_NC_8,NC,14263,MER_97844,BP,gas_station,City_FL_1,FL,US,online,online,0,17.266334371544552,4,0,178.74262154619444,2026-03-29 20:37:40,2020-01-01,4,0,outlier,0.11113389406599469,0
TXN_000013,2020-01-01 11:24:50,382.6364921238168,0,ACC_264726,1841,2000,861.2081754345405,45,City_TX_7,TX,77438,MER_99751,eBay,online_retail,City_VA_4,VA,US,in-store,contactless,0,68.15452115707288,4,0,149.73026112343143,2026-03-29 20:37:40,2020-01-01,11,0,medium,0.43060408771727027,0
TXN_000014,2020-01-01 18:40:21,808.3677528872133,0,ACC_878580,3213,1000,810.5170216449103,32,City_IL_8,IL,40540,MER_87331,Steam,entertainment,City_MO_8,MO,US,in-store,contactless,0,4.057374670971733,4,1,129.17069574154058,2026-03-29 20:37:40,2020-01-01,18,0,high,0.8105170216449104,0
TXN_000015,2020-01-01 18:00:20,1161.8944641216774,0,ACC_807910,3827,15000,8283.82453108201,41,City_IN_1,IN,85726,MER_90520,BP,gas_station,City_IN_3,IN,US,online,online,0,13.610880389032834,4,0,263.43481258841337,2026-03-29 20:37:40,2020-01-01,18,0,high,0.5522549687388006,0
TXN_000016,2020-01-01 00:12:49,112.33466367752544,0,ACC_474169,1674,10000,749.8336228649171,45,City_FL_6,FL,73769,MER_68326,Holiday Inn,hotel,City_MD_2,MD,US,in-store,swipe,0,60.64930482245422,0,0,103.0835785425301,2026-03-29 20:37:40,2020-01-01,0,0,low,0.0749833622864917,0
TXN_000017,2020-01-01 16:35:35,186.73471918412795,0,ACC_800270,3998,2000,364.1755057775212,31,City_IN_7,IN,50843,MER_87670,Ticketmaster,entertainment,City_TN_7,TN,US,online,online,0,10.735721605643649,6,0,181.5567858402881,2026-03-29 20:37:40,2020-01-01,16,0,low,0.1820877528887606,0
TXN_000018,2020-01-01 18:02:05,571.2992025799998,0,ACC_190417,2746,10000,4508.171326506284,29,City_NC_5,NC,37690,MER_20782,Walgreens Pharmacy,pharmacy,City_NJ_4,NJ,US,in-store,swipe,0,36.53422153305049,4,1,320.4515448073954,2026-03-29 20:37:40,2020-01-01,18,0,medium,0.45081713265062834,0
TXN_000019,2020-01-01 01:28:31,40070.58325237759,0,ACC_813611,220,10000,3434.1279233072146,70,City_CO_5,CO,12994,MER_52002,LabCorp,healthcare,City_TX_6,TX,US,in-store,chip,0,12.327089807251546,1,0,248.69614114667252,2026-03-29 20:37:40,2020-01-01,1,0,outlier,0.3434127923307215,0
TXN_000020,2020-01-02 04:42:35,611.3721603359194,0,ACC_528638,1365,5000,1703.953342843969,45,City_TX_7,TX,77546,MER_97187,Walmart.com,online_retail,City_TN_5,TN,US,online,online,0,40.85949456230305,2,0,169.2895989207352,2026-03-29 20:37:40,2020-01-02,4,0,high,0.3407906685687938,0
TXN_000021,2020-01-01 23:41:45,145.28415899711786,0,ACC_111984,4833,5000,2514.020378682053,55,City_MO_3,MO,17377,MER_34022,Quest Diagnostics,healthcare,City_CA_2,CA,US,online,online,0,99.0859997355822,2,0,33.040224425553205,2026-03-29 20:37:40,2020-01-01,23,0,low,0.5028040757364106,0
TXN_000022,2020-01-02 20:22:45,200.6867958762464,0,ACC_189312,3136,2000,1110.3522510199691,72,City_NJ_6,NJ,88572,MER_94458,Target.com,online_retail,City_IN_2,IN,US,online,online,0,12.268305159000432,1,0,449.5515675321829,2026-03-29 20:37:40,2020-01-02,20,0,low,0.5551761255099845,0
TXN_000023,2020-01-02 12:16:48,795.1164734627853,0,ACC_292458,408,25000,18925.462294059536,52,City_WA_7,WA,36467,MER_24618,Netflix,entertainment,City_MO_9,MO,US,in-store,swipe,0,46.6241711456716,3,0,125.8019390025986,2026-03-29 20:37:40,2020-01-02,12,0,high,0.7570184917623815,0
TXN_000024,2020-01-02 19:32:10,196.16095834716936,0,ACC_183291,4512,50000,16195.91176446802,69,City_GA_1,GA,10048,MER_27245,CVS Pharmacy,pharmacy,City_WA_2,WA,US,in-store,swipe,0,111.45504127526117,5,0,465.68956761675327,2026-03-29 20:37:40,2020-01-02,19,0,low,0.32391823528936037,0
TXN_000025,2020-01-01 23:27:58,221.0875209443948,0,ACC_893567,3859,5000,3825.964844442786,34,City_CA_2,CA,46978,MER_93796,Subway,restaurant,City_IL_8,IL,US,online,online,0,103.11516124164108,3,0,171.7306391898266,2026-03-29 20:37:40,2020-01-01,23,0,medium,0.7651929688885573,0
TXN_000026,2020-01-02 10:02:17,105.33809706279004,0,ACC_624608,645,50000,16084.033382850044,21,City_IN_4,IN,57606,MER_20027,Starbucks,restaurant,City_PA_8,PA,US,in-store,contactless,0,14.218920823971176,5,0,261.836651308668,2026-03-29 20:37:40,2020-01-02,10,0,low,0.3216806676570009,0
TXN_000027,2020-01-02 17:31:43,122.42955490035423,0,ACC_587387,2360,5000,263.3066974708607,37,City_VA_8,VA,91574,MER_23986,Valero,gas_station,City_CA_1,CA,US,in-store,chip,0,16.62668438686563,0,0,586.6249428062218,2026-03-29 20:37:40,2020-01-02,17,0,low,0.052661339494172135,0
TXN_000028,2020-01-02 12:15:23,839.8664548055692,0,ACC_777044,1784,5000,2632.391342272758,45,City_FL_6,FL,83414,MER_13526,Publix,grocery,City_MI_1,MI,US,online,online,0,9.038654071502547,6,1,405.4432742337765,2026-03-29 20:37:40,2020-01-02,12,0,high,0.5264782684545516,0
TXN_000029,2020-01-01 00:45:47,184.96157177204063,0,ACC_975206,493,10000,5585.072086500738,28,City_WA_1,WA,59222,MER_54361,Kroger,grocery,City_IL_4,IL,US,online,online,0,9.422625099882454,2,0,159.5003355323772,2026-03-29 20:37:40,2020-01-01,0,0,low,0.5585072086500737,0
TXN_000030,2020-01-02 10:24:15,148.4645297124898,0,ACC_515105,996,2000,1775.6264666815343,25,City_NC_5,NC,58115,MER_77158,Chipotle,restaurant,City_CA_2,CA,CA,online,online,1,16.955017082565117,4,0,258.5456651753524,2026-03-29 20:37:40,2020-01-02,10,0,low,0.8878132333407671,1
TXN_000031,2020-01-01 18:15:25,401.0003579714437,0,ACC_851209,4297,10000,6897.582597593507,25,City_OH_7,OH,99606,MER_48286,Ticketmaster,entertainment,City_NJ_1,NJ,US,in-store,contactless,0,5.59479997728548,3,0,224.85523506942135,2026-03-29 20:37:40,2020-01-01,18,0,medium,0.6897582597593507,0
TXN_000032,2020-01-02 12:06:21,316.71136151118577,0,ACC_460215,3188,15000,13078.260298045763,61,City_IL_6,IL,50647,MER_39533,Rite Aid,pharmacy,City_OH_9,OH,US,in-store,chip,0,31.0438828049042,1,0,308.3293567789402,2026-03-29 20:37:40,2020-01-02,12,0,medium,0.8718840198697175,0
TXN_000033,2020-01-01 23:30:54,43986.84358906796,0,ACC_804259,3654,10000,8629.298497308591,55,City_IL_9,IL,64607,MER_28316,Shell,gas_station,City_MO_3,MO,US,online,online,0,19.213397338032845,2,0,379.1730840687905,2026-03-29 20:37:40,2020-01-01,23,0,outlier,0.8629298497308592,0
TXN_000034,2020-01-02 22:20:45,231.43849172238905,0,ACC_355083,4968,50000,28717.2702372665,39,City_IN_8,IN,67410,MER_18699,Netflix,entertainment,City_CO_1,CO,FR,in-store,contactless,1,57.08619883726206,4,0,37.39752136258997,2026-03-29 20:37:40,2020-01-02,22,0,medium,0.57434540474533,1
TXN_000035,2020-01-02 09:09:06,355.1337176129201,0,ACC_734151,719,50000,25068.698103481256,43,City_NC_4,NC,31996,MER_89491,Kroger,grocery,City_MI_2,MI,US,online,online,0,41.595033900459896,4,0,725.7076952310244,2026-03-29 20:37:40,2020-01-02,9,0,medium,0.5013739620696251,0
TXN_000036,2020-01-01 18:43:55,110.28599697861812,0,ACC_141777,2652,15000,7943.533782081298,29,City_PA_5,PA,64921,MER_68465,ExxonMobil,gas_station,City_MA_8,MA,US,in-store,chip,0,9.732577231794126,4,1,169.47883263622427,2026-03-29 20:37:40,2020-01-01,18,0,low,0.5295689188054199,0
TXN_000037,2020-01-01 15:48:06,410.1454743772236,0,ACC_146250,2242,1000,929.4142672933854,74,City_MD_7,MD,93697,MER_26673,Quest Diagnostics,healthcare,City_FL_5,FL,US,online,online,0,17.62060850048685,7,1,422.9358261886797,2026-03-29 20:37:40,2020-01-01,15,0,medium,0.9294142672933854,0
TXN_000038,2020-01-01 18:33:23,180.13900732278563,0,ACC_959466,412,1000,734.5093071596109,50,City_TN_8,TN,56022,MER_33395,Delta Airlines,travel,City_TN_7,TN,US,online,online,0,34.70890489489975,6,0,304.17351505564886,2026-03-29 20:37:40,2020-01-01,18,0,low,0.7345093071596109,0
TXN_000039,2020-01-01 08:45:51,626.2067827993361,0,ACC_991372,2286,15000,1514.2891432916406,70,City_TX_5,TX,50148,MER_33707,Hyatt,hotel,City_MA_6,MA,US,in-store,swipe,0,5.366990772676009,1,0,734.4049193127768,2026-03-29 20:37:40,2020-01-01,8,0,high,0.10095260955277605,0
TXN_000040,2020-01-02 08:16:56,462.0671340761039,0,ACC_402274,3840,15000,11092.604796634949,36,City_MI_9,MI,77764,MER_94749,Shell,gas_station,City_MA_1,MA,US,in-store,chip,0,0.8026927414978765,6,0,251.94168985322636,2026-03-29 20:37:40,2020-01-02,8,0,medium,0.7395069864423299,0
TXN_000041,2020-01-01 03:09:54,337.016308902606,0,ACC_575147,3533,10000,1620.111464533146,53,City_TN_4,TN,18888,MER_85937,Kroger,grocery,City_VA_6,VA,US,online,online,0,47.81506837993189,2,0,324.7352339292184,2026-03-29 20:37:40,2020-01-01,3,0,medium,0.1620111464533146,0
TXN_000042,2020-01-01 19:11:32,362.5093599648493,0,ACC_804706,1442,15000,6374.745323330165,22,City_IL_4,IL,98666,MER_96732,Ticketmaster,entertainment,City_GA_7,GA,US,online,online,0,3.699460033285007,4,1,59.1433140137527,2026-03-29 20:37:40,2020-01-01,19,0,medium,0.42498302155534434,0
TXN_000043,2020-01-01 01:04:50,718.3527250314851,0,ACC_840122,1613,2000,399.8733771354151,34,City_MA_8,MA,49159,MER_66416,LabCorp,healthcare,City_GA_4,GA,US,in-store,chip,0,55.04846373117772,6,0,240.3565560404421,2026-03-29 20:37:40,2020-01-01,1,0,high,0.19993668856770758,0
TXN_000045,2020-01-02 00:15:13,66.32180188559856,0,ACC_446293,640,1000,833.4442493833837,21,City_WA_8,WA,94326,MER_77009,Holiday Inn,hotel,City_PA_8,PA,US,in-store,contactless,0,15.437102226438162,1,0,288.696752325306,2026-03-29 20:37:40,2020-01-02,0,0,low,0.8334442493833838,0
TXN_000046,2020-01-02 15:21:39,230.5191050396954,0,ACC_627297,145,25000,6896.094777458672,46,City_WA_5,WA,34474,MER_23281,Valero,gas_station,City_IL_7,IL,US,in-store,chip,0,41.098367628080375,4,1,76.12109842848524,2026-03-29 20:37:40,2020-01-02,15,0,medium,0.2758437910983469,0
TXN_000047,2020-01-01 02:26:32,30.69204440421145,0,ACC_976336,476,15000,1168.6530622166736,45,City_MA_1,MA,27333,MER_42548,Marriott,hotel,City_TX_2,TX,US,in-store,chip,0,11.282147456081717,3,0,469.8560041285368,2026-03-29 20:37:40,2020-01-01,2,0,low,0.07791020414777823,0
TXN_000048,2020-01-02 19:02:49,417.8795300417523,0,ACC_784687,1421,5000,1417.8422158560754,36,City_AZ_4,AZ,46355,MER_28371,LabCorp,healthcare,City_VA_6,VA,US,online,online,0,48.84482441612782,2,0,899.9364181151468,2026-03-29 20:37:40,2020-01-02,19,0,medium,0.2835684431712151,0
TXN_000049,2020-01-01 18:55:48,734.3449528159799,0,ACC_245281,3354,5000,3193.718825177923,35,City_GA_2,GA,83903,MER_87593,RxCrossroads,pharmacy,City_FL_6,FL,US,in-store,chip,0,43.528828762613664,2,0,168.23651760856762,2026-03-29 20:37:40,2020-01-01,18,0,high,0.6387437650355846,0
TXN_000050,2020-01-02 10:30:43,1436.6429941739116,0,ACC_803803,1370,15000,4684.831817650911,46,City_NJ_4,NJ,76258,MER_29644,Steam,entertainment,City_WA_7,WA,FR,in-store,contactless,1,2.044311458491223,6,0,272.39473888934504,2026-03-29 20:37:40,2020-01-02,10,0,outlier,0.3123221211767274,1
TXN_000051,2020-01-02 09:22:54,1132.7098263708224,0,ACC_639317,4540,2000,528.4131183522264,67,City_MO_8,MO,41145,MER_33874,Valero,gas_station,City_IN_6,IN,US,online,online,0,21.84286137033487,3,0,214.92760294580336,2026-03-29 20:37:40,2020-01-02,9,0,high,0.26420655917611324,0
TXN_000052,2020-01-02 18:55:55,249.4914470803456,0,ACC_560829,2969,5000,876.0671552752584,64,City_FL_5,FL,85675,MER_98659,Hyatt,hotel,City_TN_2,TN,US,in-store,chip,0,25.541205049300764,4,0,52.21717391410071,2026-03-29 20:37:40,2020-01-02,18,0,medium,0.1752134310550517,0
TXN_000053,2020-01-02 10:32:38,398.7244789805598,0,ACC_834803,3729,25000,11816.015138267796,36,City_MI_1,MI,59854,MER_24281,Walgreens Pharmacy,pharmacy,City_NC_8,NC,US,in-store,contactless,0,0.0214414593008599,3,0,442.447812383202,2026-03-29 20:37:40,2020-01-02,10,0,medium,0.47264060553071185,0
TXN_000054,2020-01-01 13:29:15,161.88813939269403,0,ACC_288069,1103,50000,13107.56933746641,34,City_CA_7,CA,77664,MER_78787,Steam,entertainment,City_CA_4,CA,US,in-store,swipe,0,97.69868147607262,4,0,166.18766783102836,2026-03-29 20:37:40,2020-01-01,13,0,low,0.2621513867493282,0
TXN_000055,2020-01-01 04:45:59,632.4175431773286,0,ACC_464315,4843,15000,10416.897475237634,49,City_IL_1,IL,96153,MER_32289,Target.com,online_retail,City_MA_9,MA,US,online,online,0,13.045798242854778,5,0,209.97151415351703,2026-03-29 20:37:40,2020-01-01,4,0,high,0.6944598316825089,0
TXN_000056,2020-01-02 06:41:50,758.9657213849715,0,ACC_214456,3599,2000,145.58256378518516,44,City_WA_9,WA,45285,MER_15054,Rite Aid,pharmacy,City_VA_8,VA,US,online,online,0,18.21123622604944,2,0,338.78007691085486,2026-03-29 20:37:40,2020-01-02,6,0,high,0.07279128189259258,0
TXN_000057,2020-01-02 05:35:30,28.12296264765998,0,ACC_424703,3180,2000,1261.6627629115037,67,City_CA_3,CA,27533,MER_76846,eBay,online_retail,City_IL_3,IL,US,online,online,0,5.416741300909186,3,0,109.12528462156232,2026-03-29 20:37:40,2020-01-02,5,0,low,0.6308313814557519,0
TXN_000058,2020-01-01 22:14:37,1535.608009028793,0,ACC_951324,1635,10000,2256.820138393813,35,City_GA_3,GA,42624,MER_59769,Walmart.com,online_retail,City_MO_3,MO,US,online,online,0,23.599166124287365,2,0,89.2963903263788,2026-03-29 20:37:40,2020-01-01,22,0,outlier,0.2256820138393813,0
TXN_000059,2020-01-01 09:58:40,373.30550917006286,0,ACC_956841,4687,2000,929.630595998046,39,City_NY_6,NY,56996,MER_39312,Duane Reade,pharmacy,City_CO_8,CO,US,online,online,0,41.59997485825196,3,1,303.7792615239045,2026-03-29 20:37:40,2020-01-01,9,0,medium,0.464815297999023,0
TXN_000060,2020-01-01 05:24:17,371.6956362151903,0,ACC_919497,2324,5000,1358.9271296484878,28,City_NY_6,NY,56947,MER_14257,Holiday Inn,hotel,City_TX_2,TX,US,online,online,0,22.040732611663035,3,0,531.6752905997697,2026-03-29 20:37:40,2020-01-01,5,0,medium,0.27178542592969757,0
TXN_000061,2020-01-01 21:55:53,655.1034624396069,0,ACC_866759,3692,50000,34331.51211051279,54,City_OH_6,OH,37956,MER_25846,eBay,online_retail,City_FL_9,FL,US,in-store,contactless,0,38.78335820906609,3,1,96.66191722148808,2026-03-29 20:37:40,2020-01-01,21,0,high,0.6866302422102558,0
TXN_000062,2020-01-01 14:43:15,336.7013298284513,1,ACC_482688,4512,5000,4490.208441195274,22,City_FL_1,FL,61030,MER_32483,Hilton,hotel,City_MA_4,MA,DE,in-store,chip,1,32.8361330224716,2,1,219.5514090638914,2026-03-29 20:37:40,2020-01-01,14,0,medium,0.8980416882390547,1
TXN_000063,2020-01-02 23:43:49,349.4843349470851,0,ACC_469484,4827,15000,13068.344107444838,47,City_NY_5,NY,68597,MER_36558,Holiday Inn,hotel,City_PA_6,PA,US,online,online,0,6.783993946455144,4,1,352.6880447732668,2026-03-29 20:37:40,2020-01-02,23,0,medium,0.8712229404963225,0
TXN_000064,2020-01-01 02:41:32,59.42131974734382,0,ACC_133783,1013,50000,27712.745219344324,30,City_MA_6,MA,52443,MER_53188,AMC Theatres,entertainment,City_VA_3,VA,US,online,online,0,14.309231013160318,2,0,609.7066445427997,2026-03-29 20:37:40,2020-01-01,2,0,low,0.5542549043868865,0
TXN_000065,2020-01-01 10:17:45,150.69045105716737,0,ACC_134152,381,15000,6592.1968214119415,55,City_GA_8,GA,75464,MER_23012,Duke Energy,utilities,City_MO_3,MO,US,in-store,swipe,0,4.022620070665216,5,0,170.4471099416014,2026-03-29 20:37:40,2020-01-01,10,0,low,0.4394797880941294,0
TXN_000066,2020-01-02 03:34:59,544.6992113577822,0,ACC_683029,1754,2000,1554.7709679348254,43,City_NY_1,NY,13952,MER_43236,Walgreens,healthcare,City_CO_3,CO,US,in-store,chip,0,1.0710141751030804,3,1,158.9556976514045,2026-03-29 20:37:40,2020-01-02,3,0,medium,0.7773854839674127,0
TXN_000067,2020-01-02 21:27:58,468.965359753584,0,ACC_993481,1981,25000,16229.001112408589,69,City_OH_5,OH,66880,MER_55076,Hilton,hotel,City_FL_2,FL,US,in-store,contactless,0,1.6286397745565089,1,0,187.8808165645539,2026-03-29 20:37:40,2020-01-02,21,0,medium,0.6491600444963436,0
TXN_000068,2020-01-01 03:12:14,825.7025668461349,0,ACC_544718,1309,1000,174.3859085060862,28,City_MO_3,MO,62201,MER_58402,Ticketmaster,entertainment,City_CA_8,CA,US,in-store,swipe,0,71.39922778944181,3,0,275.97685650662515,2026-03-29 20:37:40,2020-01-01,3,0,high,0.1743859085060862,0
TXN_000069,2020-01-01 11:13:17,647.0188466036866,0,ACC_653380,1937,50000,38993.66264661751,48,City_NJ_2,NJ,52460,MER_42076,Hertz,travel,City_MA_9,MA,US,in-store,swipe,0,104.2333724595309,1,1,276.4734161908457,2026-03-29 20:37:40,2020-01-01,11,0,high,0.7798732529323501,0
TXN_000070,2020-01-02 01:23:07,666.0243129724583,0,ACC_248725,4878,10000,4074.401699249747,43,City_NJ_8,NJ,32796,MER_90337,Target.com,online_retail,City_MO_8,MO,US,in-store,swipe,0,2.494887065185974,3,0,123.92210971101792,2026-03-29 20:37:40,2020-01-02,1,0,high,0.40744016992497467,0
TXN_000071,2020-01-01 00:16:56,218.7300602291549,0,ACC_591215,1054,1000,179.53637697261635,24,City_IN_7,IN,41746,MER_85164,Shell,gas_station,City_AZ_3,AZ,US,in-store,chip,0,10.206479014950787,2,0,241.3131918605665,2026-03-29 20:37:40,2020-01-01,0,0,medium,0.17953637697261635,0
TXN_000072,2020-01-01 15:26:31,225.01017279409135,0,ACC_854924,575,2000,535.4149657533355,34,City_PA_7,PA,96785,MER_84264,Hilton,hotel,City_NY_7,NY,US,online,online,0,3.037831235918007,2,0,225.1494821755976,2026-03-29 20:37:40,2020-01-01,15,0,medium,0.2677074828766678,0
TXN_000074,2020-01-01 06:45:00,247.27565610636364,0,ACC_878424,2411,1000,493.24662587328703,62,City_CA_9,CA,59757,MER_53773,eBay,online_retail,City_IL_4,IL,US,online,online,0,17.144216306382624,0,0,190.0364156860457,2026-03-29 20:37:40,2020-01-01,6,0,medium,0.49324662587328705,0
TXN_000075,2020-01-01 22:59:58,470.7877315511787,0,ACC_448627,918,10000,2226.5158614398174,49,City_MI_5,MI,35957,MER_62158,Amazon,online_retail,City_NY_6,NY,US,online,online,0,24.272749034689877,1,1,249.78051982129705,2026-03-29 20:37:40,2020-01-01,22,0,medium,0.22265158614398173,0
TXN_000076,2020-01-01 02:34:28,378.1742503544174,0,ACC_421898,1135,50000,5869.408151574868,21,City_MD_2,MD,91541,MER_38570,Expedia,travel,City_OH_5,OH,US,atm,manual,0,19.408375953217867,6,1,280.1980047031815,2026-03-29 20:37:40,2020-01-01,2,0,medium,0.11738816303149735,0
TXN_000077,2020-01-02 00:06:47,139.5047301710837,0,ACC_785338,2579,50000,5875.3154041536345,24,City_NY_3,NY,31292,MER_97995,BP,gas_station,City_PA_9,PA,US,online,online,0,30.968729139322644,3,0,374.0632072281732,2026-03-29 20:37:40,2020-01-02,0,0,low,0.11750630808307269,0
TXN_000078,2020-01-01 03:23:05,317.0070780288122,0,ACC_187592,2020,1000,554.1123872821418,52,City_FL_4,FL,41876,MER_50658,Ticketmaster,entertainment,City_CA_4,CA,US,in-store,swipe,0,9.609679539570422,2,0,170.10162204904975,2026-03-29 20:37:40,2020-01-01,3,0,medium,0.5541123872821417,0
TXN_000079,2020-01-02 23:16:11,92.94926305068802,0,ACC_456687,4028,15000,10470.319866103646,53,City_NJ_5,NJ,70727,MER_69184,Hertz,travel,City_MD_5,MD,US,atm,manual,0,3.697810630339715,3,0,266.3774154438321,2026-03-29 20:37:40,2020-01-02,23,0,low,0.6980213244069097,0
TXN_000080,2020-01-02 14:47:23,167.43098576590265,0,ACC_143169,3805,5000,1527.2817919821189,69,City_MA_3,MA,57046,MER_82613,LabCorp,healthcare,City_OH_4,OH,US,online,online,0,0.4444270720338827,2,0,93.18721583225184,2026-03-29 20:37:40,2020-01-02,14,0,low,0.30545635839642377,0
TXN_000081,2020-01-01 10:34:04,951.3686994184708,0,ACC_541503,2842,25000,822.9543580829055,46,City_CA_7,CA,24817,MER_68194,Walmart.com,online_retail,City_FL_8,FL,US,in-store,swipe,0,14.750909829269157,4,0,281.6715442437237,2026-03-29 20:37:40,2020-01-01,10,0,high,0.03291817432331622,0
TXN_000082,2020-01-01 14:13:34,129.83899782274892,0,ACC_154745,950,15000,1812.954638852403,37,City_NC_5,NC,19759,MER_77507,Hyatt,hotel,City_VA_8,VA,US,in-store,swipe,0,59.60421580949682,0,1,471.9575160961681,2026-03-29 20:37:40,2020-01-01,14,0,low,0.12086364259016019,0
TXN_000083,2020-01-02 07:52:32,279.1454451844013,0,ACC_734456,4675,50000,43447.991616010215,59,City_NJ_5,NJ,58432,MER_43959,Best Western,hotel,City_CO_3,CO,US,in-store,contactless,0,9.105675372665948,1,1,175.96976922349438,2026-03-29 20:37:40,2020-01-02,7,0,medium,0.8689598323202044,0
TXN_000084,2020-01-01 13:36:24,643.7798172698048,0,ACC_738273,2091,5000,2344.3323830499016,43,City_MD_6,MD,16412,MER_63072,United Airlines,travel,City_MO_1,MO,US,in-store,chip,0,5.452557654751009,5,0,119.15785876291297,2026-03-29 20:37:40,2020-01-01,13,0,high,0.4688664766099803,0
TXN_000085,2020-01-01 11:19:34,492.96090005049047,0,ACC_891975,4517,25000,10772.3542283604,52,City_WA_7,WA,67757,MER_55588,UnitedHealth,healthcare,City_NC_6,NC,US,in-store,chip,0,65.10670011677723,2,0,228.45994518103328,2026-03-29 20:37:40,2020-01-01,11,0,medium,0.430894169134416,0
TXN_000086,2020-01-01 00:42:48,173.15026905142173,0,ACC_811752,3669,25000,903.6679848646592,72,City_TN_8,TN,30504,MER_50533,Olive Garden,restaurant,City_MD_2,MD,US,online,online,0,2.785823968352028,6,0,203.35044307454336,2026-03-29 20:37:40,2020-01-01,0,0,low,0.036146719394586364,0
TXN_000087,2020-01-02 09:22:31,332.4688908469827,0,ACC_121067,3195,25000,17305.12928002635,35,City_FL_9,FL,18507,MER_78582,Kroger,grocery,City_FL_2,FL,US,in-store,swipe,0,1.3297729596461976,4,0,361.1019004382383,2026-03-29 20:37:40,2020-01-02,9,0,medium,0.6922051712010541,0
TXN_000088,2020-01-02 13:09:27,208.38284592113055,0,ACC_151033,4465,2000,1003.3293537709498,33,City_CA_4,CA,31050,MER_71743,Duane Reade,pharmacy,City_CA_3,CA,US,online,online,0,52.88463114316738,3,1,298.5046910336993,2026-03-29 20:37:40,2020-01-02,13,0,medium,0.5016646768854749,0
TXN_000089,2020-01-02 10:32:55,421.21996930502047,0,ACC_145256,2674,25000,4799.422232054868,22,City_CO_5,CO,14820,MER_54518,RxCrossroads,pharmacy,City_NC_8,NC,US,online,online,0,30.175217028058693,4,0,371.20326288407,2026-03-29 20:37:40,2020-01-02,10,0,medium,0.19197688928219472,0
TXN_000090,2020-01-02 13:52:10,628.3668773187435,0,ACC_845993,4882,10000,0.0,39,City_WA_5,WA,17835,MER_22703,Starbucks,restaurant,City_MA_3,MA,US,online,online,0,13.707504211600508,1,1,133.64464252485593,2026-03-29 20:37:40,2020-01-02,13,0,high,,0
TXN_000091,2020-01-01 10:58:24,148.26818562525105,0,ACC_339455,1075,1000,364.21847045039857,44,City_CA_8,CA,23587,MER_59456,Best Buy Online,online_retail,City_GA_7,GA,US,online,online,0,34.892862087853175,6,0,254.9711235594205,2026-03-29 20:37:40,2020-01-01,10,0,low,0.36421847045039857,0
TXN_000092,2020-01-02 21:37:11,280.68734837542866,1,ACC_602264,3586,50000,39765.19329926372,65,City_IL_9,IL,67732,MER_65491,Netflix,entertainment,City_MA_9,MA,US,atm,manual,0,33.81568295442684,5,0,97.75502021606442,2026-03-29 20:37:40,2020-01-02,21,0,medium,0.7953038659852745,0
TXN_000093,2020-01-01 03:53:06,236.49061309881037,0,ACC_300417,2711,10000,8220.298312409734,44,City_IL_7,IL,61921,MER_18043,BP,gas_station,City_MA_8,MA,CA,in-store,contactless,1,1.0221270810020116,5,0,71.63564216342812,2026-03-29 20:37:40,2020-01-01,3,0,medium,0.8220298312409734,1
TXN_000094,2020-01-01 17:10:58,867.7862793164962,0,ACC_186803,3229,1000,572.7040613758546,31,City_AZ_5,AZ,55499,MER_78340,Starbucks,restaurant,City_MO_1,MO,US,atm,manual,0,28.194345477590865,4,0,47.69032742076372,2026-03-29 20:37:40,2020-01-01,17,0,high,0.5727040613758546,0
TXN_000095,2020-01-02 11:55:12,278.54687426155544,0,ACC_303814,968,15000,10367.394088029532,42,City_AZ_3,AZ,16840,MER_20176,Quest Diagnostics,healthcare,City_OH_7,OH,FR,online,online,1,25.601936477659727,2,0,174.15735011014235,2026-03-29 20:37:40,2020-01-02,11,0,medium,0.6911596058686355,1
TXN_000096,2020-01-01 03:31:06,752.4550993548037,0,ACC_218843,4973,15000,1640.9699704909024,35,City_GA_1,GA,75077,MER_13936,Marriott,hotel,City_MO_7,MO,US,in-store,swipe,0,82.95299960201662,6,0,83.67272613984738,2026-03-29 20:37:40,2020-01-01,3,0,high,0.10939799803272683,0
TXN_000097,2020-01-01 10:44:20,493.4401456112837,0,ACC_579809,471,1000,558.7197621944621,30,City_FL_9,FL,41440,MER_41174,Kroger,grocery,City_TN_8,TN,US,online,online,0,84.99691397813304,4,0,41.508734887783696,2026-03-29 20:37:40,2020-01-01,10,0,medium,0.5587197621944621,0
TXN_000098,2020-01-02 13:23:53,368.8489234834024,0,ACC_653280,2580,10000,6336.174183128226,61,City_OH_5,OH,45183,MER_92632,Walmart.com,online_retail,City_TX_5,TX,US,online,online,0,11.862315289773464,2,0,174.82061337818206,2026-03-29 20:37:40,2020-01-02,13,0,medium,0.6336174183128226,0
TXN_000099,2020-01-01 07:27:34,320.63748420074006,0,ACC_312603,4255,1000,190.6772007681026,47,City_CO_9,CO,12389,MER_98768,Safeway,grocery,City_FL_9,FL,US,online,online,0,22.28031532101248,6,0,432.6814093709976,2026-03-29 20:37:40,2020-01-01,7,0,medium,0.1906772007681026,0
TXN_000100,2020-01-01 17:55:05,119.83161521698293,0,ACC_673091,626,25000,20903.67490661865,29,City_MD_4,MD,65076,MER_35909,ExxonMobil,gas_station,City_CO_9,CO,US,in-store,chip,0,3.81006198808459,2,0,224.67357164564945,2026-03-29 20:37:40,2020-01-01,17,0,low,0.836146996264746,0
TXN_000101,2020-01-02 05:01:28,412.0388757551489,0,ACC_472119,1535,2000,370.4938012899376,72,City_MA_5,MA,76299,MER_54158,Hyatt,hotel,City_TN_8,TN,US,online,online,0,1.7191936517341613,4,0,323.0394585996867,2026-03-29 20:37:40,2020-01-02,5,0,medium,0.1852469006449688,0
TXN_000102,2020-01-01 06:17:42,266.0014911038643,0,ACC_818837,891,50000,14890.174592706397,48,City_FL_4,FL,99461,MER_18366,Quest Diagnostics,healthcare,City_NY_6,NY,US,in-store,chip,0,14.175195456236212,5,1,51.37923067385756,2026-03-29 20:37:40,2020-01-01,6,0,medium,0.2978034918541279,0
TXN_000103,2020-01-01 02:19:52,439.706633302072,0,ACC_244282,2670,15000,8842.935070084284,21,City_MD_2,MD,49023,MER_95125,CVS Pharmacy,pharmacy,City_TX_6,TX,US,in-store,chip,0,29.27006109267484,1,0,422.8638519705689,2026-03-29 20:37:40,2020-01-01,2,0,medium,0.5895290046722856,0
TXN_000104,2020-01-01 08:28:55,129.24312441685325,0,ACC_576545,3761,50000,30321.628093709714,37,City_NC_1,NC,60029,MER_64337,BP,gas_station,City_NY_1,NY,US,in-store,swipe,0,20.96942214796549,2,0,163.41190197516875,2026-03-29 20:37:40,2020-01-01,8,0,low,0.6064325618741943,0
TXN_000105,2020-01-02 07:32:49,129.64383066946849,0,ACC_126270,1581,2000,1328.8310078759978,51,City_WA_8,WA,49941,MER_69331,Chipotle,restaurant,City_IL_6,IL,US,in-store,swipe,0,14.037930207886722,0,0,89.98318345320669,2026-03-29 20:37:40,2020-01-02,7,0,low,0.6644155039379989,0
TXN_000106,2020-01-01 14:30:56,52.564506694409886,0,ACC_555224,3266,25000,2660.278185369885,64,City_AZ_4,AZ,98993,MER_72197,Duane Reade,pharmacy,City_TX_4,TX,US,online,online,0,42.60917930144952,4,0,430.617753881862,2026-03-29 20:37:40,2020-01-01,14,0,low,0.10641112741479539,0
TXN_000107,2020-01-02 00:45:35,166.99919055653027,0,ACC_869217,1766,25000,20174.780210803183,30,City_AZ_5,AZ,63950,MER_82042,Duane Reade,pharmacy,City_MD_4,MD,US,in-store,contactless,0,39.54890934749427,0,0,473.4608355978136,2026-03-29 20:37:40,2020-01-02,0,0,low,0.8069912084321273,0
TXN_000108,2020-01-02 11:24:38,314.14964173406474,0,ACC_631740,1479,15000,7593.071635036453,57,City_MI_6,MI,96959,MER_60924,CVS Health,healthcare,City_CO_2,CO,US,in-store,contactless,0,32.913802736134976,2,0,256.5991203586199,2026-03-29 20:37:40,2020-01-02,11,0,medium,0.5062047756690968,0
TXN_000109,2020-01-01 09:47:02,260.0115980628352,0,ACC_403630,294,15000,6716.335565997224,49,City_TN_8,TN,86054,MER_38842,Olive Garden,restaurant,City_TX_4,TX,US,in-store,chip,0,2.0040245875271885,1,0,358.495940618719,2026-03-29 20:37:40,2020-01-01,9,0,medium,0.44775570439981494,0
TXN_000110,2020-01-01 21:29:33,190.50829924748635,0,ACC_114859,2689,25000,23301.06858219585,38,City_IL_8,IL,75363,MER_27458,Airbnb,travel,City_TX_5,TX,US,in-store,chip,0,39.79850091414765,4,0,160.7860536116554,2026-03-29 20:37:40,2020-01-01,21,0,low,0.932042743287834,0
TXN_000111,2020-01-02 10:21:24,535.7571130099652,0,ACC_656371,2751,5000,3516.796910469844,67,City_PA_7,PA,71742,MER_97367,Shell,gas_station,City_CO_5,CO,US,in-store,contactless,0,62.96302827206133,0,1,191.19806855227395,2026-03-29 20:37:40,2020-01-02,10,0,medium,0.7033593820939689,0
TXN_000112,2020-01-01 03:02:45,36121.95886046466,0,ACC_954140,1492,50000,5605.286264420306,58,City_TX_4,TX,55215,MER_75382,Spotify,entertainment,City_MO_5,MO,US,in-store,chip,0,1.5320514172121844,3,1,228.3970359509356,2026-03-29 20:37:40,2020-01-01,3,0,outlier,0.11210572528840612,0
TXN_000113,2020-01-01 06:48:58,787.1612461151997,0,ACC_211462,4282,2000,1437.4244177298572,59,City_WA_6,WA,57857,MER_84319,Comcast,utilities,City_CO_4,CO,US,online,online,0,12.840378972953056,1,1,152.64992023118614,2026-03-29 20:37:40,2020-01-01,6,0,high,0.7187122088649286,0
TXN_000114,2020-01-02 06:01:06,544.7701246453075,0,ACC_247735,1475,50000,4524.3243637113,69,City_WA_4,WA,65476,MER_21170,Holiday Inn,hotel,City_AZ_1,AZ,US,in-store,contactless,0,111.32301075843914,1,0,247.43136093435967,2026-03-29 20:37:40,2020-01-02,6,0,medium,0.09048648727422601,0
TXN_000115,2020-01-02 07:27:32,819.7961178708497,0,ACC_979508,2328,2000,52.194068774671216,26,City_MD_7,MD,38173,MER_90145,CVS Health,healthcare,City_MA_8,MA,US,in-store,swipe,0,22.85974215444584,2,0,175.44426808639884,2026-03-29 20:37:40,2020-01-02,7,0,high,0.026097034387335606,0
TXN_000116,2020-01-02 14:39:42,17323.02896079023,0,ACC_349737,2955,5000,1917.2230025320112,60,City_MO_1,MO,19395,MER_54942,Hyatt,hotel,City_VA_3,VA,US,in-store,chip,0,18.016937249187308,1,0,234.10902489585044,2026-03-29 20:37:40,2020-01-02,14,0,outlier,0.3834446005064022,0
TXN_000117,2020-01-02 19:58:58,360.77137809539227,0,ACC_381197,1662,10000,9438.992641782575,32,City_MD_5,MD,69768,MER_98571,Valero,gas_station,City_NJ_2,NJ,US,online,online,0,4.883533107095415,1,1,307.99206833851565,2026-03-29 20:37:40,2020-01-02,19,0,medium,0.9438992641782575,0
TXN_000118,2020-01-02 03:26:46,213.51378305238984,0,ACC_242157,2404,2000,332.279478770239,73,City_CA_4,CA,94743,MER_26208,Starbucks,restaurant,City_NJ_9,NJ,US,in-store,chip,0,20.83819414809534,3,0,397.9014272118201,2026-03-29 20:37:40,2020-01-02,3,0,medium,0.1661397393851195,0
TXN_000119,2020-01-02 14:19:42,40.64268568566167,0,ACC_451889,542,50000,31950.606317522524,34,City_GA_7,GA,56229,MER_45178,AMC Theatres,entertainment,City_OH_7,OH,US,online,online,0,14.452787239227282,3,0,159.26077202086955,2026-03-29 20:37:40,2020-01-02,14,0,low,0.6390121263504505,0
TXN_000120,2020-01-02 06:49:49,266.2496863662015,0,ACC_290167,245,1000,164.7262628958134,64,City_TN_9,TN,36639,MER_89172,Verizon,utilities,City_VA_9,VA,US,online,online,0,3.4081840303266846,7,0,383.486849621797,2026-03-29 20:37:40,2020-01-02,6,0,medium,0.16472626289581338,0
TXN_000121,2020-01-02 01:16:22,285.9943013939361,0,ACC_693805,3361,25000,17213.690655261667,30,City_TX_5,TX,72583,MER_19039,Trader Joes,grocery,City_TN_2,TN,US,online,online,0,15.606048278300625,2,0,407.4624488781477,2026-03-29 20:37:40,2020-01-02,1,0,medium,0.6885476262104667,0
TXN_000122,2020-01-02 09:47:06,295.1220741669169,0,ACC_776513,2202,25000,12002.14962064837,74,City_GA_4,GA,38924,MER_24990,AMC Theatres,entertainment,City_IL_9,IL,US,in-store,contactless,0,4.4901104443035145,5,1,358.6083146356792,2026-03-29 20:37:40,2020-01-02,9,0,medium,0.4800859848259348,0
TXN_000123,2020-01-02 09:06:16,46639.7800401658,0,ACC_236319,3183,5000,3229.865622924537,40,City_PA_9,PA,82969,MER_16441,Walgreens,healthcare,City_TX_9,TX,US,online,online,0,32.79485509301239,3,3,331.1841085628156,2026-03-29 20:37:40,2020-01-02,9,0,outlier,0.6459731245849074,1
TXN_000124,2020-01-02 12:27:58,624.77972514046,0,ACC_514027,1736,2000,385.45903423704567,35,City_TN_5,TN,40104,MER_84221,Best Western,hotel,City_TN_9,TN,US,online,online,0,90.905624999561,1,0,214.72493348143843,2026-03-29 20:37:40,2020-01-02,12,0,high,0.19272951711852285,0
TXN_000125,2020-01-02 10:00:09,13.918625720610224,0,ACC_326453,2136,10000,7083.469158944768,51,City_NJ_9,NJ,47594,MER_89314,Spotify,entertainment,City_MA_4,MA,US,in-store,swipe,0,15.85201422119463,1,0,241.8528254803957,2026-03-29 20:37:40,2020-01-02,10,0,low,0.7083469158944768,0
TXN_000126,2020-01-01 06:30:19,793.42530688956,0,ACC_236645,1597,2000,1891.6762132831427,27,City_IN_8,IN,13664,MER_55959,Best Buy Online,online_retail,City_NJ_3,NJ,US,online,online,0,25.016843599798115,1,2,241.8614317786313,2026-03-29 20:37:40,2020-01-01,6,0,high,0.9458381066415713,0
TXN_000127,2020-01-01 13:53:35,380.7093370688471,0,ACC_612035,2238,25000,15809.199389866544,61,City_MD_4,MD,20528,MER_36862,Olive Garden,restaurant,City_PA_6,PA,US,online,online,0,14.095795782784512,3,0,50.78583136585319,2026-03-29 20:37:40,2020-01-01,13,0,medium,0.6323679755946617,0
TXN_000128,2020-01-02 09:54:56,835.7743161594262,0,ACC_703555,2361,15000,7032.089972538507,30,City_NJ_7,NJ,38190,MER_37273,Starbucks,restaurant,City_WA_3,WA,US,online,online,0,3.725666483446628,4,1,224.8548325921875,2026-03-29 20:37:40,2020-01-02,9,0,high,0.4688059981692338,0
TXN_000129,2020-01-02 05:44:19,559.4105342078748,0,ACC_238261,2183,1000,877.0152891883015,30,City_GA_5,GA,76033,MER_52500,Walmart.com,online_retail,City_MD_9,MD,US,online,online,0,88.13102229514807,5,0,275.3349923684177,2026-03-29 20:37:40,2020-01-02,5,0,medium,0.8770152891883015,0
TXN_000130,2020-01-02 06:44:47,403.9449627935423,0,ACC_442221,1158,5000,75.29625060141242,68,City_FL_4,FL,71161,MER_13956,CVS Pharmacy,pharmacy,City_MI_3,MI,US,online,online,0,3.4694472602460946,1,3,181.47390421974228,2026-03-29 20:37:40,2020-01-02,6,0,medium,0.015059250120282485,1
TXN_000131,2020-01-02 00:25:39,328.2262304338497,0,ACC_536862,3540,15000,10401.41014982295,59,City_NJ_5,NJ,83177,MER_82089,CVS Pharmacy,pharmacy,City_MD_2,MD,US,online,online,0,2.9590840897950974,5,0,793.0114649801899,2026-03-29 20:37:40,2020-01-02,0,0,medium,0.69342734332153,0
TXN_000132,2020-01-02 17:26:53,527.708344488528,0,ACC_438767,4353,50000,42215.45954865611,48,City_GA_5,GA,80179,MER_98789,Chevron,gas_station,City_IL_8,IL,US,online,online,0,15.366393040330252,4,0,369.5603197849033,2026-03-29 20:37:40,2020-01-02,17,0,medium,0.8443091909731222,0
TXN_000134,2020-01-02 21:48:19,327.10417694064773,0,ACC_605187,2395,15000,6413.414428424554,57,City_TX_9,TX,42899,MER_12365,Whole Foods Market,grocery,City_NJ_8,NJ,US,online,online,0,10.95965023823902,4,0,322.94102355901475,2026-03-29 20:37:40,2020-01-02,21,0,medium,0.4275609618949703,0
TXN_000135,2020-01-01 17:23:43,209.5446132023284,0,ACC_153687,4927,50000,9724.174062624948,23,City_TN_6,TN,80979,MER_82204,Walmart.com,online_retail,City_AZ_7,AZ,US,in-store,chip,0,5.345832605687952,3,2,624.6801547112714,2026-03-29 20:37:40,2020-01-01,17,0,medium,0.19448348125249898,0
TXN_000136,2020-01-01 20:57:30,165.52486022870397,0,ACC_954744,2951,15000,8072.883859626579,70,City_PA_4,PA,27241,MER_15000,BP,gas_station,City_TN_3,TN,US,in-store,chip,0,42.726397040129626,3,0,28.784143972329296,2026-03-29 20:37:40,2020-01-01,20,0,low,0.5381922573084386,0
TXN_000137,2020-01-02 01:57:06,284.1304719389955,0,ACC_207615,4597,10000,6170.658106734774,63,City_MD_2,MD,56211,MER_67072,Marriott,hotel,City_MO_8,MO,US,online,online,0,11.278695883118052,6,0,193.2286705560417,2026-03-29 20:37:40,2020-01-02,1,0,medium,0.6170658106734774,0
TXN_000138,2020-01-02 08:44:05,46.70776056738812,0,ACC_493120,1109,15000,4312.380356734759,35,City_GA_3,GA,73472,MER_62499,Target.com,online_retail,City_FL_1,FL,US,in-store,contactless,0,5.401746144874561,2,0,306.6039569611535,2026-03-29 20:37:40,2020-01-02,8,0,low,0.28749202378231725,0
TXN_000140,2020-01-01 12:06:25,68.15530990134403,0,ACC_915267,2771,25000,6634.312775318288,72,City_TN_5,TN,83757,MER_22907,eBay,online_retail,City_MA_8,MA,US,atm,manual,0,6.037595850854136,6,0,552.139298136717,2026-03-29 20:37:40,2020-01-01,12,0,low,0.2653725110127315,0
TXN_000141,2020-01-02 06:20:25,526.2113446925689,0,ACC_631985,3050,2000,701.8432124647162,57,City_VA_6,VA,41346,MER_27336,Expedia,travel,City_AZ_9,AZ,US,online,online,0,18.320482255674342,5,0,587.6438356999378,2026-03-29 20:37:40,2020-01-02,6,0,medium,0.3509216062323581,0
TXN_000143,2020-01-02 06:25:56,153.3485393088629,0,ACC_829282,200,5000,4206.407357031749,24,City_MD_2,MD,87124,MER_62331,Airbnb,travel,City_IL_5,IL,US,online,online,0,40.18068109399076,4,0,52.11623690924297,2026-03-29 20:37:40,2020-01-02,6,0,low,0.8412814714063498,0
TXN_000144,2020-01-01 00:44:53,192.3540427034316,0,ACC_682111,324,2000,19.019780062359214,67,City_MO_5,MO,52220,MER_90672,Olive Garden,restaurant,City_FL_2,FL,US,in-store,swipe,0,6.455089289574979,4,1,227.14611816846755,2026-03-29 20:37:40,2020-01-01,0,0,low,0.009509890031179608,0
TXN_000145,2020-01-02 02:27:39,586.1952566681742,0,ACC_633903,4314,50000,41914.436356079954,29,City_NC_9,NC,27942,MER_87755,AMC Theatres,entertainment,City_WA_9,WA,US,online,online,0,4.56666057747095,1,1,105.31051284946436,2026-03-29 20:37:40,2020-01-02,2,0,high,0.8382887271215991,0
TXN_000146,2020-01-01 07:12:19,400.23917646891726,0,ACC_606554,455,2000,1086.189868864503,59,City_TX_4,TX,59167,MER_78783,Olive Garden,restaurant,City_MO_6,MO,US,in-store,contactless,0,0.4949529154869347,2,1,189.06645516017443,2026-03-29 20:37:40,2020-01-01,7,0,medium,0.5430949344322515,0
TXN_000147,2020-01-02 18:28:26,634.9784543013475,0,ACC_700724,948,50000,15753.74759840833,62,City_CO_2,CO,46373,MER_79951,Shell,gas_station,City_VA_8,VA,US,in-store,swipe,0,6.472110624736923,1,0,45.40464584776942,2026-03-29 20:37:40,2020-01-02,18,0,high,0.3150749519681666,0
TXN_000148,2020-01-01 05:00:47,308.88563506606886,0,ACC_815879,3283,15000,10303.564037809698,48,City_VA_3,VA,77143,MER_62509,Subway,restaurant,City_MA_9,MA,US,in-store,swipe,0,0.6048930592751814,1,0,550.0821946907023,2026-03-29 20:37:40,2020-01-01,5,0,medium,0.6869042691873132,0
TXN_000149,2020-01-01 07:15:05,347.5560318602335,0,ACC_482706,528,5000,2411.8227213476557,43,City_TX_3,TX,12016,MER_16472,Olive Garden,restaurant,City_NC_9,NC,US,in-store,contactless,0,10.59610701603034,0,1,155.58898992572097,2026-03-29 20:37:40,2020-01-01,7,0,medium,0.4823645442695311,0
TXN_000150,2020-01-01 21:02:46,519.7649359284505,0,ACC_957549,2839,25000,11853.830630055654,65,City_MI_9,MI,79110,MER_32380,Best Western,hotel,City_FL_8,FL,US,in-store,contactless,0,3.9366192248570986,2,0,47.34914679083506,2026-03-29 20:37:40,2020-01-01,21,0,medium,0.4741532252022262,0
TXN_000152,2020-01-02 18:30:48,237.073883971776,0,ACC_178533,855,50000,18502.011232406912,64,City_FL_1,FL,17274,MER_31859,Olive Garden,restaurant,City_NC_3,NC,US,online,online,0,12.101621038582016,1,0,130.49806450273465,2026-03-29 20:37:40,2020-01-02,18,0,medium,0.37004022464813824,0
TXN_000153,2020-01-01 12:17:42,307.18309498188205,0,ACC_340011,3809,10000,2290.1112856389977,42,City_VA_1,VA,25748,MER_58402,Comcast,utilities,City_WA_3,WA,FR,online,online,1,2.456459917644508,5,0,207.2924644974435,2026-03-29 20:37:40,2020-01-01,12,0,medium,0.22901112856389977,1
TXN_000154,2020-01-02 10:45:17,484.8615904830791,0,ACC_289327,1888,2000,29.82222063293133,44,City_NC_7,NC,30175,MER_18262,United Airlines,travel,City_MI_2,MI,US,in-store,contactless,0,12.765077173086857,4,2,127.53528093636316,2026-03-29 20:37:40,2020-01-02,10,0,medium,0.014911110316465664,0
TXN_000155,2020-01-01 06:36:16,746.5124840576597,0,ACC_605168,2148,15000,5131.419738645114,71,City_FL_7,FL,21826,MER_21066,Amazon,online_retail,City_TN_1,TN,US,in-store,chip,0,5.872437603135892,2,0,77.85544069626758,2026-03-29 20:37:40,2020-01-01,6,0,high,0.3420946492430076,0
TXN_000156,2020-01-02 20:45:52,524.3983050130116,0,ACC_172684,175,50000,4266.551147716225,46,City_NC_2,NC,93008,MER_25554,Rite Aid,pharmacy,City_WA_4,WA,US,online,online,0,28.499716494112405,4,0,273.904361349526,2026-03-29 20:37:40,2020-01-02,20,0,medium,0.08533102295432451,0
TXN_000157,2020-01-02 11:39:36,1453.1131400108195,0,ACC_550134,4595,2000,487.9770716778519,50,City_PA_9,PA,44129,MER_17008,Best Western,hotel,City_FL_2,FL,US,online,online,0,11.331071761080937,4,0,231.69840184499836,2026-03-29 20:37:40,2020-01-02,11,0,outlier,0.24398853583892594,0
TXN_000158,2020-01-02 14:17:28,379.0843451561188,0,ACC_881453,3607,50000,4394.539506196987,53,City_CA_9,CA,80009,MER_97851,Steam,entertainment,City_WA_2,WA,US,online,online,0,3.975772822520312,5,0,197.59137562287043,2026-03-29 20:37:40,2020-01-02,14,0,medium,0.08789079012393973,0
TXN_000159,2020-01-02 01:46:27,332.5560874310001,0,ACC_839644,222,5000,479.4727213928945,36,City_MI_5,MI,33490,MER_90799,Hyatt,hotel,City_GA_5,GA,US,in-store,chip,0,10.754259608757756,4,1,79.556036930933,2026-03-29 20:37:40,2020-01-02,1,0,medium,0.09589454427857891,0
TXN_000160,2020-01-02 11:32:28,830.8678568828693,0,ACC_965990,3918,1000,189.0607296944289,42,City_AZ_3,AZ,51435,MER_26238,Expedia,travel,City_WA_4,WA,US,online,online,0,6.352260535286735,3,0,102.25100554285748,2026-03-29 20:37:40,2020-01-02,11,0,high,0.1890607296944289,0
TXN_000161,2020-01-01 15:16:56,542.8198695612807,0,ACC_316621,81,15000,14247.851733931202,69,City_MO_3,MO,85017,MER_92025,Amazon,online_retail,City_MA_1,MA,US,in-store,chip,0,39.71381365523241,2,1,460.58334948511686,2026-03-29 20:37:40,2020-01-01,15,0,medium,0.9498567822620801,0
TXN_000162,2020-01-02 15:02:26,300.14466398189296,0,ACC_335295,2440,25000,51.87339285965834,70,City_PA_3,PA,18520,MER_27153,Ticketmaster,entertainment,City_CO_9,CO,US,online,online,0,102.41000739229176,3,0,78.8254005323814,2026-03-29 20:37:40,2020-01-02,15,0,medium,0.0020749357143863335,0
TXN_000163,2020-01-01 06:05:59,716.6435648896954,0,ACC_967854,1850,15000,9101.085064715777,63,City_MO_6,MO,93106,MER_69353,Whole Foods Market,grocery,City_CO_4,CO,US,in-store,chip,0,0.6455480944446641,2,1,97.97914836143492,2026-03-29 20:37:40,2020-01-01,6,0,high,0.6067390043143851,0
TXN_000164,2020-01-02 13:56:42,200.3225085103281,0,ACC_875723,2994,2000,268.3630262504589,38,City_CO_4,CO,71877,MER_62092,CVS Health,healthcare,City_WA_5,WA,US,in-store,chip,0,29.281198567360807,3,0,115.8149298254163,2026-03-29 20:37:40,2020-01-02,13,0,low,0.13418151312522947,0
TXN_000165,2020-01-02 09:05:01,325.4056031225237,0,ACC_881712,2551,5000,4372.983649376185,27,City_TN_8,TN,29798,MER_53152,Hyatt,hotel,City_IL_7,IL,FR,in-store,contactless,1,7.661696765547658,2,0,274.31806269124377,2026-03-29 20:37:40,2020-01-02,9,0,medium,0.874596729875237,1
TXN_000166,2020-01-01 01:02:28,482.0369210848393,0,ACC_893070,1899,50000,4447.562433347389,70,City_MA_5,MA,64638,MER_59104,Steam,entertainment,City_PA_2,PA,US,in-store,swipe,0,1.717911417396387,3,0,27.156865762614245,2026-03-29 20:37:40,2020-01-01,1,0,medium,0.08895124866694777,0
TXN_000167,2020-01-01 03:45:45,284.1487907600589,0,ACC_923851,2598,10000,9073.100277699246,46,City_TN_1,TN,79072,MER_34283,BP,gas_station,City_IL_8,IL,US,in-store,contactless,0,0.3613821405618712,2,0,370.2844501443325,2026-03-29 20:37:40,2020-01-01,3,0,medium,0.9073100277699246,0
TXN_000168,2020-01-02 11:27:39,276.1597614305919,0,ACC_657665,1897,25000,14509.5017027326,28,City_GA_9,GA,77309,MER_56429,Spotify,entertainment,City_WA_2,WA,US,online,online,0,53.21782607644565,3,0,11.253148843599314,2026-03-29 20:37:40,2020-01-02,11,0,medium,0.580380068109304,0
TXN_000169,2020-01-02 22:03:58,360.4043738119067,0,ACC_730532,2768,5000,6.023365348578668,26,City_WA_1,WA,39894,MER_87223,Quest Diagnostics,healthcare,City_IL_5,IL,US,online,online,0,10.908670768333236,4,0,358.5411964314747,2026-03-29 20:37:40,2020-01-02,22,0,medium,0.0012046730697157337,0
TXN_000170,2020-01-01 20:25:30,344.63133107179385,0,ACC_798476,3299,15000,12739.602570314486,50,City_NJ_6,NJ,72963,MER_98534,Delta Airlines,travel,City_WA_2,WA,US,online,online,0,130.275489513037,2,0,82.0594431704757,2026-03-29 20:37:40,2020-01-01,20,0,medium,0.8493068380209657,0
TXN_000171,2020-01-02 01:59:17,676.470571520262,0,ACC_837651,3229,10000,4956.262112985723,59,City_OH_1,OH,64567,MER_64957,Target.com,online_retail,City_CO_2,CO,US,in-store,chip,0,14.601811819890582,3,1,320.150448736644,2026-03-29 20:37:40,2020-01-02,1,0,high,0.4956262112985723,0
TXN_000172,2020-01-01 16:58:07,494.6704914048868,0,ACC_647670,2609,5000,1247.6812428198016,43,City_IN_3,IN,45326,MER_38887,Whole Foods Market,grocery,City_GA_4,GA,US,in-store,chip,0,5.193992047212963,0,2,112.41743901576896,2026-03-29 20:37:40,2020-01-01,16,0,medium,0.2495362485639603,0
TXN_000173,2020-01-01 19:07:20,1172.3551116369204,0,ACC_870663,4035,1000,728.9152186398485,52,City_MO_5,MO,65059,MER_56172,ExxonMobil,gas_station,City_NC_4,NC,US,atm,manual,0,37.53068799718272,2,0,143.2971048178651,2026-03-29 20:37:40,2020-01-01,19,0,high,0.7289152186398485,0
TXN_000174,2020-01-02 08:54:11,706.3612156268362,0,ACC_811423,4965,25000,22008.30690481316,42,City_MD_7,MD,15079,MER_14355,Spotify,entertainment,City_MD_8,MD,DE,online,online,1,65.25909946514214,4,0,283.1345414175996,2026-03-29 20:37:40,2020-01-02,8,0,high,0.8803322761925263,1
TXN_000175,2020-01-01 14:10:05,350.03066027423284,0,ACC_253466,270,2000,919.0125639789084,62,City_WA_8,WA,35838,MER_43701,Comcast,utilities,City_CO_6,CO,US,in-store,contactless,0,42.26905060306099,5,0,263.74743621011737,2026-03-29 20:37:40,2020-01-01,14,0,medium,0.4595062819894542,0
TXN_000176,2020-01-01 10:55:53,227.207539490617,0,ACC_954221,3470,5000,1498.8790036047767,63,City_MA_9,MA,97340,MER_51534,Starbucks,restaurant,City_MA_8,MA,US,in-store,contactless,0,34.18183372793123,3,0,288.56867669115496,2026-03-29 20:37:40,2020-01-01,10,0,medium,0.29977580072095533,0
TXN_000177,2020-01-01 14:38:53,143.24297962002507,0,ACC_334318,4661,5000,3747.489338690902,65,City_CA_6,CA,57109,MER_81442,Expedia,travel,City_MI_7,MI,US,online,online,0,10.187918826796755,4,0,398.35708066107645,2026-03-29 20:37:40,2020-01-01,14,0,low,0.7494978677381804,0
TXN_000178,2020-01-01 18:08:38,422.3077893581584,0,ACC_472778,1437,1000,647.6962228990318,29,City_TN_9,TN,95211,MER_71274,Hyatt,hotel,City_NJ_4,NJ,US,in-store,swipe,0,1.6665958208679277,2,0,128.97394328104974,2026-03-29 20:37:40,2020-01-01,18,0,medium,0.6476962228990318,0
TXN_000179,2020-01-02 18:58:56,195.78085759870044,0,ACC_231936,3532,15000,12664.722893441382,51,City_IL_8,IL,35594,MER_88108,Hyatt,hotel,City_IL_2,IL,US,in-store,chip,0,5.61922643584619,4,0,133.71678428626254,2026-03-29 20:37:40,2020-01-02,18,0,low,0.8443148595627588,0
TXN_000180,2020-01-01 18:39:32,322.7017861803127,0,ACC_986004,4068,50000,32894.41560615666,27,City_NY_9,NY,52749,MER_22279,Walgreens,healthcare,City_NC_9,NC,US,online,online,0,14.801355390057685,2,0,308.0148168463598,2026-03-29 20:37:40,2020-01-01,18,0,medium,0.6578883121231333,0
TXN_000181,2020-01-02 01:54:24,498.5063130800244,0,ACC_747952,112,50000,11567.596097727974,29,City_MI_4,MI,46292,MER_53491,Delta Airlines,travel,City_NJ_2,NJ,US,online,online,0,78.20296234741171,2,0,33.447272320789025,2026-03-29 20:37:40,2020-01-02,1,0,medium,0.23135192195455948,0
TXN_000182,2020-01-01 07:25:36,212.0795029040527,0,ACC_776315,3798,25000,22126.9071817767,33,City_MD_9,MD,84534,MER_86147,Unknown Merchant,gas_station,City_MD_1,MD,US,online,online,0,32.08028710360456,2,0,159.770913318791,2026-03-29 20:37:40,2020-01-01,7,0,medium,0.885076287271068,0
TXN_000183,2020-01-02 07:20:59,527.0027223217314,0,ACC_472818,980,25000,2489.848996142294,23,City_IL_7,IL,89233,MER_18261,Duane Reade,pharmacy,City_TX_8,TX,GB,in-store,contactless,1,44.04769422794471,2,0,263.4900529534732,2026-03-29 20:37:40,2020-01-02,7,0,medium,0.09959395984569175,1
TXN_000184,2020-01-02 07:09:41,923.8645428848906,0,ACC_203533,640,2000,509.091225203011,55,City_OH_5,OH,61818,MER_14474,Kroger,grocery,City_PA_9,PA,US,in-store,swipe,0,8.11881589695664,3,1,83.73997195471242,2026-03-29 20:37:40,2020-01-02,7,0,high,0.2545456126015055,0
TXN_000185,2020-01-02 12:38:46,430.0037338110873,0,ACC_968277,4699,5000,2470.9243866884563,53,City_AZ_5,AZ,23429,MER_38390,Valero,gas_station,City_CA_1,CA,US,online,online,0,28.786329561370746,2,0,375.5288780707699,2026-03-29 20:37:40,2020-01-02,12,0,medium,0.49418487733769123,0
TXN_000186,2020-01-02 01:01:24,273.25329598598336,0,ACC_347997,3635,10000,5374.549247673564,41,City_NY_1,NY,67748,MER_36925,Kroger,grocery,City_NY_7,NY,US,online,online,0,49.59203991732979,3,0,367.8737343794333,2026-03-29 20:37:40,2020-01-02,1,0,medium,0.5374549247673565,0
TXN_000187,2020-01-02 23:08:15,202.11832359084372,0,ACC_169590,4584,5000,72.7252864778008,51,City_WA_2,WA,58807,MER_92174,Amazon,online_retail,City_NY_2,NY,US,in-store,chip,0,16.319885129420623,0,0,72.00139661202884,2026-03-29 20:37:40,2020-01-02,23,0,low,0.014545057295560158,0
TXN_000188,2020-01-01 02:03:12,279.42021328058183,0,ACC_489919,3313,50000,37077.20447649465,72,City_WA_3,WA,17140,MER_69051,eBay,online_retail,City_AZ_6,AZ,US,in-store,chip,0,14.04823043136222,6,0,55.526732513846966,2026-03-29 20:37:40,2020-01-01,2,0,medium,0.7415440895298929,0
TXN_000189,2020-01-01 15:28:00,384.7578378010465,0,ACC_428615,2203,2000,687.05390500824,54,City_MI_8,MI,73226,MER_99007,Hertz,travel,City_CO_5,CO,US,in-store,chip,0,31.77102990936599,6,1,39.72532721063154,2026-03-29 20:37:40,2020-01-01,15,0,medium,0.34352695250412,0
TXN_000190,2020-01-01 14:07:39,743.0728194358521,0,ACC_603692,3514,5000,1930.4880697601543,52,City_TX_6,TX,24901,MER_14787,Airbnb,travel,City_IL_1,IL,US,in-store,contactless,0,20.51949647824709,0,1,312.0909434243191,2026-03-29 20:37:40,2020-01-01,14,0,high,0.38609761395203085,0
TXN_000191,2020-01-02 10:54:17,275.9557142321091,0,ACC_581530,1552,1000,768.9010672150985,55,City_PA_5,PA,98815,MER_83398,Best Western,hotel,City_IN_2,IN,US,online,online,0,124.66473028852472,4,0,231.9980371312544,2026-03-29 20:37:40,2020-01-02,10,0,medium,0.7689010672150984,0
TXN_000192,2020-01-02 19:43:01,574.4504190620722,0,ACC_615795,2631,50000,18015.961107058363,35,City_GA_1,GA,38525,MER_68177,Starbucks,restaurant,City_MA_2,MA,US,atm,manual,0,13.839100951107206,3,1,388.1386874134666,2026-03-29 20:37:40,2020-01-02,19,0,medium,0.36031922214116724,0
TXN_000193,2020-01-01 19:34:27,540.3877474795838,1,ACC_405442,2687,5000,224.3181633500854,52,City_FL_9,FL,30491,MER_53724,UnitedHealth,healthcare,City_PA_6,PA,US,in-store,chip,0,4.83789783110184,5,0,343.6150744615187,2026-03-29 20:37:40,2020-01-01,19,0,medium,0.04486363267001708,0
TXN_000194,2020-01-02 03:21:46,567.6033410251961,0,ACC_556324,2189,5000,838.088909734164,26,City_VA_3,VA,78816,MER_20663,Starbucks,restaurant,City_AZ_1,AZ,US,in-store,chip,0,15.96339991884938,1,1,755.3446575262519,2026-03-29 20:37:40,2020-01-02,3,0,medium,0.1676177819468328,0
TXN_000195,2020-01-02 06:29:11,654.5389373670569,0,ACC_344936,2479,50000,45405.400688438654,65,City_MA_3,MA,44980,MER_26120,Chevron,gas_station,City_AZ_4,AZ,US,online,online,0,6.7036861474557,1,0,190.8085657911446,2026-03-29 20:37:40,2020-01-02,6,0,high,0.908108013768773,0
TXN_000196,2020-01-02 09:01:46,1174.4549572893657,0,ACC_673212,3860,10000,0.0,41,City_GA_2,GA,18078,MER_32740,Holiday Inn,hotel,City_IN_5,IN,US,in-store,swipe,0,20.595855315087867,4,0,130.91281105499223,2026-03-29 20:37:40,2020-01-02,9,0,high,,0
TXN_000197,2020-01-02 15:56:00,176.46898919804534,0,ACC_509925,151,50000,16859.23204598077,53,City_OH_4,OH,99521,MER_12035,Whole Foods Market,grocery,City_GA_2,GA,US,atm,manual,0,3.361066404989836,6,0,416.0686524451421,2026-03-29 20:37:40,2020-01-02,15,0,low,0.3371846409196154,0
TXN_000198,2020-01-01 07:02:22,721.3531244907409,0,ACC_109726,4398,1000,478.0202086987773,52,City_AZ_2,AZ,58704,MER_67443,Duane Reade,pharmacy,City_GA_2,GA,FR,online,online,1,74.881446427275,2,0,132.97297246467173,2026-03-29 20:37:40,2020-01-01,7,0,high,0.4780202086987773,1
TXN_000199,2020-01-02 22:43:49,228.7186367846,0,ACC_291896,1347,1000,468.61678597163205,72,City_MD_9,MD,26997,MER_77388,Spotify,entertainment,City_MD_7,MD,US,online,online,0,49.121213103045335,3,0,330.4376829832894,2026-03-29 20:37:40,2020-01-02,22,0,medium,0.46861678597163203,0
TXN_000200,2020-01-02 05:31:48,305.0018463751944,0,ACC_140542,4523,5000,18.809729307678072,39,City_AZ_7,AZ,89810,MER_62335,Pacific Gas and Electric,utilities,City_NC_7,NC,US,in-store,contactless,0,4.2271996145719655,1,0,76.30881954470885,2026-03-29 20:37:40,2020-01-02,5,0,medium,0.0037619458615356146,0
TXN_000201,2020-01-02 05:28:01,106.54168514906836,0,ACC_513461,2548,25000,11902.614872115397,53,City_WA_8,WA,10868,MER_53315,Best Buy Online,online_retail,City_NJ_6,NJ,US,in-store,swipe,0,4.730419540228557,4,0,92.41196183091046,2026-03-29 20:37:40,2020-01-02,5,0,low,0.4761045948846159,0
TXN_000202,2020-01-02 00:44:05,356.8322502492492,0,ACC_134753,1260,10000,3645.8383507853873,48,City_CA_3,CA,36398,MER_74165,Starbucks,restaurant,City_WA_1,WA,GB,in-store,contactless,1,17.95848001334653,3,0,104.16811871787353,2026-03-29 20:37:40,2020-01-02,0,0,medium,0.36458383507853875,1
TXN_000203,2020-01-01 09:38:18,734.0883227523531,0,ACC_966220,1163,5000,4617.376843504147,51,City_MD_6,MD,91578,MER_56627,LabCorp,healthcare,City_WA_3,WA,US,in-store,chip,0,37.05707184809058,4,1,233.8587053299201,2026-03-29 20:37:40,2020-01-01,9,0,high,0.9234753687008294,0
TXN_000204,2020-01-02 06:34:38,467.9744697234742,0,ACC_383460,1331,50000,7560.056489706916,41,City_CA_6,CA,31246,MER_18303,Rite Aid,pharmacy,City_MD_9,MD,US,in-store,swipe,0,6.182042911574934,1,0,68.1816429174428,2026-03-29 20:37:40,2020-01-02,6,0,medium,0.15120112979413833,0
TXN_000205,2020-01-01 22:23:43,505.89008095302137,0,ACC_333979,4064,5000,1682.2324346076011,74,City_FL_1,FL,30561,MER_59334,Rite Aid,pharmacy,City_MD_1,MD,US,atm,manual,0,1.572742065310459,4,0,49.33598976011532,2026-03-29 20:37:40,2020-01-01,22,0,medium,0.33644648692152024,0
TXN_000206,2020-01-01 06:17:51,47.73048047515837,0,ACC_708986,1940,2000,797.0148216706575,54,City_MI_6,MI,26254,MER_65892,Amazon,online_retail,City_IL_2,IL,US,online,online,0,19.71581960579726,3,0,179.71388656384565,2026-03-29 20:37:40,2020-01-01,6,0,low,0.39850741083532876,0
TXN_000207,2020-01-02 19:24:16,207.38346130799624,0,ACC_378104,1535,2000,742.3177204918027,35,City_NY_3,NY,44512,MER_71196,Comcast,utilities,City_TN_8,TN,US,online,online,0,29.408706992271576,4,0,275.6038100042632,2026-03-29 20:37:40,2020-01-02,19,0,medium,0.37115886024590133,0
TXN_000208,2020-01-02 01:56:24,169.72566818927123,0,ACC_130791,3215,25000,15813.482156731734,34,City_CO_3,CO,99532,MER_75700,Airbnb,travel,City_NC_7,NC,US,in-store,contactless,0,7.004936844877695,2,1,81.33378605914437,2026-03-29 20:37:40,2020-01-02,1,0,low,0.6325392862692694,0
TXN_000209,2020-01-01 23:56:42,527.4579587093015,0,ACC_387360,1946,10000,2047.372146703804,39,City_NC_3,NC,87395,MER_49726,Rite Aid,pharmacy,City_CO_9,CO,US,online,online,0,33.654523063214,2,0,562.3502332635964,2026-03-29 20:37:40,2020-01-01,23,0,medium,0.2047372146703804,0
TXN_000210,2020-01-01 14:21:03,114.16571184407027,1,ACC_426571,4945,15000,3150.269627599383,63,City_NY_8,NY,67865,MER_85751,BP,gas_station,City_NY_4,NY,US,online,online,0,75.21728956816017,1,0,152.59580951213752,2026-03-29 20:37:40,2020-01-01,14,0,low,0.2100179751732922,0
TXN_000211,2020-01-01 04:21:48,1530.3851485924845,0,ACC_998902,3578,2000,1385.5008021516207,35,City_PA_5,PA,33580,MER_59606,Valero,gas_station,City_MD_4,MD,US,in-store,contactless,0,3.685671299332841,1,0,246.7778231951594,2026-03-29 20:37:40,2020-01-01,4,0,outlier,0.6927504010758103,0
TXN_000212,2020-01-02 01:31:46,294.02385053945875,0,ACC_697578,2787,15000,7129.139891164059,26,City_PA_4,PA,80959,MER_40694,United Airlines,travel,City_IL_7,IL,US,online,online,0,17.886305738321973,2,0,177.65407464202335,2026-03-29 20:37:40,2020-01-02,1,0,medium,0.4752759927442706,0
TXN_000213,2020-01-01 13:50:11,111.2309586445672,0,ACC_671302,1986,1000,394.39789225444486,72,City_VA_9,VA,82144,MER_41253,Trader Joes,grocery,City_GA_1,GA,US,in-store,chip,0,1.463035193044847,2,0,138.62056986788974,2026-03-29 20:37:40,2020-01-01,13,0,low,0.3943978922544449,0
TXN_000214,2020-01-02 13:11:23,192.09978110562892,0,ACC_235150,208,2000,321.4857981867784,29,City_CA_9,CA,52485,MER_34230,Holiday Inn,hotel,City_AZ_9,AZ,US,in-store,chip,0,5.787616681684397,2,0,383.72430957643786,2026-03-29 20:37:40,2020-01-02,13,0,low,0.1607428990933892,0
TXN_000215,2020-01-01 15:37:30,638.6062224630546,0,ACC_150519,926,2000,356.30172353311656,57,City_TN_1,TN,60621,MER_63974,Hertz,travel,City_NY_2,NY,US,in-store,swipe,0,2.352804662303424,5,0,315.4075107829527,2026-03-29 20:37:40,2020-01-01,15,0,high,0.17815086176655828,0
TXN_000216,2020-01-02 07:15:47,293.31904519938576,1,ACC_890474,1581,10000,100.24054975105516,40,City_IL_2,IL,60665,MER_73545,Duke Energy,utilities,City_WA_1,WA,US,online,online,0,12.938143113230188,2,0,732.7381008217163,2026-03-29 20:37:40,2020-01-02,7,0,medium,0.010024054975105515,0
TXN_000217,2020-01-02 10:30:49,93.1071527556044,0,ACC_673340,521,25000,2171.3738854655944,54,City_NC_8,NC,80412,MER_26925,Chevron,gas_station,City_NJ_7,NJ,US,online,online,0,42.98575489559232,4,0,230.17599894655336,2026-03-29 20:37:40,2020-01-02,10,0,low,0.08685495541862377,0
TXN_000218,2020-01-01 09:39:14,84.05587175310035,0,ACC_114389,90,15000,7934.951399335934,58,City_MI_5,MI,60603,MER_16033,Duane Reade,pharmacy,City_GA_6,GA,US,in-store,swipe,0,21.517288529186985,4,0,124.966490233609,2026-03-29 20:37:40,2020-01-01,9,0,low,0.5289967599557289,0
TXN_000219,2020-01-02 15:34:43,515.6181801040793,0,ACC_458105,1107,50000,42363.973675399466,46,City_WA_7,WA,31038,MER_72461,Chevron,gas_station,City_MD_3,MD,US,in-store,contactless,0,6.294518905189273,1,1,69.5817019217734,2026-03-29 20:37:40,2020-01-02,15,0,medium,0.8472794735079893,0
TXN_000220,2020-01-02 13:13:03,461.8284670180258,0,ACC_692399,2925,2000,545.6130537480591,38,City_MA_1,MA,24325,MER_12665,Spotify,entertainment,City_MI_1,MI,US,in-store,swipe,0,1.0234314638569224,3,1,308.1288930574657,2026-03-29 20:37:40,2020-01-02,13,0,medium,0.27280652687402956,0
TXN_000221,2020-01-02 14:49:12,136.72432895619158,0,ACC_991490,4190,2000,622.7197292026434,48,City_VA_5,VA,45892,MER_37025,Hyatt,hotel,City_MO_5,MO,DE,in-store,chip,1,20.15219746445793,2,0,129.48508752102197,2026-03-29 20:37:40,2020-01-02,14,0,low,0.3113598646013217,1
TXN_000222,2020-01-01 23:34:56,415.88739228566334,0,ACC_980147,3713,10000,1098.2533008093658,71,City_IL_3,IL,11753,MER_33533,Walgreens,healthcare,City_MO_4,MO,US,in-store,swipe,0,3.562046505988788,6,0,223.69199338998249,2026-03-29 20:37:40,2020-01-01,23,0,medium,0.10982533008093658,0
TXN_000223,2020-01-01 19:48:15,322.8947602688481,0,ACC_937165,615,10000,3691.993983267476,29,City_IL_2,IL,27996,MER_55897,Ticketmaster,entertainment,City_OH_5,OH,US,in-store,swipe,0,10.491662836104322,2,0,105.10281226570824,2026-03-29 20:37:40,2020-01-01,19,0,medium,0.3691993983267476,0
TXN_000224,2020-01-02 03:58:09,145.2087728698774,0,ACC_921186,3990,25000,884.0154835215676,52,City_MO_2,MO,78811,MER_87661,Publix,grocery,City_TN_1,TN,US,in-store,contactless,0,17.843558250065282,3,0,233.2653497695449,2026-03-29 20:37:40,2020-01-02,3,0,low,0.0353606193408627,0
TXN_000225,2020-01-01 03:05:11,950.3476920956792,0,ACC_972318,3800,15000,13075.809921732076,73,City_VA_9,VA,84283,MER_30998,Amazon,online_retail,City_PA_1,PA,US,online,online,0,58.515621871441326,2,0,351.9530427174178,2026-03-29 20:37:40,2020-01-01,3,0,high,0.8717206614488051,0
TXN_000227,2020-01-02 12:54:34,563.9961659170405,0,ACC_713812,3492,50000,47060.568446177895,34,City_OH_4,OH,72820,MER_33057,Whole Foods Market,grocery,City_TN_6,TN,US,online,online,0,27.611302098218022,3,0,83.60211911325445,2026-03-29 20:37:40,2020-01-02,12,0,medium,0.941211368923558,0
TXN_000228,2020-01-01 02:15:55,639.6520767182272,0,ACC_443150,4041,25000,20967.050113614223,48,City_IN_7,IN,10824,MER_89244,Whole Foods Market,grocery,City_CA_5,CA,US,in-store,contactless,0,0.3545341859489349,1,0,184.58154536980248,2026-03-29 20:37:40,2020-01-01,2,0,high,0.8386820045445689,0
TXN_000229,2020-01-01 10:56:24,602.963371039643,0,ACC_911136,3428,1000,449.34106401324505,44,City_MD_2,MD,23880,MER_93608,LabCorp,healthcare,City_MD_2,MD,US,in-store,chip,0,24.850128702471043,5,0,51.31659033286624,2026-03-29 20:37:40,2020-01-01,10,0,high,0.44934106401324503,0
TXN_000230,2020-01-02 07:16:01,256.61974158689503,0,ACC_597488,2185,5000,2468.50389796429,33,City_MO_3,MO,76617,MER_80631,Best Buy Online,online_retail,City_NY_9,NY,US,in-store,chip,0,20.047976002155384,5,2,393.4261122434156,2026-03-29 20:37:40,2020-01-02,7,0,medium,0.493700779592858,0
TXN_000231,2020-01-01 13:07:34,345.7762097257271,0,ACC_194913,1034,2000,362.09448838266826,63,City_CA_3,CA,21517,MER_77173,McDonalds,restaurant,City_PA_5,PA,US,in-store,contactless,0,41.76510250248337,1,0,437.9547807893061,2026-03-29 20:37:40,2020-01-01,13,0,medium,0.18104724419133414,0
TXN_000232,2020-01-01 06:05:18,741.763578559497,0,ACC_718396,2529,15000,6584.060635463667,32,City_IL_6,IL,31683,MER_90206,Delta Airlines,travel,City_FL_5,FL,US,in-store,swipe,0,18.964150779618187,0,1,220.72518003047023,2026-03-29 20:37:40,2020-01-01,6,0,high,0.4389373756975778,0
TXN_000233,2020-01-01 23:53:01,190.1868368120879,0,ACC_879091,356,25000,21446.91199545428,71,City_TX_3,TX,26876,MER_48734,CVS Pharmacy,pharmacy,City_FL_9,FL,US,online,online,0,10.870414460533524,3,0,113.20168114125948,2026-03-29 20:37:40,2020-01-01,23,0,low,0.8578764798181712,0
TXN_000234,2020-01-01 08:25:06,22201.648503255637,0,ACC_369637,4733,2000,96.62150490806012,39,City_CA_5,CA,66354,MER_72072,Pacific Gas and Electric,utilities,City_FL_3,FL,US,online,online,0,6.951574493087254,4,1,73.80120769036846,2026-03-29 20:37:40,2020-01-01,8,0,outlier,0.04831075245403006,0
TXN_000235,2020-01-02 17:01:58,357.5442737187429,0,ACC_169639,2736,15000,12305.684442725911,41,City_OH_4,OH,83802,MER_74175,Pacific Gas and Electric,utilities,City_MI_5,MI,US,in-store,contactless,0,2.2276048200087413,5,0,179.90922508902204,2026-03-29 20:37:40,2020-01-02,17,0,medium,0.8203789628483941,0
TXN_000236,2020-01-01 13:00:43,121.37801416434463,0,ACC_331452,31,15000,4858.506173407188,47,City_NJ_3,NJ,86719,MER_73783,AT&T,utilities,City_NC_5,NC,US,in-store,swipe,0,19.12213154024737,2,2,86.76685329752617,2026-03-29 20:37:40,2020-01-01,13,0,low,0.32390041156047916,0
TXN_000237,2020-01-02 09:36:15,631.4952685323867,0,ACC_416527,1063,15000,12818.056902622417,39,City_NJ_8,NJ,96602,MER_80739,Subway,restaurant,City_GA_2,GA,MX,atm,manual,1,54.8033722906568,3,0,313.5319115190656,2026-03-29 20:37:40,2020-01-02,9,0,high,0.8545371268414944,1
TXN_000238,2020-01-02 02:50:01,497.314451712594,0,ACC_758354,2511,2000,1787.6718220488208,44,City_MO_3,MO,88413,MER_97054,United Airlines,travel,City_MD_4,MD,US,in-store,contactless,0,18.07699275443967,1,3,319.82920496976243,2026-03-29 20:37:40,2020-01-02,2,0,medium,0.8938359110244104,1
TXN_000239,2020-01-02 05:51:52,390.7112459067055,0,ACC_824640,154,25000,15933.041066295264,46,City_IN_6,IN,19982,MER_61042,Verizon,utilities,City_IN_2,IN,US,online,online,0,33.590725981022814,5,1,146.21584262555672,2026-03-29 20:37:40,2020-01-02,5,0,medium,0.6373216426518106,0
TXN_000240,2020-01-02 16:57:23,616.2003483700829,0,ACC_409378,1134,50000,31560.1298631522,65,City_TX_7,TX,84504,MER_62357,United Airlines,travel,City_IN_5,IN,US,atm,manual,0,8.861040926992695,1,0,102.16479585365543,2026-03-29 20:37:40,2020-01-02,16,0,high,0.6312025972630441,0
TXN_000241,2020-01-02 06:57:52,438.89185533675067,0,ACC_752962,2729,10000,4301.16620823303,48,City_OH_7,OH,36598,MER_18669,Duane Reade,pharmacy,City_CA_2,CA,US,atm,manual,0,14.861108144997742,1,0,244.9850225565045,2026-03-29 20:37:40,2020-01-02,6,0,medium,0.43011662082330304,0
TXN_000242,2020-01-02 12:58:41,290.882300692639,0,ACC_586084,1891,2000,1587.526426633044,66,City_OH_2,OH,24639,MER_77902,AT&T,utilities,City_CO_9,CO,GB,in-store,contactless,1,9.81137285192637,4,1,369.9657638309636,2026-03-29 20:37:40,2020-01-02,12,0,medium,0.793763213316522,1
TXN_000243,2020-01-02 21:11:28,485.78834365374905,0,ACC_629882,2950,15000,0.0,38,City_MI_3,MI,80210,MER_28910,Best Buy Online,online_retail,City_AZ_6,AZ,GB,in-store,swipe,1,2.892739051588216,4,1,281.40946403855634,2026-03-29 20:37:40,2020-01-02,21,0,medium,,1
TXN_000244,2020-01-02 04:48:47,797.9489087696677,0,ACC_861195,158,25000,18408.192758054083,64,City_NY_4,NY,79852,MER_66959,Kroger,grocery,City_CO_8,CO,US,in-store,swipe,0,13.488713610598031,1,0,323.09244716624823,2026-03-29 20:37:40,2020-01-02,4,0,high,0.7363277103221634,0
TXN_000246,2020-01-01 05:48:52,736.856387041402,0,ACC_671603,4876,5000,2882.266255151349,62,City_NY_2,NY,58582,MER_58415,Delta Airlines,travel,City_NY_8,NY,US,online,online,0,12.562137468453908,3,1,264.6601633173154,2026-03-29 20:37:40,2020-01-01,5,0,high,0.5764532510302698,0
TXN_000247,2020-01-02 08:43:16,985.474846775666,0,ACC_838924,2578,1000,806.9964065044791,49,City_NJ_3,NJ,41094,MER_19907,Trader Joes,grocery,City_GA_5,GA,US,online,online,0,26.258357978217965,10,0,379.2043375081767,2026-03-29 20:37:40,2020-01-02,8,0,high,0.806996406504479,0
TXN_000248,2020-01-01 08:17:35,228.0507870183013,0,ACC_751539,3159,15000,7712.153662241001,37,City_VA_7,VA,70635,MER_42780,UnitedHealth,healthcare,City_MI_5,MI,US,online,online,0,35.534102877217435,2,0,128.13536376484794,2026-03-29 20:37:40,2020-01-01,8,0,medium,0.5141435774827334,0
TXN_000249,2020-01-01 02:03:20,1395.1395405104374,0,ACC_332520,1251,5000,3818.334459681907,24,City_FL_7,FL,32187,MER_67879,Pacific Gas and Electric,utilities,City_IN_6,IN,US,online,online,0,9.742361547188349,2,1,63.20766792608347,2026-03-29 20:37:40,2020-01-01,2,0,outlier,0.7636668919363814,0
TXN_000251,2020-01-01 04:12:31,20272.119081810102,1,ACC_343459,3198,50000,2966.1030612613963,65,City_CO_1,CO,33940,MER_45085,AMC Theatres,entertainment,City_CA_8,CA,US,online,online,0,10.347226641776851,3,1,598.5808441113372,2026-03-29 20:37:40,2020-01-01,4,0,outlier,0.05932206122522793,0
TXN_000252,2020-01-01 18:31:30,439.9135433244049,0,ACC_771986,4516,50000,18237.482922947373,49,City_MO_3,MO,54406,MER_75499,Whole Foods Market,grocery,City_CO_2,CO,US,online,online,0,7.396453824294451,2,0,562.2946175547991,2026-03-29 20:37:40,2020-01-01,18,0,medium,0.36474965845894747,0
TXN_000253,2020-01-01 01:14:59,96.46246713982876,0,ACC_972437,3948,15000,6333.283646818856,24,City_FL_5,FL,53481,MER_30426,Pacific Gas and Electric,utilities,City_OH_6,OH,US,in-store,swipe,0,6.290059992941743,1,0,145.8265166762789,2026-03-29 20:37:40,2020-01-01,1,0,low,0.42221890978792376,0
TXN_000254,2020-01-01 01:44:55,748.3981854369074,1,ACC_337330,1097,50000,6726.819136864317,30,City_PA_7,PA,25977,MER_58197,Best Buy Online,online_retail,City_NC_9,NC,US,in-store,contactless,0,5.575593516196085,5,1,508.6055299390511,2026-03-29 20:37:40,2020-01-01,1,0,high,0.13453638273728635,0
TXN_000255,2020-01-02 09:34:45,290.0179247320907,0,ACC_205573,56,5000,486.8575636487608,45,City_MA_4,MA,54839,MER_17485,CVS Pharmacy,pharmacy,City_VA_3,VA,CA,online,online,1,33.40182794661919,2,0,272.0938305313573,2026-03-29 20:37:40,2020-01-02,9,0,medium,0.09737151272975215,1
TXN_000256,2020-01-02 11:01:11,173.15369600775915,0,ACC_237900,577,15000,7630.375532611596,51,City_CA_1,CA,67874,MER_59527,Safeway,grocery,City_NC_2,NC,US,in-store,swipe,0,54.62210953080289,5,0,230.32045559956995,2026-03-29 20:37:40,2020-01-02,11,0,low,0.5086917021741064,0
TXN_000257,2020-01-01 16:24:00,474.004747648792,0,ACC_419658,2698,2000,161.77290945655605,23,City_NY_6,NY,68414,MER_74600,Rite Aid,pharmacy,City_CO_5,CO,US,in-store,swipe,0,6.5551823307249135,1,1,426.6496779508317,2026-03-29 20:37:40,2020-01-01,16,0,medium,0.08088645472827803,0
TXN_000258,2020-01-01 03:23:03,236.2452867321905,0,ACC_600364,596,25000,7194.947737389494,67,City_IL_2,IL,35538,MER_91439,Best Western,hotel,City_NY_9,NY,US,online,online,0,2.227346718491847,4,0,101.11991992034146,2026-03-29 20:37:40,2020-01-01,3,0,medium,0.28779790949557976,0
TXN_000259,2020-01-02 20:32:51,719.0436260169076,0,ACC_605740,733,5000,3536.8356358246106,22,City_IN_3,IN,66241,MER_78748,Airbnb,travel,City_FL_6,FL,US,online,online,0,9.41345060563276,7,0,189.68889548662912,2026-03-29 20:37:40,2020-01-02,20,0,high,0.7073671271649221,0
TXN_000260,2020-01-02 15:59:06,267.3072485884727,0,ACC_335707,4310,25000,22905.26426473954,45,City_AZ_4,AZ,83501,MER_68528,LabCorp,healthcare,City_MI_8,MI,US,online,online,0,26.81244929565529,3,0,271.8340519351397,2026-03-29 20:37:40,2020-01-02,15,0,medium,0.9162105705895817,0
TXN_000261,2020-01-02 08:18:56,340.7716418899136,0,ACC_808024,3170,2000,1363.954103048664,69,City_NC_6,NC,85133,MER_37799,Spotify,entertainment,City_FL_8,FL,US,in-store,swipe,0,11.4922288591516,3,0,565.3433400117177,2026-03-29 20:37:40,2020-01-02,8,0,medium,0.681977051524332,0
TXN_000262,2020-01-01 09:05:11,930.4647860560518,0,ACC_604917,1620,2000,1885.9885420604533,26,City_NY_6,NY,70481,MER_56339,eBay,online_retail,City_NC_7,NC,US,online,online,0,19.916986390115504,1,1,857.7334374512731,2026-03-29 20:37:40,2020-01-01,9,0,high,0.9429942710302266,0
TXN_000263,2020-01-01 01:32:19,238.39547268823532,0,ACC_773243,4973,25000,16585.526817885813,46,City_WA_7,WA,37740,MER_26087,Walgreens,healthcare,City_CA_5,CA,US,in-store,chip,0,34.09424542000058,4,0,108.86480780055386,2026-03-29 20:37:40,2020-01-01,1,0,medium,0.6634210727154325,0
TXN_000264,2020-01-02 11:01:03,353.5094423631976,0,ACC_798419,4724,5000,1395.5237356080554,28,City_NY_5,NY,73328,MER_17446,AMC Theatres,entertainment,City_IL_2,IL,US,online,online,0,13.126432515662604,7,0,128.64370341742074,2026-03-29 20:37:40,2020-01-02,11,0,medium,0.2791047471216111,0
TXN_000265,2020-01-02 13:07:09,802.0945799439495,0,ACC_577294,835,25000,15961.247837002344,55,City_NJ_7,NJ,82105,MER_60460,LabCorp,healthcare,City_NC_5,NC,US,in-store,swipe,0,202.3661513202775,2,0,417.2385683231436,2026-03-29 20:37:40,2020-01-02,13,0,high,0.6384499134800937,0
TXN_000266,2020-01-01 10:39:20,460.1130567129491,0,ACC_798292,3821,25000,16676.223173426464,47,City_TX_2,TX,60643,MER_68260,Walgreens,healthcare,City_IL_7,IL,US,online,online,0,8.843739967537795,10,0,994.5629206779936,2026-03-29 20:37:40,2020-01-01,10,0,medium,0.6670489269370585,0
TXN_000267,2020-01-02 13:01:12,152.57226741500483,0,ACC_623116,1387,1000,353.14063538563755,45,City_MA_1,MA,21881,MER_24877,Chevron,gas_station,City_PA_7,PA,US,online,online,0,95.7016437086667,2,0,137.7175648519126,2026-03-29 20:37:40,2020-01-02,13,0,low,0.35314063538563756,0
TXN_000268,2020-01-01 05:55:57,90.7264233637145,0,ACC_554485,3255,5000,84.14079039459783,38,City_WA_8,WA,46996,MER_34723,Expedia,travel,City_MD_2,MD,US,in-store,swipe,0,5.673445550130994,5,2,138.0576794237795,2026-03-29 20:37:40,2020-01-01,5,0,low,0.016828158078919565,0
TXN_000269,2020-01-02 09:05:21,222.23824434459797,0,ACC_613066,3648,1000,668.0397955367125,74,City_MD_1,MD,42177,MER_22943,McDonalds,restaurant,City_GA_7,GA,US,atm,manual,0,2.9395316796334123,0,0,165.25266864018334,2026-03-29 20:37:40,2020-01-02,9,0,medium,0.6680397955367126,0
TXN_000270,2020-01-01 21:31:45,521.2995650330439,0,ACC_962418,2156,15000,309.22635767646807,21,City_TN_2,TN,47177,MER_20306,Steam,entertainment,City_MI_6,MI,US,online,online,0,34.74055983144978,6,0,130.05953180351202,2026-03-29 20:37:40,2020-01-01,21,0,medium,0.02061509051176454,0
TXN_000271,2020-01-01 00:47:49,971.868726787125,0,ACC_972391,2490,50000,29981.43370785338,68,City_MO_6,MO,76126,MER_46784,Walmart.com,online_retail,City_NJ_7,NJ,US,in-store,swipe,0,30.29253622528832,4,1,133.02969353521914,2026-03-29 20:37:40,2020-01-01,0,0,high,0.5996286741570676,0
TXN_000272,2020-01-01 13:55:08,783.098434910302,0,ACC_364179,575,25000,3885.891607635683,59,City_OH_1,OH,66531,MER_30455,Trader Joes,grocery,City_WA_8,WA,US,in-store,chip,0,41.6726170685428,3,0,218.6497220040288,2026-03-29 20:37:40,2020-01-01,13,0,high,0.15543566430542732,0
TXN_000273,2020-01-02 07:11:36,182.6526987034755,0,ACC_209767,2758,15000,8059.850270409617,23,City_WA_3,WA,36119,MER_81448,Quest Diagnostics,healthcare,City_CO_4,CO,US,in-store,chip,0,10.524258193849874,2,0,213.17729100519412,2026-03-29 20:37:40,2020-01-02,7,0,low,0.5373233513606411,0
TXN_000274,2020-01-02 02:09:39,297.98769740931715,0,ACC_533961,3764,5000,2393.58687055785,24,City_FL_7,FL,37915,MER_39974,UnitedHealth,healthcare,City_FL_1,FL,US,in-store,swipe,0,66.77162568218948,2,1,88.20544657978878,2026-03-29 20:37:40,2020-01-02,2,0,medium,0.47871737411157,0
TXN_000275,2020-01-02 01:04:32,945.8203829128144,0,ACC_641529,2592,25000,0.0,61,City_NC_8,NC,12708,MER_37371,Netflix,entertainment,City_NJ_8,NJ,US,online,online,0,3.181106478274496,3,0,372.0069464862829,2026-03-29 20:37:40,2020-01-02,1,0,high,,0
TXN_000277,2020-01-01 06:28:48,407.4933458330187,0,ACC_254226,2671,15000,8565.549135397314,71,City_NC_3,NC,54989,MER_43166,Olive Garden,restaurant,City_IL_3,IL,US,in-store,swipe,0,8.937020468214266,3,0,66.21533917907506,2026-03-29 20:37:40,2020-01-01,6,0,medium,0.5710366090264876,0
TXN_000278,2020-01-02 01:23:32,180.9430901795085,0,ACC_591818,3144,10000,8061.762243038407,35,City_OH_1,OH,32106,MER_35727,UnitedHealth,healthcare,City_MI_3,MI,US,in-store,swipe,0,39.90372301311507,1,1,230.43330456369927,2026-03-29 20:37:40,2020-01-02,1,0,low,0.8061762243038407,0
TXN_000279,2020-01-02 13:30:59,1002.1177094058652,0,ACC_156396,1956,2000,1688.4200162893828,28,City_MA_9,MA,27131,MER_73969,Comcast,utilities,City_OH_5,OH,US,in-store,swipe,0,27.94352508379441,2,0,355.714487917048,2026-03-29 20:37:40,2020-01-02,13,0,high,0.8442100081446914,0
TXN_000280,2020-01-01 16:21:11,908.8179887013684,0,ACC_592443,646,25000,11491.436788289053,58,City_GA_6,GA,56553,MER_38368,ExxonMobil,gas_station,City_NC_3,NC,US,in-store,chip,0,14.326781133428582,6,0,216.6243370411597,2026-03-29 20:37:40,2020-01-01,16,0,high,0.4596574715315621,0
TXN_000281,2020-01-02 18:37:51,458.1447317938351,0,ACC_218920,3674,50000,34600.068146723315,70,City_MD_6,MD,68144,MER_78531,Walgreens Pharmacy,pharmacy,City_NC_5,NC,US,in-store,swipe,0,7.401379538876494,5,0,178.32879399416086,2026-03-29 20:37:40,2020-01-02,18,0,medium,0.6920013629344663,0
TXN_000282,2020-01-02 11:39:51,261.8266278405184,0,ACC_506547,1233,2000,601.2636954135695,39,City_NJ_9,NJ,16553,MER_49097,Chevron,gas_station,City_MI_8,MI,US,in-store,chip,0,1.5275517929619369,2,0,204.942713917436,2026-03-29 20:37:40,2020-01-02,11,0,medium,0.30063184770678475,0
TXN_000283,2020-01-02 00:00:16,1133.469668057572,0,ACC_294999,1789,1000,325.07708547072457,67,City_IL_1,IL,27881,MER_44984,McDonalds,restaurant,City_MI_1,MI,US,in-store,contactless,0,10.29357853638206,3,0,344.4697422471268,2026-03-29 20:37:40,2020-01-02,0,0,high,0.32507708547072456,0
TXN_000284,2020-01-01 19:31:11,203.02821307537215,0,ACC_710514,2595,15000,2771.1051483479705,46,City_TX_6,TX,11379,MER_60859,Pacific Gas and Electric,utilities,City_TX_2,TX,US,online,online,0,15.405568676177698,2,0,425.9450529751814,2026-03-29 20:37:40,2020-01-01,19,0,low,0.18474034322319804,0
TXN_000285,2020-01-01 12:14:24,509.2891660642852,0,ACC_709007,3204,1000,533.8507044935773,59,City_MI_5,MI,79306,MER_54291,Shell,gas_station,City_FL_2,FL,US,online,online,0,29.04070628285509,2,0,113.3650234486496,2026-03-29 20:37:40,2020-01-01,12,0,medium,0.5338507044935773,0
TXN_000286,2020-01-02 05:50:50,363.958156789007,0,ACC_163014,3111,50000,14941.797169049849,30,City_TN_6,TN,29726,MER_75228,Duane Reade,pharmacy,City_GA_4,GA,US,in-store,chip,0,25.959478641779928,3,0,151.43549048144422,2026-03-29 20:37:40,2020-01-02,5,0,medium,0.298835943380997,0
TXN_000287,2020-01-02 23:44:50,843.399189210327,0,ACC_663634,2660,25000,2003.8087904144943,58,City_WA_8,WA,19088,MER_32150,Publix,grocery,City_AZ_9,AZ,US,online,online,0,73.59980586693254,3,0,242.018322366274,2026-03-29 20:37:40,2020-01-02,23,0,high,0.08015235161657977,0
TXN_000288,2020-01-01 05:30:30,66.88815753786321,0,ACC_694699,3191,2000,1301.5115646600395,34,City_GA_5,GA,44314,MER_32061,Expedia,travel,City_IN_2,IN,US,online,online,0,2.645013062634433,4,1,190.01487700958563,2026-03-29 20:37:40,2020-01-01,5,0,low,0.6507557823300197,0
TXN_000289,2020-01-02 17:15:01,551.3073340592462,0,ACC_285550,4351,2000,1344.7310944502565,69,City_NC_2,NC,65041,MER_39178,Safeway,grocery,City_WA_9,WA,US,online,online,0,10.249637349842107,5,0,310.0630241867054,2026-03-29 20:37:40,2020-01-02,17,0,medium,0.6723655472251282,0
TXN_000290,2020-01-02 14:19:25,651.8702920512744,0,ACC_767614,699,15000,5129.891967601574,61,City_NJ_2,NJ,26350,MER_66790,Airbnb,travel,City_MO_7,MO,US,in-store,contactless,0,16.42414636558847,1,0,69.5186432978303,2026-03-29 20:37:40,2020-01-02,14,0,high,0.34199279784010495,0
TXN_000291,2020-01-02 08:19:41,932.3964315301312,0,ACC_286806,3198,25000,1822.1807370805411,39,City_NJ_5,NJ,91397,MER_75696,Best Western,hotel,City_MO_8,MO,US,online,online,0,27.76933291725416,2,0,438.1492335202327,2026-03-29 20:37:40,2020-01-02,8,0,high,0.07288722948322164,0
TXN_000292,2020-01-01 13:08:53,256.9958025675749,0,ACC_521837,2151,10000,4049.828315332546,50,City_TN_3,TN,89509,MER_25648,Hyatt,hotel,City_WA_1,WA,US,online,online,0,17.102292211335197,2,1,220.20208560245555,2026-03-29 20:37:40,2020-01-01,13,0,medium,0.4049828315332546,0
TXN_000293,2020-01-02 13:21:48,229.91834063012223,0,ACC_438585,4108,10000,4202.186851477047,25,City_MI_3,MI,27769,MER_71779,Holiday Inn,hotel,City_GA_5,GA,US,in-store,chip,0,60.97680178276248,0,0,82.96232160237986,2026-03-29 20:37:40,2020-01-02,13,0,medium,0.42021868514770466,0
TXN_000294,2020-01-01 21:10:13,196.80510717728976,0,ACC_146121,4181,15000,9528.560109794977,51,City_VA_8,VA,57249,MER_46672,Chevron,gas_station,City_VA_9,VA,US,in-store,chip,0,23.455251978042742,3,0,340.0635215801645,2026-03-29 20:37:40,2020-01-01,21,0,low,0.6352373406529984,0
TXN_000295,2020-01-02 14:02:47,213.06670449430328,0,ACC_836778,749,25000,7491.139292393732,27,City_PA_7,PA,92862,MER_79109,Marriott,hotel,City_CA_4,CA,US,online,online,0,1.0118380917905927,5,0,134.75069733102163,2026-03-29 20:37:40,2020-01-02,14,0,medium,0.2996455716957493,0
TXN_000296,2020-01-02 17:53:30,1001.5748796136908,0,ACC_422341,2630,15000,9727.039736883602,39,City_VA_1,VA,56365,MER_70521,Expedia,travel,City_CO_2,CO,US,online,online,0,3.0162526744912537,7,0,224.4107486119816,2026-03-29 20:37:40,2020-01-02,17,0,high,0.6484693157922401,0
TXN_000297,2020-01-01 08:32:26,574.9912561946159,0,ACC_184577,3628,25000,20697.85286673797,51,City_MI_5,MI,60185,MER_44593,Unknown Merchant,grocery,City_MO_6,MO,US,online,online,0,35.00938198743596,1,0,169.219227813008,2026-03-29 20:37:40,2020-01-01,8,0,high,0.8279141146695187,0
TXN_000298,2020-01-01 13:42:57,72.44044878458438,0,ACC_456778,4699,50000,11280.587012204493,72,City_MO_9,MO,12786,MER_23786,Spotify,entertainment,City_NY_2,NY,CA,online,online,1,31.45084430048483,3,0,343.9484115922571,2026-03-29 20:37:40,2020-01-01,13,0,low,0.22561174024408986,1
TXN_000299,2020-01-01 15:00:45,480.9462966017255,0,ACC_349106,696,50000,46498.67891569524,59,City_MO_4,MO,11620,MER_19815,Quest Diagnostics,healthcare,City_VA_3,VA,US,online,online,0,4.1660383891815815,3,1,132.8080287909746,2026-03-29 20:37:40,2020-01-01,15,0,medium,0.9299735783139049,0
TXN_000300,2020-01-02 03:11:28,126.95910419579832,0,ACC_535647,313,1000,367.0497302799666,44,City_FL_1,FL,46303,MER_31966,Expedia,travel,City_MD_8,MD,US,in-store,chip,0,1.5178769572442117,4,0,94.97592677692326,2026-03-29 20:37:40,2020-01-02,3,0,low,0.36704973027996657,0
TXN_000301,2020-01-02 23:27:42,357.6038087674307,0,ACC_592461,3933,15000,3808.43626334563,54,City_NC_8,NC,29589,MER_23794,Trader Joes,grocery,City_WA_3,WA,US,in-store,swipe,0,21.61131231664241,4,1,239.4644005195825,2026-03-29 20:37:40,2020-01-02,23,0,medium,0.25389575088970867,0
TXN_000303,2020-01-02 13:57:52,365.4490443071962,0,ACC_760197,2264,10000,896.776021086662,68,City_MO_2,MO,72248,MER_31302,Walgreens,healthcare,City_MA_6,MA,US,in-store,chip,0,3.6343058452536168,3,0,59.70200604914055,2026-03-29 20:37:40,2020-01-02,13,0,medium,0.0896776021086662,0
TXN_000304,2020-01-02 01:52:59,179.71330348760222,0,ACC_605200,4623,25000,2985.5152796627467,65,City_GA_1,GA,59322,MER_71064,AT&T,utilities,City_CO_3,CO,US,in-store,swipe,0,16.04326509373835,3,0,202.99006905385323,2026-03-29 20:37:40,2020-01-02,1,0,low,0.11942061118650987,0
TXN_000305,2020-01-02 23:43:56,42389.65161420724,0,ACC_583241,1495,50000,19685.61723099574,60,City_NJ_3,NJ,34524,MER_96800,Spotify,entertainment,City_TX_1,TX,US,online,online,0,9.12601486258744,0,1,158.2714978103395,2026-03-29 20:37:40,2020-01-02,23,0,outlier,0.3937123446199148,0
TXN_000306,2020-01-01 12:41:54,587.4508442934831,0,ACC_576379,159,25000,18108.057396053624,26,City_OH_9,OH,19745,MER_95140,Verizon,utilities,City_MD_3,MD,US,online,online,0,66.9522065312819,8,2,71.7984921235142,2026-03-29 20:37:40,2020-01-01,12,0,high,0.7243222958421449,0
TXN_000307,2020-01-02 04:35:46,107.262996624145,0,ACC_572295,4764,15000,12829.449413936494,58,City_NC_1,NC,25861,MER_37835,AT&T,utilities,City_NY_6,NY,US,in-store,chip,0,6.185899801917082,3,1,120.27648157898328,2026-03-29 20:37:40,2020-01-02,4,0,low,0.8552966275957663,0
TXN_000308,2020-01-02 06:26:56,383.0699017340143,0,ACC_505831,2090,1000,631.5770911804574,61,City_GA_4,GA,64261,MER_83356,Trader Joes,grocery,City_AZ_3,AZ,US,in-store,chip,0,33.037089979514576,1,1,403.60426372743126,2026-03-29 20:37:40,2020-01-02,6,0,medium,0.6315770911804574,0
TXN_000309,2020-01-02 05:26:23,378.2738172868086,0,ACC_625754,3702,1000,99.95857747626124,56,City_NY_8,NY,12837,MER_59282,Walgreens Pharmacy,pharmacy,City_OH_9,OH,FR,in-store,contactless,1,18.252225801206293,4,0,237.96352136896496,2026-03-29 20:37:40,2020-01-02,5,0,medium,0.09995857747626125,1
TXN_000310,2020-01-02 10:28:43,519.7260912518013,0,ACC_917203,2524,1000,638.4187740715082,47,City_IN_8,IN,84135,MER_62714,Best Buy Online,online_retail,City_GA_7,GA,US,in-store,chip,0,0.2896973268224825,4,0,230.17250709920097,2026-03-29 20:37:40,2020-01-02,10,0,medium,0.6384187740715082,0
TXN_000311,2020-01-02 17:34:21,371.0910272369108,0,ACC_446030,1022,1000,603.6565246678233,31,City_TX_8,TX,91447,MER_77035,Airbnb,travel,City_NJ_5,NJ,US,online,online,0,18.19339230066642,3,0,256.8946623460658,2026-03-29 20:37:40,2020-01-02,17,0,medium,0.6036565246678233,0
TXN_000312,2020-01-01 12:04:44,47.43654060999575,0,ACC_428055,2151,50000,38273.78611893323,25,City_MA_8,MA,64380,MER_33814,Shell,gas_station,City_CO_2,CO,US,in-store,swipe,0,2.6193546873085496,5,0,144.98706673173663,2026-03-29 20:37:40,2020-01-01,12,0,low,0.7654757223786647,0
TXN_000313,2020-01-01 23:03:09,641.0948152873653,0,ACC_853926,2614,5000,3919.9311665978594,37,City_AZ_4,AZ,96089,MER_34089,Duke Energy,utilities,City_PA_9,PA,US,online,online,0,26.901380269593503,4,0,103.21535867924678,2026-03-29 20:37:40,2020-01-01,23,0,high,0.7839862333195718,0
TXN_000314,2020-01-01 10:03:32,586.4260928575204,1,ACC_513962,4226,15000,12371.893829850447,72,City_MO_8,MO,59831,MER_83162,Best Western,hotel,City_NJ_5,NJ,US,online,online,0,20.840337270538665,4,0,429.15437553509673,2026-03-29 20:37:40,2020-01-01,10,0,high,0.8247929219900298,0
TXN_000315,2020-01-01 12:05:25,240.70200942500185,0,ACC_188422,2253,2000,786.8498777002868,27,City_TN_9,TN,99349,MER_65831,Chevron,gas_station,City_IN_7,IN,US,online,online,0,0.2620492938990367,2,0,374.8072091043096,2026-03-29 20:37:40,2020-01-01,12,0,medium,0.3934249388501434,0
TXN_000316,2020-01-02 21:28:27,270.1658322997538,0,ACC_603100,4552,15000,9944.567633768054,47,City_CO_7,CO,48255,MER_42746,McDonalds,restaurant,City_MI_9,MI,US,in-store,contactless,0,5.7256715267368845,0,0,82.05839780051065,2026-03-29 20:37:40,2020-01-02,21,0,medium,0.662971175584537,0
TXN_000317,2020-01-01 17:33:28,218.6827833854789,0,ACC_435513,3218,5000,1274.189204880976,67,City_FL_2,FL,39520,MER_91673,RxCrossroads,pharmacy,City_IN_4,IN,US,in-store,contactless,0,37.427860812457645,3,1,196.58168776037596,2026-03-29 20:37:40,2020-01-01,17,0,medium,0.25483784097619516,0
TXN_000318,2020-01-01 09:23:48,624.4735985857751,0,ACC_888325,3267,1000,949.369465984329,35,City_CO_9,CO,39541,MER_61940,Valero,gas_station,City_TX_9,TX,MX,in-store,chip,1,8.066246681550899,3,1,172.43942852268924,2026-03-29 20:37:40,2020-01-01,9,0,high,0.949369465984329,1
TXN_000319,2020-01-02 17:36:23,298.7493249368808,0,ACC_392717,4166,5000,832.8376465400847,66,City_PA_8,PA,75772,MER_96796,LabCorp,healthcare,City_PA_1,PA,US,in-store,chip,0,17.292875223340054,2,0,340.6937832143707,2026-03-29 20:37:40,2020-01-02,17,0,medium,0.16656752930801694,0
TXN_000320,2020-01-01 00:57:00,257.4446658730014,0,ACC_721195,4554,10000,96.0871007779402,33,City_PA_5,PA,37350,MER_46476,Best Buy Online,online_retail,City_IL_6,IL,US,online,online,0,9.349110677767037,3,0,135.713986703071,2026-03-29 20:37:40,2020-01-01,0,0,medium,0.009608710077794019,0
TXN_000321,2020-01-02 02:52:32,642.9786271686821,0,ACC_832722,373,10000,1413.682787922672,31,City_NJ_3,NJ,54397,MER_36283,Ticketmaster,entertainment,City_FL_2,FL,US,in-store,contactless,0,63.62497081109899,4,0,76.31290680895832,2026-03-29 20:37:40,2020-01-02,2,0,high,0.1413682787922672,0
TXN_000322,2020-01-02 12:29:33,709.60508190673,0,ACC_986388,4491,50000,36853.93375334601,65,City_IN_7,IN,87085,MER_11769,Quest Diagnostics,healthcare,City_TX_8,TX,US,online,online,0,19.22787683608305,3,1,60.58853443806335,2026-03-29 20:37:40,2020-01-02,12,0,high,0.7370786750669203,0
TXN_000323,2020-01-02 08:01:34,80.40907187200993,0,ACC_842820,4734,15000,6366.667390242013,46,City_NY_2,NY,73865,MER_52278,Pacific Gas and Electric,utilities,City_VA_5,VA,US,in-store,swipe,0,29.782462827031942,4,1,244.22703866425937,2026-03-29 20:37:40,2020-01-02,8,0,low,0.4244444926828009,0
TXN_000324,2020-01-02 10:26:59,614.0786317755533,0,ACC_882381,4853,15000,6376.878531298603,42,City_WA_3,WA,65956,MER_56994,Duane Reade,pharmacy,City_NY_3,NY,US,in-store,chip,0,2.179178492466849,3,0,141.58342599013685,2026-03-29 20:37:40,2020-01-02,10,0,high,0.4251252354199069,0
TXN_000325,2020-01-01 18:15:26,28.993173762252223,0,ACC_526583,2306,2000,1814.54354726217,48,City_NY_9,NY,37453,MER_72898,Walgreens Pharmacy,pharmacy,City_PA_2,PA,US,atm,manual,0,1.0293010698321792,1,0,323.712313167526,2026-03-29 20:37:40,2020-01-01,18,0,low,0.907271773631085,0
TXN_000326,2020-01-02 15:19:24,261.0531148793551,0,ACC_252271,4950,50000,43682.65813133353,44,City_TN_4,TN,72345,MER_25634,Pacific Gas and Electric,utilities,City_AZ_8,AZ,US,online,online,0,7.501566416757048,1,0,175.29365733120142,2026-03-29 20:37:40,2020-01-02,15,0,medium,0.8736531626266705,0
TXN_000327,2020-01-02 08:07:48,324.45302285597137,0,ACC_453548,3231,2000,591.2700018276174,49,City_MA_4,MA,22906,MER_20965,Walmart.com,online_retail,City_GA_7,GA,US,in-store,contactless,0,9.245245472432783,5,2,209.8623284517978,2026-03-29 20:37:40,2020-01-02,8,0,medium,0.29563500091380873,0
TXN_000328,2020-01-01 01:41:42,780.1511407544264,0,ACC_829688,918,10000,1986.0522234182288,29,City_NJ_3,NJ,24988,MER_37566,Publix,grocery,City_AZ_9,AZ,US,in-store,swipe,0,29.093217713316854,1,1,528.5113752823427,2026-03-29 20:37:40,2020-01-01,1,0,high,0.19860522234182287,0
TXN_000329,2020-01-02 08:46:55,547.8931165855806,0,ACC_944156,2073,1000,806.0580994370526,62,City_MO_5,MO,37723,MER_62196,Shell,gas_station,City_NY_8,NY,US,in-store,chip,0,21.048750631119955,3,0,98.16080167144092,2026-03-29 20:37:40,2020-01-02,8,0,medium,0.8060580994370526,0
TXN_000330,2020-01-01 07:24:01,64.68875691031039,0,ACC_972565,1371,5000,4303.590587460725,24,City_MA_3,MA,43800,MER_58285,Marriott,hotel,City_TN_4,TN,US,online,online,0,11.733280661378632,5,0,254.51422586951068,2026-03-29 20:37:40,2020-01-01,7,0,low,0.860718117492145,0
TXN_000331,2020-01-02 22:00:56,379.45526194688136,1,ACC_267477,3750,2000,1029.034153317125,69,City_IL_9,IL,49107,MER_65499,Duke Energy,utilities,City_MA_2,MA,US,in-store,contactless,0,26.54140278079693,2,1,256.99809037845824,2026-03-29 20:37:40,2020-01-02,22,0,medium,0.5145170766585625,0
TXN_000332,2020-01-02 21:30:17,953.2474933550914,0,ACC_329304,2913,25000,14948.813139031136,66,City_TN_3,TN,37430,MER_29420,Hilton,hotel,City_OH_2,OH,US,online,online,0,4.465183994372536,4,0,714.3701969856845,2026-03-29 20:37:40,2020-01-02,21,0,high,0.5979525255612455,0
TXN_000333,2020-01-02 18:49:25,424.5271491267663,0,ACC_640277,4242,2000,488.1371409153574,38,City_TN_2,TN,42535,MER_35236,Shell,gas_station,City_MA_2,MA,US,online,online,0,1.63986883058397,3,0,661.3461522152088,2026-03-29 20:37:40,2020-01-02,18,0,medium,0.2440685704576787,0
TXN_000334,2020-01-02 04:49:06,32039.11532558388,0,ACC_915363,2445,1000,0.0,63,City_IN_5,IN,78476,MER_16218,eBay,online_retail,City_WA_6,WA,US,online,online,0,48.19035479333948,3,0,110.00706181888349,2026-03-29 20:37:40,2020-01-02,4,0,outlier,,0
TXN_000335,2020-01-01 10:10:31,776.8074966549423,0,ACC_895722,1147,1000,600.5163070265719,36,City_NC_6,NC,97329,MER_59892,Safeway,grocery,City_PA_7,PA,US,in-store,contactless,0,20.74973710623884,4,0,185.50820792789528,2026-03-29 20:37:40,2020-01-01,10,0,high,0.6005163070265719,0
TXN_000336,2020-01-01 20:16:31,367.8473423256085,0,ACC_745424,4293,15000,7175.067535996451,53,City_NY_1,NY,87798,MER_84031,Spotify,entertainment,City_MA_6,MA,US,in-store,chip,0,26.181013180645746,5,0,97.9416010338798,2026-03-29 20:37:40,2020-01-01,20,0,medium,0.47833783573309674,0
TXN_000337,2020-01-01 01:06:54,441.4051980598483,0,ACC_442022,3031,5000,285.5156413723801,49,City_CO_6,CO,62284,MER_74057,eBay,online_retail,City_IN_2,IN,US,online,online,0,9.176872727165918,3,0,247.7475568674956,2026-03-29 20:37:40,2020-01-01,1,0,medium,0.05710312827447602,0
TXN_000338,2020-01-01 03:04:53,87.03867825734321,0,ACC_452621,1768,1000,870.138214385596,59,City_WA_3,WA,66232,MER_88609,Holiday Inn,hotel,City_FL_4,FL,US,in-store,swipe,0,11.628584793458067,3,0,276.99239448510474,2026-03-29 20:37:40,2020-01-01,3,0,low,0.870138214385596,0
TXN_000339,2020-01-01 05:01:10,309.3409772995518,0,ACC_572697,1394,50000,29233.942468259283,30,City_NY_4,NY,54420,MER_86907,RxCrossroads,pharmacy,City_AZ_3,AZ,US,in-store,swipe,0,2.148955943014467,2,2,78.47237461862196,2026-03-29 20:37:40,2020-01-01,5,0,medium,0.5846788493651857,0
TXN_000340,2020-01-01 09:56:17,1191.74342820095,0,ACC_831658,2738,2000,366.1130799166391,29,City_OH_6,OH,47710,MER_93130,CVS Pharmacy,pharmacy,City_MA_4,MA,US,in-store,contactless,0,48.62070123372127,3,2,234.39630828984676,2026-03-29 20:37:40,2020-01-01,9,0,high,0.18305653995831955,0
TXN_000341,2020-01-01 15:49:18,410.41961232728727,0,ACC_750587,4820,2000,1152.1336222678003,51,City_PA_8,PA,82497,MER_21226,Starbucks,restaurant,City_VA_5,VA,US,in-store,swipe,0,22.43914421440216,3,1,86.53700401864283,2026-03-29 20:37:40,2020-01-01,15,0,medium,0.5760668111339001,0
TXN_000342,2020-01-01 22:47:54,161.84506272644416,0,ACC_785493,954,10000,6435.901865279748,48,City_NC_9,NC,50498,MER_62271,United Airlines,travel,City_MD_7,MD,DE,in-store,contactless,1,2.18331289136303,1,0,45.64211562513414,2026-03-29 20:37:40,2020-01-01,22,0,low,0.6435901865279747,1
TXN_000343,2020-01-01 02:58:49,377.3497637999321,0,ACC_867976,181,1000,499.4818198490642,23,City_VA_6,VA,41283,MER_20046,Walgreens,healthcare,City_MI_9,MI,US,in-store,chip,0,40.80865790656543,5,0,189.43960968288712,2026-03-29 20:37:40,2020-01-01,2,0,medium,0.4994818198490642,0
TXN_000344,2020-01-02 20:07:03,127.90084005993904,0,ACC_729974,615,25000,17054.916276455533,74,City_MA_7,MA,76169,MER_47117,Walgreens,healthcare,City_PA_2,PA,US,online,online,0,14.679862634843174,6,0,622.955395642143,2026-03-29 20:37:40,2020-01-02,20,0,low,0.6821966510582214,0
TXN_000345,2020-01-02 05:24:24,349.91002252186416,0,ACC_469430,942,15000,8285.718757982895,34,City_CO_5,CO,82358,MER_14965,Duke Energy,utilities,City_NC_8,NC,MX,online,online,1,36.21502837959986,1,0,190.0198433245632,2026-03-29 20:37:40,2020-01-02,5,0,medium,0.552381250532193,1
TXN_000346,2020-01-02 12:20:58,204.65467334386912,0,ACC_578705,2351,5000,4501.905514652704,45,City_NY_9,NY,72457,MER_69478,Marriott,hotel,City_TX_3,TX,US,in-store,swipe,0,0.3175042226177506,2,1,231.74082068885497,2026-03-29 20:37:40,2020-01-02,12,0,medium,0.9003811029305409,0
TXN_000348,2020-01-01 15:12:28,297.55487752804333,0,ACC_706954,3825,15000,1514.001345691237,22,City_CA_6,CA,72508,MER_67277,CVS Health,healthcare,City_NC_4,NC,US,online,online,0,4.681833680883432,4,1,75.94945128871599,2026-03-29 20:37:40,2020-01-01,15,0,medium,0.10093342304608247,0
TXN_000349,2020-01-01 01:36:41,584.0729563888442,0,ACC_458766,2178,2000,329.9761102132457,44,City_MD_5,MD,73220,MER_95379,eBay,online_retail,City_MA_3,MA,US,online,online,0,5.922080117945187,2,0,189.4306962110712,2026-03-29 20:37:40,2020-01-01,1,0,high,0.16498805510662284,0
TXN_000350,2020-01-02 17:44:22,29088.087591728745,0,ACC_813016,586,25000,16391.562926852886,34,City_MD_1,MD,95366,MER_69613,Netflix,entertainment,City_WA_6,WA,US,in-store,contactless,0,36.09337652045376,6,0,223.8233753327106,2026-03-29 20:37:40,2020-01-02,17,0,outlier,0.6556625170741155,0
TXN_000351,2020-01-01 08:13:12,23.32911100317101,0,ACC_759993,1582,15000,9199.741186684774,68,City_WA_5,WA,15738,MER_27373,Holiday Inn,hotel,City_CO_9,CO,US,online,online,0,30.66348513844072,4,0,236.07553451503296,2026-03-29 20:37:40,2020-01-01,8,0,low,0.6133160791123183,0
TXN_000352,2020-01-01 02:57:27,401.407654291054,0,ACC_510520,2150,2000,1694.9118343984187,27,City_VA_5,VA,13098,MER_55452,Chipotle,restaurant,City_GA_7,GA,MX,online,online,1,23.93355574072143,4,0,49.91497592435161,2026-03-29 20:37:40,2020-01-01,2,0,medium,0.8474559171992093,1
TXN_000353,2020-01-02 14:49:48,1317.4309313538402,0,ACC_207573,3115,2000,1392.4671604794069,56,City_CA_9,CA,83633,MER_60089,Netflix,entertainment,City_MD_4,MD,US,in-store,chip,0,54.03992289127457,2,0,85.25634304036218,2026-03-29 20:37:40,2020-01-02,14,0,outlier,0.6962335802397034,0
TXN_000354,2020-01-02 06:43:47,127.79823471319038,0,ACC_853180,3534,2000,965.8754263727252,70,City_MD_1,MD,88672,MER_16654,Subway,restaurant,City_MD_3,MD,US,atm,manual,0,7.097191464058898,3,0,394.7833591908096,2026-03-29 20:37:40,2020-01-02,6,0,low,0.4829377131863626,0
TXN_000355,2020-01-01 19:31:56,472.4659065665473,1,ACC_932978,186,2000,1884.480405680897,44,City_TN_5,TN,48244,MER_41280,Holiday Inn,hotel,City_TN_4,TN,DE,online,online,1,58.690843907802616,4,0,230.67967632015305,2026-03-29 20:37:40,2020-01-01,19,0,medium,0.9422402028404485,1
TXN_000356,2020-01-01 00:39:28,421.9864804312631,0,ACC_369152,764,50000,12640.12791804171,47,City_MA_7,MA,18253,MER_66141,Safeway,grocery,City_NJ_3,NJ,US,online,online,0,60.0521450683531,5,1,190.81548633815075,2026-03-29 20:37:40,2020-01-01,0,0,medium,0.2528025583608342,0
TXN_000357,2020-01-01 21:32:55,894.8067778067957,0,ACC_410435,4684,2000,1583.0641535923623,57,City_TN_6,TN,64333,MER_97943,Trader Joes,grocery,City_MI_3,MI,US,in-store,swipe,0,14.240506159593616,4,0,301.5019465662974,2026-03-29 20:37:40,2020-01-01,21,0,high,0.7915320767961812,0
TXN_000358,2020-01-01 01:50:55,546.0834657762974,0,ACC_258477,3306,10000,4054.508535842234,58,City_NJ_6,NJ,60969,MER_77894,Walgreens,healthcare,City_GA_9,GA,US,online,online,0,2.4785583399345708,3,1,571.0361931113612,2026-03-29 20:37:40,2020-01-01,1,0,medium,0.4054508535842234,0
TXN_000359,2020-01-01 19:27:11,465.976272087339,0,ACC_348141,184,25000,15407.459548298686,50,City_PA_7,PA,80423,MER_36583,Comcast,utilities,City_CA_4,CA,US,online,online,0,32.41681809634899,3,0,726.5028263736949,2026-03-29 20:37:40,2020-01-01,19,0,medium,0.6162983819319474,0
TXN_000360,2020-01-02 00:25:22,207.17924107040483,0,ACC_398530,1026,15000,10363.575703947185,47,City_NJ_6,NJ,54411,MER_16360,RxCrossroads,pharmacy,City_MI_9,MI,US,in-store,chip,0,10.271817796211533,1,0,174.39076255110507,2026-03-29 20:37:40,2020-01-02,0,0,medium,0.6909050469298124,0
TXN_000361,2020-01-02 10:27:26,457.8409011004625,0,ACC_715197,2324,10000,6020.663828308195,59,City_NY_5,NY,85028,MER_63968,Walmart.com,online_retail,City_MO_5,MO,US,online,online,0,39.61003853883948,5,0,40.05255216099943,2026-03-29 20:37:40,2020-01-02,10,0,medium,0.6020663828308195,0
TXN_000362,2020-01-02 16:07:55,480.7386736536946,0,ACC_251899,4656,50000,6674.09689765818,35,City_MA_5,MA,45421,MER_13743,UnitedHealth,healthcare,City_NY_7,NY,US,in-store,swipe,0,4.468906517665757,1,0,156.04133309566282,2026-03-29 20:37:40,2020-01-02,16,0,medium,0.1334819379531636,0
TXN_000363,2020-01-01 08:54:57,248.64481348519587,0,ACC_919472,2935,10000,0.0,46,City_CA_9,CA,11454,MER_17159,United Airlines,travel,City_NJ_5,NJ,US,in-store,swipe,0,19.386881093699454,2,0,481.6331084882392,2026-03-29 20:37:40,2020-01-01,8,0,medium,,0
TXN_000364,2020-01-02 15:27:18,211.01336660448945,0,ACC_684642,4854,1000,533.3664590364681,21,City_OH_8,OH,27522,MER_42151,Publix,grocery,City_MO_1,MO,US,in-store,swipe,0,17.735660802251594,0,0,343.1622636699407,2026-03-29 20:37:40,2020-01-02,15,0,medium,0.5333664590364681,0
TXN_000365,2020-01-02 10:41:02,145.0963581552835,0,ACC_440687,1207,1000,806.5915712196669,24,City_CA_4,CA,48575,MER_10518,LabCorp,healthcare,City_NY_2,NY,US,online,online,0,2.642750267258452,5,1,63.40069222578613,2026-03-29 20:37:40,2020-01-02,10,0,low,0.8065915712196668,0
TXN_000366,2020-01-02 09:00:34,94.75561543202146,1,ACC_642445,183,1000,421.4634613586437,49,City_IN_4,IN,13192,MER_26652,Rite Aid,pharmacy,City_GA_5,GA,DE,online,online,1,11.287706230927531,1,1,143.13480561426837,2026-03-29 20:37:40,2020-01-02,9,0,low,0.4214634613586437,1
TXN_000367,2020-01-02 02:04:08,567.8977664451223,0,ACC_659603,4217,5000,4364.0496978201945,21,City_NC_5,NC,65268,MER_88461,Unknown Merchant,restaurant,City_AZ_6,AZ,US,in-store,swipe,0,2.214095811451413,5,0,66.9687303114806,2026-03-29 20:37:40,2020-01-02,2,0,medium,0.8728099395640389,0
TXN_000368,2020-01-01 14:42:01,233.1949769325689,0,ACC_398076,1746,1000,418.35551187395015,63,City_WA_3,WA,91311,MER_81011,Olive Garden,restaurant,City_PA_7,PA,US,online,online,0,15.625081176877636,4,0,91.22186123052929,2026-03-29 20:37:40,2020-01-01,14,0,medium,0.41835551187395015,0
TXN_000369,2020-01-02 11:02:21,184.8776996096142,0,ACC_514380,3232,15000,7820.112994497917,70,City_NJ_8,NJ,20402,MER_52348,BP,gas_station,City_MA_2,MA,US,in-store,swipe,0,46.27254378539683,2,0,272.6567760851576,2026-03-29 20:37:40,2020-01-02,11,0,low,0.5213408662998611,0
TXN_000370,2020-01-01 06:17:57,46.23213340912889,0,ACC_769774,2887,10000,7564.713987956609,66,City_CO_7,CO,88610,MER_85422,eBay,online_retail,City_AZ_9,AZ,US,online,online,0,7.874782046585607,1,0,280.93837643778977,2026-03-29 20:37:40,2020-01-01,6,0,low,0.7564713987956609,0
TXN_000371,2020-01-01 15:26:49,39.28357635172418,0,ACC_882957,816,15000,8308.714503015546,42,City_PA_5,PA,90781,MER_87001,AT&T,utilities,City_OH_6,OH,US,online,online,0,36.18956621650801,3,1,310.84772548286315,2026-03-29 20:37:40,2020-01-01,15,0,low,0.5539143002010364,0
TXN_000372,2020-01-01 08:37:04,681.5055408695141,0,ACC_232018,4398,25000,22805.17921909208,31,City_CA_3,CA,46527,MER_86757,Subway,restaurant,City_MI_2,MI,US,online,online,0,5.065986838464704,4,0,319.0735632970022,2026-03-29 20:37:40,2020-01-01,8,0,high,0.9122071687636831,0
TXN_000373,2020-01-01 19:31:53,216.31817625405364,0,ACC_901125,4302,1000,627.3190389884212,30,City_OH_5,OH,62181,MER_34395,BP,gas_station,City_MA_2,MA,US,online,online,0,28.0011280537504,4,0,174.3868963112327,2026-03-29 20:37:40,2020-01-01,19,0,medium,0.6273190389884212,0
TXN_000374,2020-01-02 11:30:13,378.9355943228518,0,ACC_389385,3797,50000,24828.699068211048,37,City_VA_3,VA,37002,MER_12335,Kroger,grocery,City_MI_3,MI,US,in-store,contactless,0,61.78616113309303,2,1,214.77859107369545,2026-03-29 20:37:40,2020-01-02,11,0,medium,0.496573981364221,0
TXN_000375,2020-01-02 02:28:05,402.5992620990336,0,ACC_195790,2908,5000,112.06184695878036,56,City_CO_5,CO,91219,MER_80112,McDonalds,restaurant,City_IN_1,IN,US,in-store,chip,0,9.786395509542023,3,0,392.72400724442656,2026-03-29 20:37:40,2020-01-02,2,0,medium,0.022412369391756073,0
TXN_000376,2020-01-02 16:40:10,64.61716928084759,0,ACC_696543,672,25000,9826.156317532834,67,City_MD_1,MD,22460,MER_10500,Duke Energy,utilities,City_MD_9,MD,US,atm,manual,0,57.6677492374544,5,1,25.409650967009373,2026-03-29 20:37:40,2020-01-02,16,0,low,0.3930462527013133,0
TXN_000377,2020-01-02 07:33:52,930.8342629014976,0,ACC_820117,4692,50000,14214.29991485762,46,City_IN_6,IN,40482,MER_18083,Walgreens,healthcare,City_IN_4,IN,US,in-store,contactless,0,17.601205869767803,5,0,74.37502877712164,2026-03-29 20:37:40,2020-01-02,7,0,high,0.2842859982971524,0
TXN_000378,2020-01-02 17:49:40,132.90059238333538,0,ACC_272275,695,5000,3553.501922465573,68,City_FL_4,FL,26447,MER_91256,CVS Pharmacy,pharmacy,City_VA_5,VA,US,online,online,0,9.524378748794446,1,2,268.6546684119746,2026-03-29 20:37:40,2020-01-02,17,0,low,0.7107003844931146,0
TXN_000379,2020-01-01 00:50:51,1210.4142395006522,0,ACC_817221,3456,25000,4946.594784896713,41,City_NY_4,NY,58228,MER_15543,United Airlines,travel,City_MA_7,MA,US,atm,manual,0,56.70658089343171,2,0,250.3932318749794,2026-03-29 20:37:40,2020-01-01,0,0,outlier,0.19786379139586852,0
TXN_000380,2020-01-02 07:51:32,386.59233637400223,0,ACC_361439,3813,10000,1949.5908292936824,33,City_CA_8,CA,93265,MER_78812,Olive Garden,restaurant,City_VA_1,VA,US,in-store,chip,0,0.814042279392829,5,0,573.2797347203009,2026-03-29 20:37:40,2020-01-02,7,0,medium,0.19495908292936825,0
TXN_000381,2020-01-02 00:13:55,200.8268518688656,0,ACC_111350,3731,15000,2700.646366132619,29,City_MO_2,MO,60126,MER_62237,Hertz,travel,City_NC_3,NC,US,online,online,0,0.7104717255840277,3,0,141.1838718000489,2026-03-29 20:37:40,2020-01-02,0,0,low,0.18004309107550792,0
TXN_000383,2020-01-02 23:26:46,560.6630377619424,0,ACC_418953,2379,15000,4431.849802310146,31,City_GA_2,GA,65114,MER_16613,Hertz,travel,City_FL_2,FL,US,online,online,0,39.83305149651227,3,1,310.81258287338096,2026-03-29 20:37:40,2020-01-02,23,0,medium,0.295456653487343,0
TXN_000384,2020-01-01 20:25:23,297.6346988544363,0,ACC_201894,4533,1000,841.6260087212538,26,City_CA_1,CA,85350,MER_76863,Netflix,entertainment,City_VA_8,VA,US,in-store,chip,0,34.812469966245786,4,0,248.58663193889967,2026-03-29 20:37:40,2020-01-01,20,0,medium,0.8416260087212538,0
TXN_000385,2020-01-02 02:14:36,214.6178589715006,0,ACC_459701,1242,50000,36809.10243453286,21,City_CO_3,CO,67801,MER_50540,Expedia,travel,City_TN_5,TN,CA,in-store,chip,1,2.0701287083166213,3,0,111.52093677251035,2026-03-29 20:37:40,2020-01-02,2,0,medium,0.7361820486906573,1
TXN_000387,2020-01-01 23:13:33,195.8872926120668,0,ACC_656016,2541,5000,3787.3498268373214,26,City_FL_6,FL,62482,MER_36255,Duane Reade,pharmacy,City_NY_2,NY,US,online,online,0,30.355927362636965,2,0,52.50615105141136,2026-03-29 20:37:40,2020-01-01,23,0,low,0.7574699653674642,0
TXN_000388,2020-01-02 00:04:32,362.6834846045371,0,ACC_379720,173,10000,2559.469948630931,33,City_IL_7,IL,73397,MER_95666,Hertz,travel,City_NY_1,NY,US,online,online,0,74.45322988524742,2,0,411.1010392394542,2026-03-29 20:37:40,2020-01-02,0,0,medium,0.2559469948630931,0
TXN_000389,2020-01-01 20:30:47,440.7560224738616,0,ACC_522217,2519,10000,8430.696062148634,42,City_WA_2,WA,11740,MER_32068,ExxonMobil,gas_station,City_MO_6,MO,US,online,online,0,9.9782961022777,2,1,309.3898161143104,2026-03-29 20:37:40,2020-01-01,20,0,medium,0.8430696062148634,0
TXN_000390,2020-01-01 22:59:10,71.36853917599706,0,ACC_620841,3258,5000,652.1910319226208,51,City_MA_6,MA,40121,MER_59057,Expedia,travel,City_IN_9,IN,US,in-store,swipe,0,29.599281716315296,4,0,73.06047444911216,2026-03-29 20:37:40,2020-01-01,22,0,low,0.13043820638452416,0
TXN_000391,2020-01-01 07:50:51,49.50952680992155,0,ACC_183384,4612,1000,319.5284403798028,42,City_PA_8,PA,21218,MER_28946,Hilton,hotel,City_MI_7,MI,CA,in-store,swipe,1,49.14188571815023,3,0,92.77749893128372,2026-03-29 20:37:40,2020-01-01,7,0,low,0.3195284403798028,1
TXN_000392,2020-01-02 04:44:41,20.85026065632689,0,ACC_100390,4985,5000,2787.053565094878,57,City_CA_8,CA,81591,MER_30547,Amazon,online_retail,City_TX_5,TX,US,online,online,0,11.969620710427645,4,0,83.80885003851971,2026-03-29 20:37:40,2020-01-02,4,0,low,0.5574107130189756,0
TXN_000393,2020-01-02 07:16:06,220.3209901309032,0,ACC_580751,3235,25000,2443.995848122515,67,City_MD_4,MD,98241,MER_95237,ExxonMobil,gas_station,City_NJ_3,NJ,US,online,online,0,83.71032211436167,1,0,48.72520050732169,2026-03-29 20:37:40,2020-01-02,7,0,medium,0.09775983392490059,0
TXN_000395,2020-01-02 01:14:12,581.4899471613674,0,ACC_635857,3172,50000,18394.18728966506,70,City_PA_5,PA,59431,MER_34883,Olive Garden,restaurant,City_TX_4,TX,US,online,online,0,9.48081616507506,1,1,302.55489767553394,2026-03-29 20:37:40,2020-01-02,1,0,high,0.3678837457933012,0
TXN_000396,2020-01-01 08:56:57,590.509020464342,0,ACC_506245,3334,1000,745.18538232798,72,City_MA_9,MA,61543,MER_71340,Duane Reade,pharmacy,City_NC_9,NC,DE,online,online,1,63.2461077472693,4,0,179.67018924904605,2026-03-29 20:37:40,2020-01-01,8,0,high,0.74518538232798,1
TXN_000397,2020-01-01 02:18:28,185.67387008556923,0,ACC_122490,1387,2000,936.5029426107452,34,City_TN_8,TN,52000,MER_89199,RxCrossroads,pharmacy,City_MD_5,MD,US,online,online,0,87.3819987469807,1,0,428.1821725054991,2026-03-29 20:37:40,2020-01-01,2,0,low,0.4682514713053726,0
TXN_000398,2020-01-01 01:39:09,104.95303292927905,0,ACC_932307,2743,5000,859.1539910203477,67,City_TN_2,TN,81975,MER_45162,Marriott,hotel,City_TX_6,TX,US,online,online,0,8.39366369060971,2,0,347.6521571071065,2026-03-29 20:37:40,2020-01-01,1,0,low,0.17183079820406955,0
TXN_000399,2020-01-02 12:43:42,339.79144346330577,0,ACC_594080,4215,1000,698.0237207875771,25,City_MI_7,MI,40921,MER_98388,Holiday Inn,hotel,City_MD_5,MD,US,in-store,contactless,0,3.6658511719315454,7,0,151.027125989751,2026-03-29 20:37:40,2020-01-02,12,0,medium,0.6980237207875771,0
TXN_000400,2020-01-02 03:50:35,186.4238319775475,0,ACC_892299,1387,50000,11976.837902349818,56,City_NC_7,NC,98747,MER_95924,Holiday Inn,hotel,City_TX_7,TX,US,online,online,0,35.57970719344456,2,0,130.65655190827005,2026-03-29 20:37:40,2020-01-02,3,0,low,0.23953675804699637,0
TXN_000401,2020-01-01 20:45:40,112.7472526454426,0,ACC_705108,4324,2000,932.5395724092812,52,City_NC_1,NC,40614,MER_43434,Best Western,hotel,City_MA_7,MA,US,online,online,0,66.36223809880556,4,0,48.100770234438166,2026-03-29 20:37:40,2020-01-01,20,0,low,0.4662697862046406,0
TXN_000402,2020-01-02 08:19:12,349.0742292261945,0,ACC_461659,4663,5000,358.7830284953112,54,City_IN_1,IN,71189,MER_32102,Hyatt,hotel,City_NY_1,NY,US,in-store,swipe,0,22.951910863681544,3,0,370.5718464268051,2026-03-29 20:37:40,2020-01-02,8,0,medium,0.07175660569906224,0
TXN_000403,2020-01-01 18:30:17,66.42011990409823,0,ACC_371265,3222,10000,5869.733216914348,27,City_IN_4,IN,27601,MER_31536,Publix,grocery,City_IL_2,IL,FR,in-store,chip,1,25.16352149944101,2,0,76.71813568280297,2026-03-29 20:37:40,2020-01-01,18,0,low,0.5869733216914348,1
TXN_000404,2020-01-01 04:41:36,463.227601443686,0,ACC_101539,330,5000,3162.8243895273167,62,City_IN_5,IN,81543,MER_87891,Walgreens,healthcare,City_NJ_7,NJ,US,in-store,swipe,0,35.98640175266418,2,0,354.3009583329138,2026-03-29 20:37:40,2020-01-01,4,0,medium,0.6325648779054633,0
TXN_000405,2020-01-02 12:19:58,214.26273367325743,0,ACC_510243,753,15000,5396.107492112165,68,City_VA_4,VA,30514,MER_77770,CVS Pharmacy,pharmacy,City_OH_8,OH,US,in-store,swipe,0,4.153868241327163,2,0,125.80863147842403,2026-03-29 20:37:40,2020-01-02,12,0,medium,0.3597404994741444,0
TXN_000406,2020-01-02 14:34:37,340.12371052779093,0,ACC_489546,3040,5000,4533.508206525101,30,City_WA_7,WA,93312,MER_60388,Holiday Inn,hotel,City_PA_4,PA,US,in-store,swipe,0,90.7359379269455,3,0,287.60253846401275,2026-03-29 20:37:40,2020-01-02,14,0,medium,0.9067016413050202,0
TXN_000407,2020-01-01 01:27:17,15.89468137146931,0,ACC_960661,97,15000,12456.907131119477,70,City_VA_3,VA,77612,MER_60775,Olive Garden,restaurant,City_AZ_6,AZ,US,in-store,chip,0,11.326868757886697,3,0,139.71408416079734,2026-03-29 20:37:40,2020-01-01,1,0,low,0.8304604754079651,0
TXN_000408,2020-01-01 05:34:16,878.195449656,0,ACC_412579,3866,2000,1345.08773990599,37,City_AZ_7,AZ,26292,MER_41147,Publix,grocery,City_CA_3,CA,US,in-store,swipe,0,24.73769849878358,1,0,99.92132840027682,2026-03-29 20:37:40,2020-01-01,5,0,high,0.672543869952995,0
TXN_000409,2020-01-02 07:49:08,698.690965752712,0,ACC_615584,4023,5000,3389.8473538452777,50,City_MI_8,MI,41510,MER_60526,Valero,gas_station,City_IN_7,IN,US,in-store,swipe,0,15.806759845846452,4,1,276.3858140925077,2026-03-29 20:37:40,2020-01-02,7,0,high,0.6779694707690556,0
TXN_000410,2020-01-02 06:58:08,248.459770377874,0,ACC_163965,2536,2000,479.56325839008736,41,City_MD_6,MD,38000,MER_33659,Shell,gas_station,City_IN_3,IN,US,online,online,0,15.786300876132506,4,1,105.80539189260789,2026-03-29 20:37:40,2020-01-02,6,0,medium,0.23978162919504367,0
TXN_000411,2020-01-02 13:20:15,230.10058369270263,0,ACC_615249,1567,2000,1247.9489390680528,33,City_TX_6,TX,40383,MER_92096,AMC Theatres,entertainment,City_AZ_7,AZ,US,in-store,swipe,0,30.32907026089069,4,1,300.2510238868698,2026-03-29 20:37:40,2020-01-02,13,0,medium,0.6239744695340265,0
TXN_000412,2020-01-02 16:09:32,553.1364643617621,0,ACC_473192,427,50000,9414.797598687182,21,City_FL_8,FL,21785,MER_33088,UnitedHealth,healthcare,City_MI_8,MI,US,online,online,0,130.82400547810306,3,0,322.6398371546798,2026-03-29 20:37:40,2020-01-02,16,0,medium,0.18829595197374366,0
TXN_000413,2020-01-01 08:09:35,365.3490428047359,1,ACC_982876,4745,1000,136.803062723831,21,City_MD_8,MD,50910,MER_78464,BP,gas_station,City_GA_3,GA,US,in-store,contactless,0,26.90120829385008,1,0,186.4099339142284,2026-03-29 20:37:40,2020-01-01,8,0,medium,0.136803062723831,0
TXN_000414,2020-01-02 15:05:34,628.7603493142287,0,ACC_432066,3387,2000,1898.9889989849023,67,City_OH_7,OH,49028,MER_69998,Marriott,hotel,City_GA_2,GA,US,in-store,contactless,0,39.50415494669669,7,0,342.50120947532207,2026-03-29 20:37:40,2020-01-02,15,0,high,0.9494944994924511,0
TXN_000415,2020-01-01 04:42:44,67.58362699436448,0,ACC_197799,1193,2000,1182.514269799031,53,City_MA_6,MA,34855,MER_50382,RxCrossroads,pharmacy,City_AZ_6,AZ,US,in-store,swipe,0,0.700113742454459,2,0,56.06815182185418,2026-03-29 20:37:40,2020-01-01,4,0,low,0.5912571348995155,0
TXN_000416,2020-01-02 07:30:29,217.0151485471789,0,ACC_193948,4855,50000,20471.923951216548,58,City_MA_6,MA,34281,MER_38184,Ticketmaster,entertainment,City_OH_4,OH,US,online,online,0,41.57457627971508,3,0,86.87160748338827,2026-03-29 20:37:40,2020-01-02,7,0,medium,0.40943847902433095,0
TXN_000417,2020-01-01 18:40:15,636.4390280534185,0,ACC_576055,585,50000,13687.814836987687,45,City_PA_6,PA,14841,MER_30099,Best Buy Online,online_retail,City_PA_8,PA,US,online,online,0,8.916012247889018,2,0,292.9984683139008,2026-03-29 20:37:40,2020-01-01,18,0,high,0.27375629673975377,0
TXN_000418,2020-01-01 19:10:42,166.578117616581,0,ACC_243314,3691,5000,2868.6221073955803,46,City_NY_8,NY,70155,MER_79810,Trader Joes,grocery,City_FL_2,FL,US,in-store,contactless,0,3.3869563070108013,3,0,136.82770659023353,2026-03-29 20:37:40,2020-01-01,19,0,low,0.5737244214791161,0
TXN_000419,2020-01-02 16:05:56,432.590975170695,0,ACC_348099,1781,50000,2355.6916404540907,33,City_PA_1,PA,36918,MER_47739,Target.com,online_retail,City_CA_4,CA,US,online,online,0,3.007175353103852,2,2,82.19304917192615,2026-03-29 20:37:40,2020-01-02,16,0,medium,0.04711383280908182,0
TXN_000420,2020-01-02 01:57:48,306.2090266803536,0,ACC_895379,2971,5000,449.7347048977765,48,City_TN_5,TN,66313,MER_18389,eBay,online_retail,City_MA_2,MA,US,in-store,contactless,0,28.47607884923637,5,0,204.9057278748694,2026-03-29 20:37:40,2020-01-02,1,0,medium,0.0899469409795553,0
TXN_000421,2020-01-01 02:37:15,315.885224047811,0,ACC_867610,2687,10000,312.13862853376526,53,City_TX_3,TX,27443,MER_27352,Hilton,hotel,City_MA_2,MA,US,atm,manual,0,150.98315698586632,1,0,99.3636375904575,2026-03-29 20:37:40,2020-01-01,2,0,medium,0.031213862853376524,0
TXN_000422,2020-01-01 21:53:52,533.5573542458856,0,ACC_826826,2825,50000,23710.56707997643,57,City_OH_8,OH,42250,MER_31148,Best Buy Online,online_retail,City_CA_2,CA,US,atm,manual,0,27.429964588474192,3,1,284.878137851415,2026-03-29 20:37:40,2020-01-01,21,0,medium,0.4742113415995286,0
TXN_000423,2020-01-01 14:14:53,371.37240735918107,0,ACC_859066,2359,1000,570.5762977278233,61,City_NJ_6,NJ,11922,MER_41828,Best Buy Online,online_retail,City_CO_1,CO,US,online,online,0,7.607082843693723,2,1,77.21350255590595,2026-03-29 20:37:40,2020-01-01,14,0,medium,0.5705762977278234,0
TXN_000424,2020-01-01 21:53:01,346.15996219439046,0,ACC_355821,1989,2000,118.7115465798596,50,City_OH_2,OH,41976,MER_78040,BP,gas_station,City_NY_4,NY,US,online,online,0,5.682114432327171,3,1,139.29949309550335,2026-03-29 20:37:40,2020-01-01,21,0,medium,0.0593557732899298,0
TXN_000425,2020-01-02 20:29:56,277.244470522482,0,ACC_817176,1631,1000,685.1632441239707,69,City_FL_7,FL,21991,MER_66795,AT&T,utilities,City_IL_2,IL,US,online,online,0,18.66143633773298,1,0,615.62942907809,2026-03-29 20:37:40,2020-01-02,20,0,medium,0.6851632441239707,0
TXN_000426,2020-01-01 12:11:59,94.2197993167959,0,ACC_410929,2823,15000,3283.129769082542,68,City_CO_7,CO,63744,MER_68620,Netflix,entertainment,City_IL_9,IL,US,online,online,0,1.681269549198006,2,1,56.99464509344614,2026-03-29 20:37:40,2020-01-01,12,0,low,0.21887531793883616,0
TXN_000427,2020-01-02 22:11:59,410.48577263444326,0,ACC_886939,1510,50000,32547.06905406864,28,City_OH_5,OH,32733,MER_67114,Best Buy Online,online_retail,City_FL_9,FL,US,online,online,0,12.742774169307332,2,0,121.78210953494408,2026-03-29 20:37:40,2020-01-02,22,0,medium,0.6509413810813728,0
TXN_000428,2020-01-02 09:39:32,529.4688164762521,0,ACC_560188,1132,2000,1865.6045660669668,69,City_FL_8,FL,12473,MER_50711,Walgreens,healthcare,City_IN_7,IN,US,atm,manual,0,27.432945971181372,3,1,134.0414048836447,2026-03-29 20:37:40,2020-01-02,9,0,medium,0.9328022830334833,0
TXN_000429,2020-01-02 02:19:18,828.9870899753399,0,ACC_782511,3306,1000,656.5505765511585,67,City_VA_5,VA,18108,MER_27748,Chipotle,restaurant,City_CO_6,CO,US,online,online,0,85.78801996573027,3,1,458.11074873419847,2026-03-29 20:37:40,2020-01-02,2,0,high,0.6565505765511586,0
TXN_000430,2020-01-01 15:42:53,181.7156696399491,0,ACC_111618,1329,50000,41951.6700138714,21,City_IL_1,IL,38715,MER_98636,Netflix,entertainment,City_AZ_3,AZ,US,online,online,0,13.863057884894497,2,1,442.3405372693146,2026-03-29 20:37:40,2020-01-01,15,0,low,0.839033400277428,0
TXN_000431,2020-01-01 16:25:01,606.2071135515662,0,ACC_436430,3909,50000,45039.4290702957,32,City_MD_9,MD,42210,MER_43691,UnitedHealth,healthcare,City_GA_7,GA,US,online,online,0,5.585587900245035,3,1,99.18126646605737,2026-03-29 20:37:40,2020-01-01,16,0,high,0.900788581405914,0
TXN_000433,2020-01-02 04:56:25,816.7114951757336,1,ACC_762714,107,10000,6672.087304487214,44,City_MD_2,MD,75516,MER_75282,eBay,online_retail,City_GA_9,GA,US,online,online,0,34.083938309368975,1,0,176.85249323077173,2026-03-29 20:37:40,2020-01-02,4,0,high,0.6672087304487214,0
TXN_000434,2020-01-01 06:24:09,202.50004215152256,0,ACC_996030,2861,2000,1618.741581756099,26,City_NY_4,NY,43362,MER_70360,Verizon,utilities,City_CA_4,CA,US,in-store,chip,0,49.10000014406734,4,1,176.89375051324822,2026-03-29 20:37:40,2020-01-01,6,0,low,0.8093707908780495,0
TXN_000435,2020-01-02 03:15:16,218.75043757803303,0,ACC_710724,3440,15000,5081.677008460002,45,City_NJ_9,NJ,64604,MER_20246,Airbnb,travel,City_FL_6,FL,US,in-store,contactless,0,6.042832912861539,3,0,210.64146450571013,2026-03-29 20:37:40,2020-01-02,3,0,medium,0.3387784672306668,0
TXN_000436,2020-01-02 03:02:59,614.9498829960414,0,ACC_310448,2751,10000,2483.2745073237515,21,City_OH_2,OH,14889,MER_69395,CVS Pharmacy,pharmacy,City_MD_6,MD,US,in-store,contactless,0,12.972797235398716,1,0,157.95570515601014,2026-03-29 20:37:40,2020-01-02,3,0,high,0.24832745073237517,0
TXN_000437,2020-01-01 18:59:45,539.2465042765275,0,ACC_595919,3657,10000,8992.686441394217,45,City_IN_4,IN,99557,MER_42486,UnitedHealth,healthcare,City_IL_3,IL,US,in-store,swipe,0,99.82328661051902,6,1,68.73582352132661,2026-03-29 20:37:40,2020-01-01,18,0,medium,0.8992686441394216,0
TXN_000438,2020-01-02 11:02:11,441.5020583507262,0,ACC_236109,1562,15000,10349.824880255655,21,City_NC_2,NC,83748,MER_40340,Walmart.com,online_retail,City_IL_4,IL,US,in-store,chip,0,4.300638175500206,0,1,365.63658418097407,2026-03-29 20:37:40,2020-01-02,11,0,medium,0.689988325350377,0
TXN_000439,2020-01-02 23:33:50,28.14791860907418,0,ACC_128633,267,1000,208.69802670703496,52,City_NC_5,NC,41971,MER_94874,Steam,entertainment,City_CO_3,CO,US,atm,manual,0,27.82671847214346,3,0,79.29839205183043,2026-03-29 20:37:40,2020-01-02,23,0,low,0.20869802670703497,0
TXN_000440,2020-01-01 06:28:09,453.3932775575761,0,ACC_910927,2026,10000,4266.292230423077,62,City_MI_3,MI,60551,MER_60300,ExxonMobil,gas_station,City_MD_6,MD,US,online,online,0,6.7684758794803095,3,0,225.59890047141988,2026-03-29 20:37:40,2020-01-01,6,0,medium,0.4266292230423077,0
TXN_000441,2020-01-02 06:37:06,307.7296621266071,0,ACC_950982,3457,5000,3783.145905304594,62,City_WA_2,WA,13201,MER_13086,Unknown Merchant,online_retail,City_VA_1,VA,US,online,online,0,17.336631092543815,4,1,92.08021763824604,2026-03-29 20:37:40,2020-01-02,6,0,medium,0.7566291810609188,0
TXN_000442,2020-01-02 03:59:53,30448.19318071942,0,ACC_312456,307,25000,12992.746034313,23,City_MA_9,MA,99882,MER_24860,Delta Airlines,travel,City_CO_8,CO,US,in-store,chip,0,40.29973484185458,3,0,265.76458082317635,2026-03-29 20:37:40,2020-01-02,3,0,outlier,0.5197098413725201,0
TXN_000444,2020-01-01 11:39:35,465.97456441854285,0,ACC_475325,553,10000,7160.797919427997,39,City_NY_5,NY,89251,MER_17407,Best Buy Online,online_retail,City_OH_9,OH,US,online,online,0,40.93072496407871,6,0,134.49495852357603,2026-03-29 20:37:40,2020-01-01,11,0,medium,0.7160797919427997,0
TXN_000445,2020-01-01 02:39:00,110.36920647681086,0,ACC_566589,4305,1000,590.9087293685316,63,City_GA_1,GA,15681,MER_43542,Walgreens Pharmacy,pharmacy,City_IN_6,IN,US,online,online,0,13.892737797407255,3,1,506.0954462859196,2026-03-29 20:37:40,2020-01-01,2,0,low,0.5909087293685316,0
TXN_000447,2020-01-02 13:41:23,484.0568107504391,0,ACC_238442,3152,1000,712.1335701683847,70,City_MI_7,MI,92256,MER_59079,Quest Diagnostics,healthcare,City_NJ_3,NJ,US,in-store,contactless,0,14.309913114871058,2,0,174.30136611388866,2026-03-29 20:37:40,2020-01-02,13,0,medium,0.7121335701683847,0
TXN_000448,2020-01-01 07:41:03,23135.176923122013,0,ACC_744161,4605,2000,1382.3697673211811,22,City_WA_1,WA,77203,MER_44111,Hyatt,hotel,City_OH_1,OH,US,online,online,0,4.044729267613447,5,0,224.0095338567812,2026-03-29 20:37:40,2020-01-01,7,0,outlier,0.6911848836605906,0
TXN_000450,2020-01-02 04:56:22,185.5695912920716,0,ACC_270205,2161,1000,341.7999427128331,37,City_GA_8,GA,60061,MER_85697,Spotify,entertainment,City_NY_3,NY,US,online,online,0,33.927437661980626,2,0,64.18495838120111,2026-03-29 20:37:40,2020-01-02,4,0,low,0.3417999427128331,0
TXN_000451,2020-01-02 21:00:49,45159.42082549582,1,ACC_851395,845,15000,5782.82231385387,66,City_NC_8,NC,67619,MER_99117,Verizon,utilities,City_PA_2,PA,US,online,online,0,47.0866338380823,3,0,390.0701360763515,2026-03-29 20:37:40,2020-01-02,21,0,outlier,0.385521487590258,0
TXN_000452,2020-01-02 02:18:24,44344.64345160469,0,ACC_195761,2724,5000,4609.583107199463,56,City_VA_7,VA,68235,MER_96936,Walmart.com,online_retail,City_NJ_3,NJ,US,atm,manual,0,15.409436312346289,1,0,547.6248729302577,2026-03-29 20:37:40,2020-01-02,2,0,outlier,0.9219166214398925,0
TXN_000453,2020-01-01 13:38:35,104.937150657662,0,ACC_475897,472,25000,2669.165891923738,37,City_NJ_5,NJ,83740,MER_86955,Spotify,entertainment,City_MO_9,MO,US,online,online,0,22.56443237486168,0,1,345.7307700050274,2026-03-29 20:37:40,2020-01-01,13,0,low,0.10676663567694952,0
TXN_000454,2020-01-02 01:16:47,260.1627535959673,0,ACC_653214,3170,5000,1275.3983569509678,69,City_TX_3,TX,47890,MER_50565,Pacific Gas and Electric,utilities,City_MO_8,MO,US,atm,manual,0,46.5905293406054,1,1,273.41716095144994,2026-03-29 20:37:40,2020-01-02,1,0,medium,0.25507967139019355,0
TXN_000455,2020-01-02 17:25:43,674.6845676359969,0,ACC_986214,172,15000,7016.725068661784,32,City_MO_9,MO,71401,MER_29283,CVS Health,healthcare,City_MI_3,MI,US,online,online,0,41.98929211229169,5,0,312.1697417788142,2026-03-29 20:37:40,2020-01-02,17,0,high,0.4677816712441189,0
TXN_000456,2020-01-01 03:18:58,414.3902979714967,0,ACC_204700,4317,10000,7948.932018365965,40,City_NC_7,NC,21217,MER_76470,LabCorp,healthcare,City_IL_2,IL,US,in-store,swipe,0,26.80343933351456,1,0,344.5995680299436,2026-03-29 20:37:40,2020-01-01,3,0,medium,0.7948932018365965,0
TXN_000457,2020-01-02 22:11:07,178.02679204008984,0,ACC_436128,1440,15000,2332.378208148622,70,City_TX_8,TX,58351,MER_96916,BP,gas_station,City_MA_5,MA,US,in-store,chip,0,42.18864935253632,5,0,277.94757791867295,2026-03-29 20:37:40,2020-01-02,22,0,low,0.15549188054324148,0
TXN_000458,2020-01-02 01:28:00,284.82442228368024,0,ACC_536606,4503,15000,3946.603308275691,23,City_TX_6,TX,43741,MER_89552,Holiday Inn,hotel,City_CO_1,CO,US,in-store,chip,0,21.44528425878455,2,0,369.7229571424445,2026-03-29 20:37:40,2020-01-02,1,0,medium,0.2631068872183794,0
TXN_000459,2020-01-01 01:06:40,244.5805463759856,0,ACC_673881,564,10000,625.0830690547702,63,City_NY_5,NY,30654,MER_48233,Hyatt,hotel,City_FL_4,FL,US,in-store,contactless,0,0.1164751313723138,0,0,169.39339790838005,2026-03-29 20:37:40,2020-01-01,1,0,medium,0.06250830690547703,0
TXN_000460,2020-01-02 04:04:02,509.4388420543093,0,ACC_962041,1746,10000,6706.860027482775,70,City_TN_8,TN,71314,MER_32695,Steam,entertainment,City_CA_8,CA,US,in-store,chip,0,1.0535608250302948,5,0,181.8966577093045,2026-03-29 20:37:40,2020-01-02,4,0,medium,0.6706860027482775,0
TXN_000461,2020-01-02 02:00:10,26965.02352397495,0,ACC_105209,3394,10000,2262.989637018353,24,City_MD_3,MD,11408,MER_52734,RxCrossroads,pharmacy,City_MA_1,MA,US,in-store,swipe,0,97.56221412289568,1,0,234.5859271528504,2026-03-29 20:37:40,2020-01-02,2,0,outlier,0.22629896370183528,0
TXN_000462,2020-01-02 04:48:11,75.76044921437793,0,ACC_750988,1062,10000,3692.410131374029,37,City_FL_7,FL,52903,MER_91257,Hyatt,hotel,City_IN_5,IN,US,online,online,0,3.916112562237927,1,0,181.0144417102846,2026-03-29 20:37:40,2020-01-02,4,0,low,0.3692410131374029,0
TXN_000463,2020-01-01 10:38:24,267.08895418062764,0,ACC_499749,3372,10000,4215.163746781845,70,City_MO_2,MO,94208,MER_11505,RxCrossroads,pharmacy,City_MD_4,MD,US,in-store,chip,0,12.959536131644242,3,1,1042.3022914697874,2026-03-29 20:37:40,2020-01-01,10,0,medium,0.4215163746781845,0
TXN_000464,2020-01-01 19:17:29,325.61785920607804,0,ACC_710885,1440,15000,0.0,57,City_CO_3,CO,11218,MER_15363,RxCrossroads,pharmacy,City_AZ_6,AZ,US,in-store,swipe,0,67.88112869789856,8,1,180.4017433793429,2026-03-29 20:37:40,2020-01-01,19,0,medium,,0
TXN_000465,2020-01-01 23:03:06,404.8426761635376,0,ACC_369355,4530,2000,781.5275516293499,66,City_MO_2,MO,60572,MER_58708,Quest Diagnostics,healthcare,City_MD_7,MD,US,online,online,0,5.4240513031089534,0,0,277.3615948390601,2026-03-29 20:37:40,2020-01-01,23,0,medium,0.3907637758146749,0
TXN_000466,2020-01-02 18:10:36,582.890735837529,0,ACC_109927,1202,2000,275.9275378389732,62,City_MI_5,MI,68798,MER_53614,Shell,gas_station,City_MO_9,MO,US,online,online,0,46.414065749130025,7,0,206.7205495097216,2026-03-29 20:37:40,2020-01-02,18,0,high,0.13796376891948658,0
TXN_000467,2020-01-02 06:15:40,761.4480779336542,0,ACC_832823,918,1000,498.0991914231149,35,City_NJ_7,NJ,40105,MER_11010,Spotify,entertainment,City_TX_1,TX,US,atm,manual,0,42.63049570915414,5,0,147.80634430852933,2026-03-29 20:37:40,2020-01-02,6,0,high,0.49809919142311493,0
TXN_000468,2020-01-01 10:41:34,30163.072212235395,0,ACC_741621,3368,2000,1829.6201898323964,53,City_IN_1,IN,79634,MER_29861,McDonalds,restaurant,City_PA_4,PA,US,online,online,0,107.31315894994717,2,1,25.39317997057761,2026-03-29 20:37:40,2020-01-01,10,0,outlier,0.9148100949161981,0
TXN_000469,2020-01-01 00:56:13,211.94586123831849,0,ACC_255666,4547,25000,14432.53397495676,36,City_CO_9,CO,75063,MER_34125,Steam,entertainment,City_WA_6,WA,CA,in-store,swipe,1,8.271066986567135,2,0,102.78647055589856,2026-03-29 20:37:40,2020-01-01,0,0,medium,0.5773013589982704,1
TXN_000470,2020-01-02 15:47:13,125.45951001007909,0,ACC_830212,1671,2000,1868.435718875088,31,City_TN_1,TN,17619,MER_19369,Rite Aid,pharmacy,City_IN_7,IN,US,in-store,swipe,0,9.470288122810366,1,0,813.78296487883,2026-03-29 20:37:40,2020-01-02,15,0,low,0.934217859437544,0
TXN_000471,2020-01-02 03:05:32,52.70977996686329,0,ACC_308785,501,15000,11985.779152378898,40,City_CO_1,CO,21939,MER_79393,Pacific Gas and Electric,utilities,City_PA_7,PA,US,in-store,contactless,0,58.294684242339386,2,0,374.3782104255075,2026-03-29 20:37:40,2020-01-02,3,0,low,0.7990519434919265,0
TXN_000472,2020-01-02 01:44:18,301.86194434200735,0,ACC_438526,2970,10000,341.6746840274216,58,City_WA_8,WA,28226,MER_36671,AT&T,utilities,City_IL_8,IL,US,in-store,contactless,0,6.666908125373765,5,1,41.29683096820529,2026-03-29 20:37:40,2020-01-02,1,0,medium,0.03416746840274216,0
TXN_000473,2020-01-02 10:20:33,180.2792117738927,0,ACC_239005,576,10000,6254.796156081898,44,City_TX_6,TX,35322,MER_85400,Shell,gas_station,City_OH_8,OH,US,in-store,swipe,0,19.84635003609064,2,0,66.04396714067204,2026-03-29 20:37:40,2020-01-02,10,0,low,0.6254796156081898,0
TXN_000474,2020-01-02 03:53:06,380.3137982775861,0,ACC_728068,4756,50000,13621.426683999474,74,City_TX_6,TX,68215,MER_74512,Quest Diagnostics,healthcare,City_CA_8,CA,US,atm,manual,0,30.71901746728951,3,0,418.61775195456113,2026-03-29 20:37:40,2020-01-02,3,0,medium,0.2724285336799895,0
TXN_000475,2020-01-01 07:35:50,400.8923950130444,0,ACC_664984,3627,50000,26581.80064312438,36,City_AZ_9,AZ,26878,MER_85656,CVS Health,healthcare,City_WA_8,WA,US,in-store,swipe,0,7.932380991635917,4,0,498.0331881712534,2026-03-29 20:37:40,2020-01-01,7,0,medium,0.5316360128624876,0
TXN_000476,2020-01-02 01:50:08,156.72330012357668,0,ACC_296521,2855,50000,13268.89656923326,50,City_FL_4,FL,16560,MER_95759,RxCrossroads,pharmacy,City_MD_8,MD,US,in-store,chip,0,69.68258959629935,2,0,671.5999381840676,2026-03-29 20:37:40,2020-01-02,1,0,low,0.2653779313846652,0
TXN_000477,2020-01-02 02:11:37,153.7636370335539,0,ACC_429760,3753,15000,4971.403436625388,54,City_IN_8,IN,48278,MER_54138,Walgreens Pharmacy,pharmacy,City_CA_6,CA,US,in-store,chip,0,27.39272877687041,0,1,66.61788543358168,2026-03-29 20:37:40,2020-01-02,2,0,low,0.3314268957750259,0
TXN_000478,2020-01-01 07:02:31,648.6053449851236,0,ACC_549764,393,25000,21925.25690416176,21,City_WA_4,WA,46212,MER_63420,Delta Airlines,travel,City_WA_9,WA,US,online,online,0,1.207164117006506,3,2,436.1384551670619,2026-03-29 20:37:40,2020-01-01,7,0,high,0.8770102761664704,0
TXN_000479,2020-01-02 00:37:48,319.8703826752295,0,ACC_257195,2196,2000,392.62205129424007,44,City_FL_2,FL,83079,MER_78089,Expedia,travel,City_NJ_3,NJ,US,in-store,chip,0,3.646969326201076,4,0,330.94458605327424,2026-03-29 20:37:40,2020-01-02,0,0,medium,0.19631102564712002,0
TXN_000480,2020-01-02 07:49:45,134.5637054190121,0,ACC_501013,3339,15000,12456.054931868082,44,City_NY_8,NY,33946,MER_25489,Duane Reade,pharmacy,City_OH_6,OH,US,in-store,contactless,0,5.2921599620059085,1,0,75.310811368513,2026-03-29 20:37:40,2020-01-02,7,0,low,0.8304036621245389,0
TXN_000481,2020-01-02 16:39:37,316.2857763698139,1,ACC_150013,575,1000,28.93491766697197,29,City_VA_7,VA,41740,MER_69789,Hyatt,hotel,City_CO_5,CO,US,in-store,chip,0,7.024526494892864,4,0,31.90957781723689,2026-03-29 20:37:40,2020-01-02,16,0,medium,0.028934917666971968,0
TXN_000482,2020-01-01 20:55:53,1391.8391086937002,0,ACC_501562,3270,10000,863.3271145116596,42,City_GA_4,GA,17253,MER_79925,Ticketmaster,entertainment,City_NY_8,NY,US,in-store,swipe,0,32.796131253177954,3,0,22.3414719907558,2026-03-29 20:37:40,2020-01-01,20,0,outlier,0.08633271145116596,0
TXN_000483,2020-01-01 18:19:13,454.3934052750209,0,ACC_316486,4759,50000,40597.06446575251,32,City_TX_9,TX,89311,MER_59703,Holiday Inn,hotel,City_CA_4,CA,US,in-store,swipe,0,2.3285325687627267,2,0,170.2320403050279,2026-03-29 20:37:40,2020-01-01,18,0,medium,0.8119412893150503,0
TXN_000484,2020-01-01 15:57:38,396.3023561020757,0,ACC_526888,1966,5000,2995.141146818678,37,City_PA_9,PA,42813,MER_97486,Quest Diagnostics,healthcare,City_GA_4,GA,US,in-store,contactless,0,10.79245538189503,5,0,194.80929124488765,2026-03-29 20:37:40,2020-01-01,15,0,medium,0.5990282293637356,0
TXN_000485,2020-01-01 05:39:18,149.51193476565211,0,ACC_510869,992,1000,709.8743311375727,45,City_MI_8,MI,74331,MER_86625,Subway,restaurant,City_IN_5,IN,US,in-store,contactless,0,60.58588036985376,5,0,134.51351906098117,2026-03-29 20:37:40,2020-01-01,5,0,low,0.7098743311375727,0
TXN_000487,2020-01-01 22:59:05,653.4719094433104,0,ACC_863638,3836,25000,12755.732070264958,35,City_MI_7,MI,58365,MER_13051,Best Western,hotel,City_AZ_4,AZ,US,online,online,0,7.714015128676646,0,0,181.7390697101052,2026-03-29 20:37:40,2020-01-01,22,0,high,0.5102292828105983,0
TXN_000488,2020-01-02 00:53:08,390.7118361514825,0,ACC_650428,912,1000,700.3582623927394,50,City_MI_5,MI,77593,MER_48090,Hilton,hotel,City_IL_2,IL,US,online,online,0,78.69663103846955,3,0,164.0058438136255,2026-03-29 20:37:40,2020-01-02,0,0,medium,0.7003582623927395,0
TXN_000489,2020-01-01 10:41:53,483.9428993228328,0,ACC_363328,3870,15000,8939.22645239624,71,City_NY_7,NY,43431,MER_38805,Trader Joes,grocery,City_PA_2,PA,US,in-store,chip,0,7.003295916105196,2,0,547.4807907195391,2026-03-29 20:37:40,2020-01-01,10,0,medium,0.5959484301597494,0
TXN_000490,2020-01-02 19:39:24,565.5016898948362,0,ACC_527709,900,2000,896.227657093298,47,City_CO_9,CO,47436,MER_54557,Spotify,entertainment,City_PA_3,PA,US,in-store,contactless,0,58.8731895629231,6,0,78.87861994468221,2026-03-29 20:37:40,2020-01-02,19,0,medium,0.448113828546649,0
TXN_000491,2020-01-01 03:08:58,248.712909431404,0,ACC_780206,4641,10000,9117.94597115829,42,City_MI_2,MI,28413,MER_12555,Subway,restaurant,City_GA_2,GA,US,in-store,swipe,0,32.34467296150796,4,1,128.58320612961057,2026-03-29 20:37:40,2020-01-01,3,0,medium,0.911794597115829,0
TXN_000492,2020-01-02 12:31:24,104.57631817688444,0,ACC_211361,3015,25000,16058.736669519323,30,City_NC_4,NC,48485,MER_60241,Valero,gas_station,City_WA_1,WA,US,in-store,swipe,0,33.72699117352206,3,1,267.4592537041331,2026-03-29 20:37:40,2020-01-02,12,0,low,0.642349466780773,0
TXN_000493,2020-01-01 02:05:43,515.4022612721637,0,ACC_777555,895,25000,21559.0815057294,51,City_CO_4,CO,78232,MER_88303,BP,gas_station,City_MO_8,MO,US,in-store,contactless,0,36.19778946508304,2,0,184.50295189580635,2026-03-29 20:37:40,2020-01-01,2,0,medium,0.862363260229176,0
TXN_000494,2020-01-02 05:24:51,98.47147039524847,1,ACC_892038,4339,5000,3466.409929974985,47,City_MD_2,MD,26101,MER_75994,Holiday Inn,hotel,City_FL_5,FL,CA,in-store,swipe,1,17.65932199841426,2,0,351.1929245552205,2026-03-29 20:37:40,2020-01-02,5,0,low,0.693281985994997,1
TXN_000495,2020-01-02 21:42:48,397.515727775436,0,ACC_497172,3233,1000,698.690352167799,32,City_AZ_3,AZ,18831,MER_26066,Walgreens Pharmacy,pharmacy,City_IN_1,IN,US,online,online,0,42.1281221488396,6,0,46.76662458872664,2026-03-29 20:37:40,2020-01-02,21,0,medium,0.698690352167799,0
TXN_000496,2020-01-01 16:51:32,161.91929259971485,0,ACC_116555,2927,5000,380.0867813489769,66,City_TX_8,TX,94583,MER_14721,Starbucks,restaurant,City_IL_9,IL,US,online,online,0,45.226674254694366,1,0,98.64547178602528,2026-03-29 20:37:40,2020-01-01,16,0,low,0.07601735626979537,0
TXN_000497,2020-01-01 12:20:25,627.5649378994194,0,ACC_624213,2274,2000,682.9827815224927,51,City_IL_9,IL,61897,MER_87982,Starbucks,restaurant,City_NY_8,NY,US,online,online,0,11.176197364404215,2,1,213.55061285974665,2026-03-29 20:37:40,2020-01-01,12,0,high,0.34149139076124635,0
TXN_000498,2020-01-01 10:45:56,423.7258680366892,0,ACC_714673,48,50000,40772.54681918377,52,City_CO_6,CO,15004,MER_16304,Quest Diagnostics,healthcare,City_FL_4,FL,US,in-store,contactless,0,12.784999642688192,5,1,168.1850829817947,2026-03-29 20:37:40,2020-01-01,10,0,medium,0.8154509363836754,0
TXN_000499,2020-01-01 05:14:48,186.3719142150918,1,ACC_511906,671,2000,441.9473380826362,52,City_GA_2,GA,98241,MER_52967,Duke Energy,utilities,City_IL_8,IL,MX,online,online,1,54.90089377803623,0,0,152.63519314905307,2026-03-29 20:37:40,2020-01-01,5,0,low,0.2209736690413181,1
TXN_000500,2020-01-02 22:20:07,110.06051521006466,0,ACC_420646,3113,50000,5486.528642432144,61,City_OH_2,OH,55924,MER_88763,Publix,grocery,City_AZ_7,AZ,US,in-store,swipe,0,18.59676648200441,4,0,297.8560801208468,2026-03-29 20:37:40,2020-01-02,22,0,low,0.10973057284864288,0
TXN_000501,2020-01-01 13:08:15,323.1777108641352,0,ACC_355658,359,5000,0.0,65,City_PA_7,PA,31509,MER_50462,Walgreens,healthcare,City_MA_7,MA,CA,online,online,1,50.42453496095215,2,0,311.332120367054,2026-03-29 20:37:40,2020-01-01,13,0,medium,,1
TXN_000502,2020-01-02 07:45:52,586.7930156939746,0,ACC_542065,895,10000,2094.1599064798324,55,City_NJ_8,NJ,47170,MER_81834,Starbucks,restaurant,City_CO_1,CO,US,in-store,chip,0,24.638974631733767,6,1,271.4577146596235,2026-03-29 20:37:40,2020-01-02,7,0,high,0.20941599064798325,0
TXN_000503,2020-01-01 23:04:02,605.3251147521248,0,ACC_781707,803,2000,1758.0475701069947,73,City_VA_8,VA,53555,MER_60155,Target.com,online_retail,City_IN_6,IN,US,in-store,contactless,0,22.50845117892372,0,1,52.729311623765575,2026-03-29 20:37:40,2020-01-01,23,0,high,0.8790237850534973,0
TXN_000504,2020-01-01 23:53:19,664.7349432313773,0,ACC_854085,4517,5000,4122.841549510123,66,City_MO_6,MO,24662,MER_85842,CVS Pharmacy,pharmacy,City_PA_4,PA,US,online,online,0,0.7867752806137643,2,0,451.3781926017752,2026-03-29 20:37:40,2020-01-01,23,0,high,0.8245683099020246,0
TXN_000505,2020-01-01 04:59:15,389.1228432295694,0,ACC_203844,4762,1000,474.6990687687589,41,City_MD_8,MD,75930,MER_12589,Starbucks,restaurant,City_MI_2,MI,US,online,online,0,8.139597185157324,2,2,39.3899038292847,2026-03-29 20:37:40,2020-01-01,4,0,medium,0.4746990687687589,0
TXN_000507,2020-01-01 19:37:20,401.2699740910936,0,ACC_935488,3368,5000,3394.171143942492,36,City_AZ_9,AZ,46365,MER_64918,Chipotle,restaurant,City_IN_9,IN,US,in-store,contactless,0,22.126898808314195,3,0,183.6551659583897,2026-03-29 20:37:40,2020-01-01,19,0,medium,0.6788342287884984,0
TXN_000508,2020-01-02 22:06:23,157.64187732336478,0,ACC_819211,3548,15000,8883.61717154177,27,City_NY_1,NY,72188,MER_23601,Steam,entertainment,City_AZ_5,AZ,US,in-store,swipe,0,24.885684154995168,6,0,56.09071437320424,2026-03-29 20:37:40,2020-01-02,22,0,low,0.5922411447694513,0
TXN_000509,2020-01-02 14:27:09,197.35530528627572,0,ACC_198234,2972,2000,1844.053874384142,24,City_MO_3,MO,86060,MER_17711,Steam,entertainment,City_CO_8,CO,CA,online,online,1,31.489148597202348,3,0,42.52206569234821,2026-03-29 20:37:40,2020-01-02,14,0,low,0.9220269371920711,1
TXN_000510,2020-01-02 21:25:51,705.6152670926716,0,ACC_574718,2597,10000,5310.055782568581,47,City_MA_9,MA,36673,MER_96900,United Airlines,travel,City_VA_5,VA,US,online,online,0,26.694810854970303,0,0,113.87345937301048,2026-03-29 20:37:40,2020-01-02,21,0,high,0.5310055782568581,0
TXN_000511,2020-01-01 17:04:36,157.2356422438299,0,ACC_851993,1704,10000,3195.740372327639,72,City_PA_5,PA,73471,MER_69430,Publix,grocery,City_NC_7,NC,FR,atm,manual,1,47.19190254249782,3,0,15.68638872220015,2026-03-29 20:37:40,2020-01-01,17,0,low,0.3195740372327639,1
TXN_000512,2020-01-01 12:26:51,137.9070291128228,0,ACC_825571,2713,15000,7396.059133494419,45,City_MI_9,MI,27156,MER_73327,Hyatt,hotel,City_MA_7,MA,US,in-store,chip,0,8.75562129618544,2,0,215.81548125343124,2026-03-29 20:37:40,2020-01-01,12,0,low,0.49307060889962795,0
TXN_000513,2020-01-02 22:28:00,883.4270866349253,0,ACC_928282,3410,50000,46515.00634171452,51,City_VA_9,VA,67287,MER_13970,Verizon,utilities,City_VA_9,VA,US,online,online,0,25.650546400898627,3,0,396.5439111639583,2026-03-29 20:37:40,2020-01-02,22,0,high,0.9303001268342904,0
TXN_000515,2020-01-01 19:46:20,398.1801904595283,0,ACC_389987,1575,50000,31918.866551534924,68,City_IN_1,IN,69076,MER_96570,AT&T,utilities,City_MO_1,MO,US,in-store,contactless,0,16.357301688546045,3,1,254.5250502386365,2026-03-29 20:37:40,2020-01-01,19,0,medium,0.6383773310306985,0
TXN_000516,2020-01-02 07:20:56,595.7022747715256,0,ACC_424464,4594,10000,2286.475102395911,40,City_CA_7,CA,85351,MER_46176,AT&T,utilities,City_CO_2,CO,US,in-store,swipe,0,7.800495037208926,3,1,156.6679498000448,2026-03-29 20:37:40,2020-01-02,7,0,high,0.22864751023959112,0
TXN_000517,2020-01-01 19:00:50,584.6712939558392,0,ACC_654081,2289,5000,3532.111958412934,56,City_MO_6,MO,60151,MER_51730,AT&T,utilities,City_PA_6,PA,US,online,online,0,11.986692749547109,2,1,307.57232741166297,2026-03-29 20:37:40,2020-01-01,19,0,high,0.7064223916825868,0
TXN_000518,2020-01-02 18:20:24,306.69136234203853,0,ACC_773217,1165,15000,10691.373569972748,74,City_MA_9,MA,77384,MER_92168,Shell,gas_station,City_FL_9,FL,US,online,online,0,10.949555833805166,2,0,201.29520496252843,2026-03-29 20:37:40,2020-01-02,18,0,medium,0.7127582379981832,0
TXN_000519,2020-01-02 07:04:48,758.8735687956548,0,ACC_119627,903,1000,301.42453458711003,74,City_MD_7,MD,43541,MER_23385,AT&T,utilities,City_VA_3,VA,US,online,online,0,1.5583418973099696,1,0,424.8874075807389,2026-03-29 20:37:40,2020-01-02,7,0,high,0.30142453458711005,0
TXN_000520,2020-01-02 06:40:48,922.0458300912308,0,ACC_423966,4585,2000,919.0562815423552,37,City_CA_4,CA,82847,MER_15950,Starbucks,restaurant,City_WA_2,WA,US,online,online,0,15.714238414912774,3,0,133.32811750380284,2026-03-29 20:37:40,2020-01-02,6,0,high,0.4595281407711776,0
TXN_000521,2020-01-01 03:59:57,103.5156492603858,0,ACC_577317,2330,2000,559.7463325868664,65,City_IL_7,IL,97099,MER_83511,Target.com,online_retail,City_MD_1,MD,US,online,online,0,130.66986973058349,3,0,222.03331495547792,2026-03-29 20:37:40,2020-01-01,3,0,low,0.2798731662934332,0
TXN_000522,2020-01-02 23:57:07,32864.658426016686,1,ACC_322633,781,2000,491.5396336161447,31,City_MA_2,MA,90739,MER_63009,Trader Joes,grocery,City_WA_2,WA,US,online,online,0,8.878904476030334,0,1,315.7384943014304,2026-03-29 20:37:40,2020-01-02,23,0,outlier,0.24576981680807236,0
TXN_000523,2020-01-02 12:36:40,154.6031943387542,0,ACC_417942,883,5000,123.00633368505444,50,City_NY_6,NY,60955,MER_96850,eBay,online_retail,City_VA_3,VA,US,in-store,contactless,0,33.30898129349759,3,0,416.4770377170584,2026-03-29 20:37:40,2020-01-02,12,0,low,0.02460126673701089,0
TXN_000524,2020-01-02 09:06:20,237.0066873112639,0,ACC_848728,3762,1000,270.9511574206655,55,City_CA_6,CA,19290,MER_33398,United Airlines,travel,City_CO_7,CO,CA,in-store,swipe,1,19.840123079677998,1,0,100.46691255937507,2026-03-29 20:37:40,2020-01-02,9,0,medium,0.2709511574206655,1
TXN_000525,2020-01-01 18:23:54,111.96039902651076,0,ACC_799476,2313,15000,7894.071785765417,61,City_GA_2,GA,68942,MER_35277,Chipotle,restaurant,City_NY_2,NY,US,online,online,0,9.834410559780428,3,0,193.827584226267,2026-03-29 20:37:40,2020-01-01,18,0,low,0.5262714523843611,0
TXN_000526,2020-01-01 11:05:54,1043.214527692911,0,ACC_437462,1359,15000,22.816922573660776,58,City_VA_4,VA,92667,MER_36761,Duke Energy,utilities,City_NY_5,NY,US,atm,manual,0,2.346974272605645,2,0,175.21013021708927,2026-03-29 20:37:40,2020-01-01,11,0,high,0.001521128171577385,0
TXN_000527,2020-01-01 22:04:19,354.7148702206928,0,ACC_466330,507,2000,538.116259238368,42,City_MD_8,MD,40143,MER_74435,Shell,gas_station,City_AZ_2,AZ,US,in-store,chip,0,6.079125650784632,4,0,626.8963406830512,2026-03-29 20:37:40,2020-01-01,22,0,medium,0.269058129619184,0
TXN_000528,2020-01-02 17:04:11,274.1732215834715,0,ACC_882479,2756,1000,837.3398157070875,73,City_VA_8,VA,34509,MER_73944,Walgreens,healthcare,City_MO_7,MO,US,in-store,swipe,0,38.06471511434785,2,0,56.511025667391685,2026-03-29 20:37:40,2020-01-02,17,0,medium,0.8373398157070875,0
TXN_000529,2020-01-02 19:12:18,362.77378064640106,0,ACC_450046,3121,1000,563.9661558519929,63,City_WA_8,WA,97780,MER_41533,Marriott,hotel,City_MD_8,MD,US,in-store,swipe,0,8.178603185321046,7,0,138.80792855425676,2026-03-29 20:37:40,2020-01-02,19,0,medium,0.5639661558519928,0
TXN_000530,2020-01-02 22:40:11,260.325067424401,0,ACC_521773,4260,1000,577.4696828769314,68,City_CA_8,CA,46741,MER_82502,Ticketmaster,entertainment,City_MI_8,MI,US,in-store,contactless,0,3.895958314822485,6,0,226.5657262666712,2026-03-29 20:37:40,2020-01-02,22,0,medium,0.5774696828769315,0
TXN_000531,2020-01-02 22:12:22,350.55804761666184,0,ACC_433478,4535,10000,3831.9608977503553,71,City_MD_1,MD,36898,MER_82123,Publix,grocery,City_IN_8,IN,US,in-store,swipe,0,10.060431704639983,6,1,138.43231065061303,2026-03-29 20:37:40,2020-01-02,22,0,medium,0.38319608977503555,0
TXN_000532,2020-01-01 16:26:03,465.185872100072,0,ACC_568379,1299,10000,6426.485363177904,47,City_PA_2,PA,95674,MER_32880,Best Buy Online,online_retail,City_MA_9,MA,US,online,online,0,21.929331864972767,2,1,224.7506300878547,2026-03-29 20:37:40,2020-01-01,16,0,medium,0.6426485363177904,0
TXN_000533,2020-01-01 14:25:34,163.68674957515884,0,ACC_468863,4211,2000,360.8722558376824,57,City_GA_4,GA,72948,MER_80627,Starbucks,restaurant,City_MD_1,MD,US,in-store,contactless,0,30.38959582878209,2,1,163.05401822015006,2026-03-29 20:37:40,2020-01-01,14,0,low,0.1804361279188412,0
TXN_000534,2020-01-02 21:22:59,497.5668664377615,0,ACC_223099,2633,1000,777.809469864982,66,City_FL_9,FL,71768,MER_51753,Quest Diagnostics,healthcare,City_NC_1,NC,US,online,online,0,12.249642164321878,2,0,127.71510098989827,2026-03-29 20:37:40,2020-01-02,21,0,medium,0.777809469864982,0
TXN_000535,2020-01-01 15:01:38,221.40762318706624,0,ACC_833362,1499,25000,2771.3665984776203,69,City_IL_3,IL,53262,MER_92597,Rite Aid,pharmacy,City_FL_2,FL,US,online,online,0,17.23620859637848,0,1,188.295400038554,2026-03-29 20:37:40,2020-01-01,15,0,medium,0.11085466393910481,0
TXN_000536,2020-01-01 01:31:26,435.5458109541692,0,ACC_797974,407,1000,623.2012869204538,55,City_OH_6,OH,15506,MER_97829,CVS Pharmacy,pharmacy,City_MA_6,MA,US,atm,manual,0,15.17041593365969,3,0,284.20489950045743,2026-03-29 20:37:40,2020-01-01,1,0,medium,0.6232012869204537,0
TXN_000537,2020-01-02 14:43:27,205.056853441028,0,ACC_374864,1710,15000,4861.377892930484,24,City_FL_7,FL,30605,MER_11561,Spotify,entertainment,City_MD_1,MD,US,in-store,swipe,0,0.226103125110206,3,0,107.32005285895518,2026-03-29 20:37:40,2020-01-02,14,0,medium,0.32409185952869896,0
TXN_000538,2020-01-02 00:08:20,575.4436862555284,0,ACC_419752,271,15000,10652.059830800294,36,City_CO_8,CO,88590,MER_63205,Rite Aid,pharmacy,City_TN_5,TN,US,online,online,0,12.587995856218315,2,0,311.917805490234,2026-03-29 20:37:40,2020-01-02,0,0,high,0.7101373220533529,0
TXN_000539,2020-01-02 11:00:20,616.9471767881261,0,ACC_207449,949,2000,1044.552647405438,36,City_FL_7,FL,38231,MER_69810,Holiday Inn,hotel,City_GA_5,GA,FR,in-store,chip,1,22.127058619047443,4,0,192.51196551782667,2026-03-29 20:37:40,2020-01-02,11,0,high,0.5222763237027189,1
TXN_000541,2020-01-02 15:30:02,1330.6485884107344,0,ACC_226613,3954,1000,160.95128198858464,46,City_IL_6,IL,87123,MER_79192,Walgreens Pharmacy,pharmacy,City_CA_5,CA,US,online,online,0,34.634125660554275,3,0,208.1371421875828,2026-03-29 20:37:40,2020-01-02,15,0,outlier,0.16095128198858463,0
TXN_000542,2020-01-02 00:18:28,418.0820869376052,0,ACC_172095,2116,50000,30249.01955350676,56,City_NC_5,NC,23515,MER_97154,Netflix,entertainment,City_OH_1,OH,US,online,online,0,27.74505990865353,3,2,137.10256059831357,2026-03-29 20:37:40,2020-01-02,0,0,medium,0.6049803910701352,0
TXN_000543,2020-01-02 08:52:04,89.25404551484935,0,ACC_730212,2037,25000,23150.78378123481,39,City_TX_4,TX,97211,MER_96066,United Airlines,travel,City_MO_6,MO,US,in-store,contactless,0,8.10197171538965,5,3,96.02987093708369,2026-03-29 20:37:40,2020-01-02,8,0,low,0.9260313512493925,1
TXN_000544,2020-01-01 16:49:26,555.208694916781,0,ACC_577910,830,2000,1568.6465073233285,37,City_OH_1,OH,48622,MER_97408,Marriott,hotel,City_VA_7,VA,US,atm,manual,0,7.380885568141464,4,0,169.96386026974807,2026-03-29 20:37:40,2020-01-01,16,0,medium,0.7843232536616642,0
TXN_000545,2020-01-01 07:33:12,980.1123148272006,0,ACC_720740,2809,15000,855.1167443934181,65,City_IN_7,IN,26600,MER_38330,AMC Theatres,entertainment,City_TN_8,TN,US,online,online,0,15.597142538407638,4,0,200.63073813998136,2026-03-29 20:37:40,2020-01-01,7,0,high,0.05700778295956121,0
TXN_000546,2020-01-01 00:17:42,204.24886223369984,0,ACC_187593,4950,50000,17870.895472156575,46,City_TN_8,TN,37892,MER_26139,RxCrossroads,pharmacy,City_CA_2,CA,US,online,online,0,33.0098255748898,3,0,322.8215430738948,2026-03-29 20:37:40,2020-01-01,0,0,low,0.3574179094431315,0
TXN_000547,2020-01-01 23:21:16,31128.994609220357,0,ACC_791252,785,15000,13189.557880961373,42,City_IN_2,IN,93279,MER_42977,Pacific Gas and Electric,utilities,City_MA_7,MA,US,online,online,0,2.4631345064947494,2,1,227.1025353548353,2026-03-29 20:37:40,2020-01-01,23,0,outlier,0.8793038587307582,0
TXN_000548,2020-01-02 00:56:20,546.4985216262453,0,ACC_993407,2025,10000,4778.915601791703,48,City_CO_7,CO,79310,MER_14983,Whole Foods Market,grocery,City_OH_6,OH,US,in-store,swipe,0,74.07029520880252,4,0,32.7216309172822,2026-03-29 20:37:40,2020-01-02,0,0,medium,0.4778915601791703,0
TXN_000549,2020-01-02 18:23:37,307.4800859903505,0,ACC_439386,1351,2000,1258.0124690355403,21,City_TX_6,TX,31801,MER_49909,Rite Aid,pharmacy,City_IN_9,IN,US,online,online,0,19.585175176224208,5,0,130.4126390893407,2026-03-29 20:37:40,2020-01-02,18,0,medium,0.6290062345177702,0
TXN_000550,2020-01-01 06:01:29,359.7999632048361,0,ACC_226202,2360,2000,1733.9387566236417,64,City_NJ_5,NJ,47695,MER_74480,AMC Theatres,entertainment,City_NY_8,NY,US,in-store,swipe,0,9.146798925276354,3,0,193.00756281968935,2026-03-29 20:37:40,2020-01-01,6,0,medium,0.8669693783118209,0
TXN_000551,2020-01-01 03:06:14,372.45862092660207,1,ACC_177606,139,1000,830.1049558988866,56,City_TX_4,TX,38853,MER_59029,Kroger,grocery,City_NJ_4,NJ,US,online,online,0,29.554567794597787,2,0,140.12373711651696,2026-03-29 20:37:40,2020-01-01,3,0,medium,0.8301049558988866,0
TXN_000552,2020-01-02 00:34:21,10785.527892786957,0,ACC_223769,1046,1000,476.7293567634854,63,City_CA_2,CA,14429,MER_31329,Safeway,grocery,City_PA_9,PA,US,in-store,chip,0,1.143921907433488,1,0,353.0456373403055,2026-03-29 20:37:40,2020-01-02,0,0,outlier,0.4767293567634854,0
TXN_000553,2020-01-02 11:02:54,251.72184095243105,0,ACC_218542,3895,10000,4157.63987524722,57,City_TX_6,TX,14606,MER_46734,Expedia,travel,City_PA_1,PA,US,in-store,contactless,0,16.56045065333333,2,0,435.9625951411146,2026-03-29 20:37:40,2020-01-02,11,0,medium,0.41576398752472193,0
TXN_000554,2020-01-02 04:37:13,257.5640297318465,0,ACC_468582,54,50000,16135.399377780384,22,City_NC_5,NC,14478,MER_52837,Hyatt,hotel,City_MA_6,MA,US,online,online,0,16.636824091090496,2,0,39.68349237757738,2026-03-29 20:37:40,2020-01-02,4,0,medium,0.3227079875556077,0
TXN_000555,2020-01-01 02:35:48,328.6262724565024,0,ACC_887356,4968,5000,3415.3423550237326,37,City_TX_2,TX,93816,MER_84354,Rite Aid,pharmacy,City_OH_8,OH,US,in-store,chip,0,4.417692149667329,0,0,239.55426763168,2026-03-29 20:37:40,2020-01-01,2,0,medium,0.6830684710047465,0
TXN_000557,2020-01-01 10:35:02,184.5674238453163,0,ACC_257550,767,5000,1186.9661305467755,58,City_MI_6,MI,79963,MER_76786,AT&T,utilities,City_IN_2,IN,US,in-store,chip,0,39.84060510576939,2,0,429.2085984755313,2026-03-29 20:37:40,2020-01-01,10,0,low,0.2373932261093551,0
TXN_000558,2020-01-01 20:41:00,731.603508358006,0,ACC_695330,209,5000,1692.1869993679552,41,City_MA_9,MA,80897,MER_14758,Best Western,hotel,City_MO_2,MO,US,online,online,0,4.1434672268808965,3,0,88.8740647561356,2026-03-29 20:37:40,2020-01-01,20,0,high,0.33843739987359106,0
TXN_000559,2020-01-02 04:30:34,275.2860775638895,0,ACC_670706,261,2000,336.70860806970484,29,City_MI_5,MI,35475,MER_77699,LabCorp,healthcare,City_MD_1,MD,CA,in-store,swipe,1,11.307130037608395,3,1,79.28101102327149,2026-03-29 20:37:40,2020-01-02,4,0,medium,0.1683543040348524,1
TXN_000560,2020-01-02 00:58:50,685.8606155460926,0,ACC_555433,1947,25000,16509.095628711973,33,City_IN_9,IN,76177,MER_92673,UnitedHealth,healthcare,City_GA_5,GA,US,in-store,swipe,0,2.645947868501684,1,0,371.99602973105686,2026-03-29 20:37:40,2020-01-02,0,0,high,0.6603638251484789,0
TXN_000561,2020-01-01 01:53:21,1182.1861282603868,0,ACC_724987,372,2000,1170.8572337281632,31,City_NC_9,NC,31730,MER_31832,Amazon,online_retail,City_CO_6,CO,US,in-store,chip,0,47.19719446869865,1,0,289.94484223637664,2026-03-29 20:37:40,2020-01-01,1,0,high,0.5854286168640817,0
TXN_000562,2020-01-02 04:39:10,291.6220855075972,0,ACC_190140,4602,25000,11468.365185251285,36,City_MO_1,MO,31113,MER_11868,Delta Airlines,travel,City_GA_4,GA,US,in-store,chip,0,9.76392361737878,1,1,278.4627927311035,2026-03-29 20:37:40,2020-01-02,4,0,medium,0.4587346074100514,0
TXN_000563,2020-01-02 18:58:17,362.81066232044566,0,ACC_566978,2653,15000,5562.142354477153,36,City_FL_5,FL,30011,MER_60665,Chevron,gas_station,City_NJ_4,NJ,US,in-store,swipe,0,14.464959027345966,1,0,297.7397922552369,2026-03-29 20:37:40,2020-01-02,18,0,medium,0.3708094902984769,0
TXN_000564,2020-01-01 00:25:42,127.29241837132584,0,ACC_636069,484,2000,1727.2188315037895,22,City_NC_9,NC,65746,MER_51862,Starbucks,restaurant,City_NY_5,NY,DE,online,online,1,9.78431994577384,1,0,113.12541336078031,2026-03-29 20:37:40,2020-01-01,0,0,low,0.8636094157518948,1
TXN_000565,2020-01-01 06:01:17,370.27359490075446,0,ACC_498731,4414,2000,55.33519147930004,62,City_TN_7,TN,52853,MER_29728,Starbucks,restaurant,City_AZ_5,AZ,US,in-store,chip,0,9.277534678083809,7,0,163.44814838060032,2026-03-29 20:37:40,2020-01-01,6,0,medium,0.02766759573965002,0
TXN_000566,2020-01-01 10:51:21,475.6679198667518,0,ACC_479502,4655,2000,1461.3047126638685,64,City_FL_6,FL,95195,MER_49857,United Airlines,travel,City_NC_9,NC,US,in-store,chip,0,34.389029582511284,5,0,426.266706740754,2026-03-29 20:37:40,2020-01-01,10,0,medium,0.7306523563319343,0
TXN_000567,2020-01-02 01:51:45,498.27764944596913,0,ACC_398277,2306,50000,42840.704658072216,28,City_TN_6,TN,46818,MER_38183,Expedia,travel,City_CA_8,CA,US,in-store,swipe,0,34.41515945651016,3,0,600.725636238085,2026-03-29 20:37:40,2020-01-02,1,0,medium,0.8568140931614443,0
TXN_000568,2020-01-01 05:17:45,160.44233644571335,0,ACC_197628,625,10000,4240.368504584297,63,City_MD_7,MD,47321,MER_98321,Walgreens,healthcare,City_CA_9,CA,US,in-store,contactless,0,18.234294528599094,4,0,160.96373084596348,2026-03-29 20:37:40,2020-01-01,5,0,low,0.42403685045842965,0
TXN_000569,2020-01-02 00:28:12,517.2238859786272,0,ACC_701234,3904,2000,1046.311933794229,62,City_CA_1,CA,31309,MER_28940,Expedia,travel,City_VA_3,VA,US,in-store,chip,0,26.795628436923117,1,1,115.7976950496552,2026-03-29 20:37:40,2020-01-02,0,0,medium,0.5231559668971145,0
TXN_000570,2020-01-01 15:11:33,199.8231858989471,0,ACC_185058,4560,1000,897.240503487936,33,City_PA_4,PA,28688,MER_15280,Quest Diagnostics,healthcare,City_NJ_3,NJ,FR,online,online,1,17.918748545946954,2,0,484.7391528295424,2026-03-29 20:37:40,2020-01-01,15,0,low,0.897240503487936,1
TXN_000571,2020-01-01 07:29:22,955.8202690025444,0,ACC_581799,4527,1000,201.6636395212387,37,City_MI_1,MI,38176,MER_12164,Hilton,hotel,City_CA_1,CA,US,in-store,chip,0,0.7251460347621398,3,0,274.9409808473856,2026-03-29 20:37:40,2020-01-01,7,0,high,0.2016636395212387,0
TXN_000572,2020-01-01 07:51:35,439.66042889163816,0,ACC_251542,2699,25000,12353.202634886266,59,City_TN_6,TN,78879,MER_89624,Unknown Merchant,gas_station,City_CO_6,CO,US,in-store,contactless,0,1.707143212410717,4,0,204.5358379334021,2026-03-29 20:37:40,2020-01-01,7,0,medium,0.4941281053954506,0
TXN_000573,2020-01-01 03:50:07,342.49108466963696,0,ACC_405273,2165,15000,6764.776061577033,44,City_FL_4,FL,77592,MER_28405,Target.com,online_retail,City_VA_4,VA,US,online,online,0,12.102181268013812,0,0,214.8674958807742,2026-03-29 20:37:40,2020-01-01,3,0,medium,0.4509850707718022,0
TXN_000574,2020-01-02 19:45:04,859.804572241527,1,ACC_370675,3994,10000,2454.730154768516,23,City_WA_1,WA,94728,MER_12821,LabCorp,healthcare,City_IN_8,IN,US,in-store,chip,0,34.63200774892958,3,0,200.02475667256616,2026-03-29 20:37:40,2020-01-02,19,0,high,0.2454730154768516,0
TXN_000575,2020-01-02 23:35:34,390.4960504158036,0,ACC_399182,1595,50000,38883.17844272263,50,City_TN_9,TN,99012,MER_65090,Expedia,travel,City_MA_2,MA,US,online,online,0,61.11127176059961,3,0,526.4713248520084,2026-03-29 20:37:40,2020-01-02,23,0,medium,0.7776635688544526,0
TXN_000576,2020-01-02 22:42:32,496.908543752704,0,ACC_450083,338,25000,21365.51412562685,72,City_CO_4,CO,19416,MER_32516,Trader Joes,grocery,City_TX_2,TX,US,in-store,swipe,0,0.7539634138343796,1,0,401.26315914746215,2026-03-29 20:37:40,2020-01-02,22,0,medium,0.854620565025074,0
TXN_000577,2020-01-02 12:46:36,233.1179559127065,0,ACC_142674,372,1000,742.8359507987984,33,City_PA_6,PA,49994,MER_20473,Walgreens Pharmacy,pharmacy,City_MO_7,MO,US,in-store,chip,0,11.472835942138246,2,0,122.3251144467702,2026-03-29 20:37:40,2020-01-02,12,0,medium,0.7428359507987984,0
TXN_000578,2020-01-02 01:21:07,119.15698352739994,0,ACC_227572,465,10000,1855.91012806178,39,City_NJ_7,NJ,76422,MER_56454,McDonalds,restaurant,City_TN_5,TN,US,online,online,0,6.333060806617638,6,1,658.705718434167,2026-03-29 20:37:40,2020-01-02,1,0,low,0.18559101280617799,0
TXN_000579,2020-01-02 22:23:01,530.9720519240782,0,ACC_850018,206,10000,824.1120372631249,27,City_NY_8,NY,18584,MER_52530,BP,gas_station,City_FL_1,FL,US,in-store,swipe,0,42.2127424479522,1,0,107.61381777083274,2026-03-29 20:37:40,2020-01-02,22,0,medium,0.08241120372631248,0
TXN_000580,2020-01-01 05:31:10,957.5562711131688,0,ACC_575692,168,15000,8627.583915601128,29,City_CO_9,CO,28830,MER_87714,Walgreens Pharmacy,pharmacy,City_GA_7,GA,US,online,online,0,46.76489612669192,3,0,182.1211230471044,2026-03-29 20:37:40,2020-01-01,5,0,high,0.5751722610400752,0
TXN_000581,2020-01-02 22:00:50,270.40251126921095,0,ACC_391975,223,10000,542.4002248438974,39,City_MI_9,MI,95825,MER_92633,Ticketmaster,entertainment,City_TX_7,TX,US,online,online,0,5.779672427020704,4,0,323.7644284897632,2026-03-29 20:37:40,2020-01-02,22,0,medium,0.054240022484389736,0
TXN_000582,2020-01-01 07:26:30,261.1770382836001,0,ACC_681462,3287,2000,1278.36918826036,65,City_CA_8,CA,87066,MER_89632,Delta Airlines,travel,City_AZ_6,AZ,US,online,online,0,31.018275761620263,3,0,351.5161361724003,2026-03-29 20:37:40,2020-01-01,7,0,medium,0.63918459413018,0
TXN_000583,2020-01-02 09:01:14,164.08260754294037,0,ACC_897711,3265,10000,5039.030093108805,74,City_CO_3,CO,13591,MER_79081,UnitedHealth,healthcare,City_MA_4,MA,US,online,online,0,32.89646009935249,4,0,126.7372693214331,2026-03-29 20:37:40,2020-01-02,9,0,low,0.5039030093108805,0
TXN_000584,2020-01-01 07:01:29,323.9891622134263,0,ACC_531436,972,15000,9444.696691597206,60,City_NJ_2,NJ,31395,MER_34798,Best Buy Online,online_retail,City_NC_8,NC,US,online,online,0,4.871729655229786,1,0,205.98119971846825,2026-03-29 20:37:40,2020-01-01,7,0,medium,0.6296464461064805,0
TXN_000585,2020-01-01 04:18:05,583.7838358021647,0,ACC_947042,4650,25000,14016.555874181418,42,City_VA_5,VA,64182,MER_10863,Unknown Merchant,grocery,City_TX_2,TX,US,online,online,0,14.215602398588173,1,0,141.49621777559025,2026-03-29 20:37:40,2020-01-01,4,0,high,0.5606622349672568,0
TXN_000586,2020-01-01 12:21:22,588.8685268827431,0,ACC_545935,3909,15000,6023.511615762212,38,City_AZ_1,AZ,26738,MER_26148,Amazon,online_retail,City_IN_2,IN,US,online,online,0,24.21183458291716,3,0,734.3998425727794,2026-03-29 20:37:40,2020-01-01,12,0,high,0.40156744105081416,0
TXN_000587,2020-01-01 23:56:28,139.78569766219562,0,ACC_880296,3143,50000,9541.66605666084,43,City_GA_3,GA,12631,MER_96545,CVS Pharmacy,pharmacy,City_MI_2,MI,US,in-store,contactless,0,0.6603090654756313,5,0,121.78211732193375,2026-03-29 20:37:40,2020-01-01,23,0,low,0.19083332113321683,0
TXN_000588,2020-01-01 01:19:08,466.60754018313577,0,ACC_153051,2992,15000,4356.255435299462,22,City_NJ_1,NJ,27905,MER_64459,Whole Foods Market,grocery,City_NC_3,NC,US,in-store,contactless,0,12.962702843564362,6,0,369.6559838147053,2026-03-29 20:37:40,2020-01-01,1,0,medium,0.29041702901996413,0
TXN_000589,2020-01-02 15:01:47,931.6740527316784,0,ACC_303085,4866,1000,498.2755455080276,70,City_FL_3,FL,29056,MER_93345,Duke Energy,utilities,City_TX_6,TX,US,in-store,contactless,0,4.209230609553882,2,0,42.29494368857218,2026-03-29 20:37:40,2020-01-02,15,0,high,0.4982755455080276,0
TXN_000590,2020-01-01 01:01:49,441.3492765369314,0,ACC_418796,4987,2000,1238.549377930451,70,City_OH_4,OH,99082,MER_94224,Chipotle,restaurant,City_MD_1,MD,US,in-store,chip,0,19.516503507805165,4,0,202.69595615582483,2026-03-29 20:37:40,2020-01-01,1,0,medium,0.6192746889652255,0
TXN_000591,2020-01-02 10:26:01,268.7091131631834,0,ACC_165524,983,1000,740.508866040302,31,City_MI_7,MI,45447,MER_76189,Expedia,travel,City_IN_2,IN,US,online,online,0,46.2746166315317,2,0,194.23082961615188,2026-03-29 20:37:40,2020-01-02,10,0,medium,0.740508866040302,0
TXN_000592,2020-01-01 08:25:55,183.8235818680021,0,ACC_576152,1332,25000,18220.304563165195,51,City_MD_5,MD,64418,MER_18129,Ticketmaster,entertainment,City_NJ_2,NJ,US,in-store,contactless,0,18.5980646282599,2,0,251.95589224007537,2026-03-29 20:37:40,2020-01-01,8,0,low,0.7288121825266078,0
TXN_000593,2020-01-02 16:03:08,216.59902152337804,0,ACC_368614,3411,5000,4620.271530490156,53,City_FL_5,FL,47190,MER_33118,Duane Reade,pharmacy,City_IN_1,IN,US,in-store,chip,0,0.9161742033833794,1,0,134.39932425068656,2026-03-29 20:37:40,2020-01-02,16,0,medium,0.9240543060980312,0
TXN_000594,2020-01-02 19:29:02,752.487658775072,0,ACC_560814,2910,25000,6788.734405755974,34,City_TX_1,TX,36014,MER_10443,Quest Diagnostics,healthcare,City_MI_3,MI,US,online,online,0,0.752647871126219,3,0,101.37071288644206,2026-03-29 20:37:40,2020-01-02,19,0,high,0.27154937623023895,0
TXN_000595,2020-01-01 11:55:18,301.5738401644025,0,ACC_617733,2217,2000,135.1103456055299,36,City_MO_8,MO,82999,MER_37041,Starbucks,restaurant,City_MO_7,MO,US,in-store,chip,0,23.253602828412347,8,0,66.23429866381653,2026-03-29 20:37:40,2020-01-01,11,0,medium,0.06755517280276495,0
TXN_000596,2020-01-01 14:30:24,154.26929666610397,0,ACC_415617,4917,10000,3283.740887647663,31,City_AZ_4,AZ,60278,MER_99379,AMC Theatres,entertainment,City_PA_1,PA,US,in-store,chip,0,9.93673740413278,6,1,172.05628393896882,2026-03-29 20:37:40,2020-01-01,14,0,low,0.3283740887647663,0
TXN_000597,2020-01-01 10:54:58,271.1605206095913,0,ACC_855477,575,15000,10591.946271943092,53,City_TN_5,TN,11780,MER_31053,eBay,online_retail,City_TN_7,TN,US,online,online,0,21.25476370696644,2,0,42.53486971900003,2026-03-29 20:37:40,2020-01-01,10,0,medium,0.7061297514628728,0
TXN_000598,2020-01-01 22:16:59,178.23546572973493,0,ACC_144439,1957,5000,2081.030342408152,27,City_NJ_2,NJ,69258,MER_47204,Olive Garden,restaurant,City_MO_5,MO,US,online,online,0,4.467316995974388,2,0,73.79041975970273,2026-03-29 20:37:40,2020-01-01,22,0,low,0.41620606848163044,0
TXN_000599,2020-01-01 17:07:09,684.4400752680783,0,ACC_376452,4182,2000,1553.7980181198966,51,City_MI_1,MI,52192,MER_52240,Spotify,entertainment,City_CO_9,CO,US,online,online,0,37.49916115218974,1,1,65.45756089105696,2026-03-29 20:37:40,2020-01-01,17,0,high,0.7768990090599484,0
TXN_000600,2020-01-01 18:20:40,88.84152289344182,0,ACC_191563,34,1000,521.8600469267142,68,City_IN_9,IN,69300,MER_71102,Spotify,entertainment,City_MO_2,MO,GB,in-store,contactless,1,49.28167176889201,2,0,159.2854801703442,2026-03-29 20:37:40,2020-01-01,18,0,low,0.5218600469267142,1
TXN_000601,2020-01-01 07:46:56,690.1791797315135,0,ACC_851616,3511,15000,13249.532047484669,66,City_AZ_2,AZ,53923,MER_18291,Walmart.com,online_retail,City_CA_1,CA,US,in-store,contactless,0,55.00648992792235,2,1,424.81537084484927,2026-03-29 20:37:40,2020-01-01,7,0,high,0.8833021364989779,0
TXN_000602,2020-01-01 06:39:20,70.47912985306134,0,ACC_397225,3283,25000,22511.75674747788,67,City_FL_6,FL,99196,MER_26285,Netflix,entertainment,City_NY_9,NY,US,online,online,0,9.062819806293495,5,0,164.7972950311705,2026-03-29 20:37:40,2020-01-01,6,0,low,0.9004702698991153,0
TXN_000603,2020-01-01 09:19:51,793.2307443714939,0,ACC_830602,1392,1000,65.83928071781126,34,City_MD_1,MD,12395,MER_71589,Shell,gas_station,City_MA_8,MA,US,in-store,chip,0,27.024371241408595,2,0,51.16399426718633,2026-03-29 20:37:40,2020-01-01,9,0,high,0.06583928071781127,0
TXN_000604,2020-01-02 04:42:13,1515.888164082537,0,ACC_543599,1850,2000,867.1855354536062,48,City_TX_1,TX,25779,MER_23944,Publix,grocery,City_CO_6,CO,US,online,online,0,8.17937331969271,6,0,296.85586754165865,2026-03-29 20:37:40,2020-01-02,4,0,outlier,0.4335927677268031,0
TXN_000605,2020-01-02 07:53:41,382.7968179530726,0,ACC_634125,2693,2000,1158.409216374179,73,City_OH_9,OH,81028,MER_98876,Shell,gas_station,City_MI_5,MI,US,online,online,0,35.96673978436547,2,0,324.04002046934465,2026-03-29 20:37:40,2020-01-02,7,0,medium,0.5792046081870895,0
TXN_000606,2020-01-01 10:06:35,578.6821408161562,0,ACC_859495,2968,25000,6076.972844290053,63,City_NC_4,NC,39722,MER_64391,eBay,online_retail,City_IL_8,IL,US,in-store,contactless,0,3.210753574539173,3,0,1006.2522125750252,2026-03-29 20:37:40,2020-01-01,10,0,high,0.24307891377160212,0
TXN_000607,2020-01-02 12:01:35,502.4436790550842,0,ACC_742416,1303,5000,1933.614702050156,36,City_MD_9,MD,17111,MER_11607,Hilton,hotel,City_MA_8,MA,US,in-store,chip,0,35.967581794256894,5,0,184.83986398069416,2026-03-29 20:37:40,2020-01-02,12,0,medium,0.3867229404100312,0
TXN_000608,2020-01-02 18:42:52,429.0891020719297,0,ACC_267896,3356,25000,16094.936601545334,39,City_TN_5,TN,19984,MER_12953,Unknown Merchant,restaurant,City_AZ_5,AZ,US,in-store,contactless,0,14.483350925523832,6,0,354.7446307868136,2026-03-29 20:37:40,2020-01-02,18,0,medium,0.6437974640618134,0
TXN_000609,2020-01-01 09:37:00,211.97085323770065,0,ACC_788433,3689,10000,2153.9751555344333,37,City_TN_7,TN,82328,MER_54941,Verizon,utilities,City_MA_7,MA,US,online,online,0,48.3704581114439,2,0,623.0447826383815,2026-03-29 20:37:40,2020-01-01,9,0,medium,0.21539751555344333,0
TXN_000610,2020-01-02 11:35:48,128.02681714988373,0,ACC_999083,2975,1000,571.8822853257299,46,City_MO_1,MO,36924,MER_81469,UnitedHealth,healthcare,City_MI_1,MI,US,in-store,swipe,0,33.57425006181865,2,0,192.81251662116324,2026-03-29 20:37:40,2020-01-02,11,0,low,0.5718822853257298,0
TXN_000611,2020-01-01 05:42:39,322.8549522536689,0,ACC_721912,3048,5000,3312.877183780454,26,City_NJ_6,NJ,62703,MER_86922,Walgreens,healthcare,City_NC_4,NC,US,in-store,contactless,0,11.81095037685746,3,0,25.68649469850103,2026-03-29 20:37:40,2020-01-01,5,0,medium,0.6625754367560908,0
TXN_000612,2020-01-02 01:56:36,156.639529434254,0,ACC_519515,1161,15000,1289.5724331161014,63,City_OH_8,OH,42577,MER_71683,Duane Reade,pharmacy,City_VA_2,VA,US,online,online,0,58.46546047539274,3,0,301.3289347283573,2026-03-29 20:37:40,2020-01-02,1,0,low,0.08597149554107343,0
TXN_000613,2020-01-01 06:02:12,436.2872241919745,0,ACC_814221,4793,50000,23632.64251130401,69,City_NC_1,NC,17711,MER_80218,Duane Reade,pharmacy,City_OH_3,OH,US,in-store,contactless,0,8.328743928983794,2,0,168.2435699868879,2026-03-29 20:37:40,2020-01-01,6,0,medium,0.47265285022608017,0
TXN_000614,2020-01-02 01:22:42,215.5173078655092,0,ACC_130063,2666,10000,2499.2602842798124,29,City_FL_9,FL,95548,MER_21154,Target.com,online_retail,City_IL_1,IL,US,in-store,contactless,0,85.27258187252768,1,0,361.3745810872453,2026-03-29 20:37:40,2020-01-02,1,0,medium,0.24992602842798123,0
TXN_000615,2020-01-02 20:50:26,102.69316811556384,0,ACC_693741,3059,5000,3440.8351909907115,70,City_WA_3,WA,14096,MER_19047,Rite Aid,pharmacy,City_MI_2,MI,US,online,online,0,36.43975247806541,2,0,136.09618338378164,2026-03-29 20:37:40,2020-01-02,20,0,low,0.6881670381981423,0
TXN_000616,2020-01-01 03:50:43,474.4949522106326,0,ACC_354371,3049,50000,9003.886655504673,37,City_FL_1,FL,76555,MER_98529,Quest Diagnostics,healthcare,City_GA_1,GA,US,in-store,chip,0,116.87600910272822,4,0,349.289812065569,2026-03-29 20:37:40,2020-01-01,3,0,medium,0.18007773311009348,0
TXN_000617,2020-01-02 07:41:05,276.1691224960416,0,ACC_202166,4407,50000,42381.30098806005,51,City_MD_1,MD,99848,MER_85874,Valero,gas_station,City_CO_8,CO,US,online,online,0,1.385297167041856,1,0,81.66440357162608,2026-03-29 20:37:40,2020-01-02,7,0,medium,0.847626019761201,0
TXN_000618,2020-01-01 19:55:26,30710.18341143515,0,ACC_114506,3189,1000,409.39426969241055,32,City_TX_6,TX,85012,MER_24323,Duke Energy,utilities,City_TN_4,TN,US,online,online,0,8.00637288396103,3,0,59.31744989355824,2026-03-29 20:37:40,2020-01-01,19,0,outlier,0.40939426969241055,0
TXN_000619,2020-01-01 04:54:00,38479.16513349983,0,ACC_325413,283,2000,376.20575758435166,43,City_NC_6,NC,18254,MER_47693,LabCorp,healthcare,City_VA_3,VA,US,in-store,chip,0,33.79870083902413,6,0,324.59484510454286,2026-03-29 20:37:40,2020-01-01,4,0,outlier,0.18810287879217583,0
TXN_000620,2020-01-01 14:35:28,351.6768075143459,0,ACC_213604,358,15000,6241.810597992193,74,City_VA_1,VA,87120,MER_68730,ExxonMobil,gas_station,City_NC_1,NC,US,online,online,0,63.856322137281815,5,0,110.32005276715242,2026-03-29 20:37:40,2020-01-01,14,0,medium,0.41612070653281286,0
TXN_000621,2020-01-01 10:40:13,681.2604439566376,1,ACC_126026,2621,25000,9707.664366702536,74,City_TX_3,TX,15965,MER_99170,Holiday Inn,hotel,City_MI_2,MI,US,in-store,swipe,0,0.7298202714399747,7,0,330.0109492810891,2026-03-29 20:37:40,2020-01-01,10,0,high,0.3883065746681015,0
TXN_000622,2020-01-01 14:37:18,400.2790690620284,0,ACC_520888,2860,1000,407.4730115190248,25,City_PA_7,PA,87000,MER_36292,eBay,online_retail,City_TN_3,TN,US,atm,manual,0,0.0002324004698148,6,0,159.47938955597652,2026-03-29 20:37:40,2020-01-01,14,0,medium,0.4074730115190248,0
TXN_000623,2020-01-02 06:35:33,228.29231824199567,0,ACC_414557,3074,10000,5562.832288225745,63,City_IL_3,IL,87975,MER_55111,United Airlines,travel,City_MI_3,MI,US,in-store,swipe,0,7.401010298192578,3,0,696.3548598384733,2026-03-29 20:37:40,2020-01-02,6,0,medium,0.5562832288225745,0
TXN_000624,2020-01-02 05:32:37,169.11161060166552,0,ACC_355116,1450,50000,24755.75193339303,56,City_IL_3,IL,67987,MER_85453,Hyatt,hotel,City_NC_6,NC,US,in-store,swipe,0,47.89545558346496,4,1,418.81595689119206,2026-03-29 20:37:40,2020-01-02,5,0,low,0.49511503866786055,0
TXN_000625,2020-01-02 17:42:39,516.4729471555229,0,ACC_427210,3431,10000,1422.8827509685757,56,City_CO_3,CO,42963,MER_85681,Marriott,hotel,City_NY_8,NY,US,in-store,chip,0,36.43435330346577,1,2,67.6733735452728,2026-03-29 20:37:40,2020-01-02,17,0,medium,0.14228827509685757,0
TXN_000626,2020-01-02 23:55:02,931.6240498481992,0,ACC_290285,2922,50000,3115.005950715225,23,City_IL_7,IL,13273,MER_49491,Walgreens,healthcare,City_MD_6,MD,US,in-store,swipe,0,10.398398239472357,2,1,354.0429530841818,2026-03-29 20:37:40,2020-01-02,23,0,high,0.0623001190143045,0
TXN_000627,2020-01-02 19:12:56,484.2726783867669,0,ACC_150971,684,2000,1385.889352580427,44,City_FL_4,FL,25330,MER_59336,eBay,online_retail,City_NJ_2,NJ,US,online,online,0,0.0503322413411281,2,1,202.97490118893836,2026-03-29 20:37:40,2020-01-02,19,0,medium,0.6929446762902135,0
TXN_000628,2020-01-02 14:23:06,222.3258766091321,0,ACC_520497,789,2000,1063.4631282637956,37,City_NC_4,NC,31494,MER_26905,Safeway,grocery,City_PA_2,PA,US,online,online,0,20.22549897664354,7,0,175.5012890044341,2026-03-29 20:37:40,2020-01-02,14,0,medium,0.5317315641318978,0
TXN_000629,2020-01-01 21:54:19,416.1420108402728,0,ACC_213978,1828,15000,5115.760945129508,59,City_MI_3,MI,86422,MER_40273,AMC Theatres,entertainment,City_PA_7,PA,US,online,online,0,6.793757214668917,7,0,201.528745368609,2026-03-29 20:37:40,2020-01-01,21,0,medium,0.34105072967530053,0
TXN_000630,2020-01-02 03:40:57,147.2793909686675,0,ACC_259163,3001,25000,19198.498284329253,46,City_TN_9,TN,13212,MER_36234,Best Western,hotel,City_MA_1,MA,US,in-store,swipe,0,34.22206361091191,2,0,123.1290806761416,2026-03-29 20:37:40,2020-01-02,3,0,low,0.7679399313731701,0
TXN_000631,2020-01-02 15:27:27,481.0746663277986,0,ACC_936926,4541,15000,5529.833258218637,24,City_MI_2,MI,93441,MER_88885,Rite Aid,pharmacy,City_MA_1,MA,US,in-store,contactless,0,14.780548866192422,5,0,125.16598603590126,2026-03-29 20:37:40,2020-01-02,15,0,medium,0.3686555505479091,0
TXN_000632,2020-01-01 03:03:43,611.3713503593705,0,ACC_203864,3456,2000,1512.3336702411543,65,City_MI_4,MI,97594,MER_76538,Valero,gas_station,City_WA_7,WA,US,online,online,0,28.37687022608606,4,0,132.47167824268308,2026-03-29 20:37:40,2020-01-01,3,0,high,0.7561668351205771,0
TXN_000633,2020-01-01 05:57:27,244.9317530834709,0,ACC_494295,284,2000,580.9366422735118,32,City_MD_8,MD,11080,MER_42573,Trader Joes,grocery,City_IL_9,IL,US,in-store,swipe,0,47.81579684550355,5,1,62.37414708439029,2026-03-29 20:37:40,2020-01-01,5,0,medium,0.2904683211367559,0
TXN_000634,2020-01-02 10:58:19,869.2664003780187,0,ACC_719674,3853,10000,692.0303266793976,21,City_MI_6,MI,42675,MER_74320,Amazon,online_retail,City_AZ_5,AZ,US,online,online,0,19.183829681276407,2,0,288.3544202484358,2026-03-29 20:37:40,2020-01-02,10,0,high,0.06920303266793976,0
TXN_000636,2020-01-01 18:23:23,411.6374016175845,0,ACC_710414,2787,5000,1874.1178640865223,39,City_IN_7,IN,92641,MER_90516,Verizon,utilities,City_VA_5,VA,US,in-store,contactless,0,36.69233385497202,0,0,306.77354265087735,2026-03-29 20:37:40,2020-01-01,18,0,medium,0.37482357281730444,0
TXN_000637,2020-01-02 09:05:56,565.6385799887088,0,ACC_548648,2654,50000,37652.89721034545,41,City_IL_2,IL,56815,MER_82553,Safeway,grocery,City_CO_1,CO,US,online,online,0,7.703489005276949,3,0,261.83558540331387,2026-03-29 20:37:40,2020-01-02,9,0,medium,0.753057944206909,0
TXN_000638,2020-01-02 20:39:35,244.67033567950944,0,ACC_786311,4151,1000,265.18692656118924,72,City_PA_4,PA,93482,MER_51353,Hertz,travel,City_AZ_9,AZ,US,online,online,0,55.52946353441166,3,0,287.90986370102314,2026-03-29 20:37:40,2020-01-02,20,0,medium,0.26518692656118925,0
TXN_000639,2020-01-01 02:35:37,117.29721096221532,0,ACC_705151,3034,2000,1228.0937130349464,38,City_MA_6,MA,10639,MER_26011,LabCorp,healthcare,City_MD_4,MD,US,online,online,0,1.8526744082037137,3,1,147.82948525127907,2026-03-29 20:37:40,2020-01-01,2,0,low,0.6140468565174731,0
TXN_000640,2020-01-01 12:53:47,143.0196768134533,0,ACC_440435,4546,15000,12444.679943922629,63,City_MD_3,MD,73593,MER_93537,Starbucks,restaurant,City_CO_9,CO,US,in-store,chip,0,45.11635238463996,5,0,280.4282911809881,2026-03-29 20:37:40,2020-01-01,12,0,low,0.8296453295948419,0
TXN_000641,2020-01-01 17:05:29,260.9247872348715,0,ACC_225659,3764,25000,989.0455305745326,72,City_MO_9,MO,88038,MER_70985,Steam,entertainment,City_MA_2,MA,US,in-store,chip,0,2.400543322405972,4,0,282.5566039245569,2026-03-29 20:37:40,2020-01-01,17,0,medium,0.039561821222981304,0
TXN_000642,2020-01-02 04:20:23,245.02327275852883,0,ACC_815232,1274,50000,39455.19882258924,23,City_FL_4,FL,13736,MER_27044,UnitedHealth,healthcare,City_CO_7,CO,US,in-store,contactless,0,1.4443557432978482,3,0,166.25187648617185,2026-03-29 20:37:40,2020-01-02,4,0,medium,0.7891039764517849,0
TXN_000643,2020-01-01 23:31:05,329.11709019848007,0,ACC_107235,1038,50000,27138.31773616661,69,City_GA_2,GA,26473,MER_48292,Target.com,online_retail,City_IN_2,IN,US,in-store,swipe,0,11.284726502856262,3,0,431.82821991926886,2026-03-29 20:37:40,2020-01-01,23,0,medium,0.5427663547233322,0
TXN_000644,2020-01-02 05:23:07,493.39566001015686,0,ACC_444877,4344,25000,14427.454155328518,64,City_TN_6,TN,44019,MER_15250,Starbucks,restaurant,City_AZ_4,AZ,US,in-store,chip,0,78.40323926613156,4,0,149.62112675358054,2026-03-29 20:37:40,2020-01-02,5,0,medium,0.5770981662131407,0
TXN_000645,2020-01-02 21:16:33,617.9344939032194,0,ACC_162712,1540,25000,12425.002519142086,52,City_MD_1,MD,96623,MER_33289,Expedia,travel,City_MO_6,MO,GB,online,online,1,102.5887513636865,4,0,764.7234605913679,2026-03-29 20:37:40,2020-01-02,21,0,high,0.49700010076568346,1
TXN_000646,2020-01-01 09:15:07,665.2508899514623,0,ACC_252545,1989,50000,41537.567405973015,30,City_CO_6,CO,46820,MER_43087,Olive Garden,restaurant,City_IL_2,IL,US,online,online,0,5.643375812763716,2,0,273.91988768872204,2026-03-29 20:37:40,2020-01-01,9,0,high,0.8307513481194603,0
TXN_000647,2020-01-02 20:00:27,1196.3818300930895,0,ACC_822927,2538,5000,206.3084468692779,60,City_NY_1,NY,94861,MER_85952,Pacific Gas and Electric,utilities,City_VA_2,VA,US,online,online,0,4.022933426006732,3,0,140.3101722572751,2026-03-29 20:37:40,2020-01-02,20,0,outlier,0.04126168937385558,0
TXN_000648,2020-01-02 11:16:56,170.3553420815582,0,ACC_862178,4788,15000,3719.6545793858354,35,City_MI_8,MI,67589,MER_46368,RxCrossroads,pharmacy,City_MI_2,MI,US,in-store,contactless,0,10.88342141410998,6,1,186.18975728051467,2026-03-29 20:37:40,2020-01-02,11,0,low,0.2479769719590557,0
TXN_000649,2020-01-01 01:20:35,1217.3441155538212,0,ACC_225849,2712,5000,4159.872059580987,25,City_TX_5,TX,75807,MER_80815,Rite Aid,pharmacy,City_GA_3,GA,US,online,online,0,10.277781977405146,3,0,600.6041402644312,2026-03-29 20:37:40,2020-01-01,1,0,outlier,0.8319744119161975,0
TXN_000650,2020-01-01 05:35:59,303.3304532401746,0,ACC_355493,1019,2000,1429.4568348107164,24,City_FL_6,FL,28414,MER_71040,Walgreens,healthcare,City_PA_5,PA,US,in-store,chip,0,35.63553677110209,1,0,483.8502387767783,2026-03-29 20:37:40,2020-01-01,5,0,medium,0.7147284174053582,0
TXN_000651,2020-01-02 09:49:50,280.0120891240668,0,ACC_704111,4314,1000,16.762902169675552,48,City_PA_2,PA,34220,MER_68900,CVS Health,healthcare,City_MA_9,MA,US,online,online,0,14.674630587155256,3,0,24.56936311333775,2026-03-29 20:37:40,2020-01-02,9,0,medium,0.01676290216967555,0
TXN_000652,2020-01-02 05:20:16,596.8314496300051,0,ACC_204215,284,25000,0.0,73,City_NJ_2,NJ,70531,MER_25494,Walmart.com,online_retail,City_VA_6,VA,US,atm,manual,0,37.83996792077748,3,1,398.7608931810525,2026-03-29 20:37:40,2020-01-02,5,0,high,,0
TXN_000653,2020-01-02 22:59:20,209.99758926186615,0,ACC_865359,4193,15000,7546.410700155616,72,City_AZ_9,AZ,52425,MER_55166,Target.com,online_retail,City_PA_9,PA,US,online,online,0,34.52899882205105,2,0,125.0960968787272,2026-03-29 20:37:40,2020-01-02,22,0,medium,0.503094046677041,0
TXN_000654,2020-01-01 21:52:32,532.8830957218229,0,ACC_132230,4741,25000,9520.95070928787,71,City_TN_3,TN,19387,MER_35333,Valero,gas_station,City_VA_5,VA,US,atm,manual,0,21.58714630141951,4,0,135.55223209339746,2026-03-29 20:37:40,2020-01-01,21,0,medium,0.3808380283715148,0
TXN_000655,2020-01-01 15:21:24,903.8444548813692,0,ACC_446717,4999,5000,1412.6183272944509,73,City_MD_6,MD,86815,MER_43050,Verizon,utilities,City_MA_6,MA,US,online,online,0,44.8208160830841,3,0,189.72497983835413,2026-03-29 20:37:40,2020-01-01,15,0,high,0.2825236654588902,0
TXN_000656,2020-01-01 15:50:43,249.3700830700857,0,ACC_847948,4482,10000,6476.38607891725,24,City_TX_5,TX,37584,MER_89566,Best Buy Online,online_retail,City_VA_8,VA,US,in-store,chip,0,5.442949489354888,1,1,155.45006611032494,2026-03-29 20:37:40,2020-01-01,15,0,medium,0.647638607891725,0
TXN_000657,2020-01-02 22:16:59,23064.72468046599,0,ACC_562092,285,2000,394.8018829390322,35,City_IN_4,IN,54783,MER_98257,Marriott,hotel,City_NC_3,NC,US,in-store,swipe,0,4.412776630891217,1,0,122.6226484794202,2026-03-29 20:37:40,2020-01-02,22,0,outlier,0.19740094146951612,0
TXN_000658,2020-01-02 02:56:47,499.5546914459474,0,ACC_402788,1037,1000,759.0011339681207,37,City_NC_2,NC,49809,MER_58070,AT&T,utilities,City_MD_2,MD,US,in-store,chip,0,34.72246959241629,2,0,120.55771248698537,2026-03-29 20:37:40,2020-01-02,2,0,medium,0.7590011339681207,0
TXN_000659,2020-01-01 23:00:44,1319.0013312555357,0,ACC_279736,1785,2000,1525.7706054581963,64,City_IN_8,IN,64327,MER_15166,Chevron,gas_station,City_TX_3,TX,US,in-store,contactless,0,7.019219350096955,4,0,35.176534888801974,2026-03-29 20:37:40,2020-01-01,23,0,outlier,0.7628853027290982,0
TXN_000660,2020-01-01 07:38:52,65.0931046700654,0,ACC_931635,2601,10000,3944.9836569417935,23,City_MA_7,MA,20857,MER_17121,CVS Pharmacy,pharmacy,City_WA_9,WA,US,online,online,0,0.0699573849880214,2,0,133.30043992774392,2026-03-29 20:37:40,2020-01-01,7,0,low,0.39449836569417934,0
TXN_000661,2020-01-02 21:57:01,220.99540264697285,0,ACC_428821,3938,1000,269.37061036416526,30,City_OH_2,OH,52261,MER_24677,Kroger,grocery,City_WA_6,WA,US,in-store,swipe,0,60.74914844675536,4,0,352.977762686871,2026-03-29 20:37:40,2020-01-02,21,0,medium,0.26937061036416526,0
TXN_000662,2020-01-02 10:00:02,106.42123185456808,0,ACC_518641,3027,10000,2696.8427251117755,67,City_MD_6,MD,83588,MER_66561,Chevron,gas_station,City_GA_4,GA,US,online,online,0,24.38357876625173,2,0,288.3948583502819,2026-03-29 20:37:40,2020-01-02,10,0,low,0.26968427251117755,0
TXN_000664,2020-01-02 13:59:45,382.4514629250213,0,ACC_184817,3795,5000,3418.0013175594536,43,City_CA_7,CA,23580,MER_97409,CVS Health,healthcare,City_FL_2,FL,US,in-store,contactless,0,32.341649809325745,5,0,36.5487565488369,2026-03-29 20:37:40,2020-01-02,13,0,medium,0.6836002635118907,0
TXN_000665,2020-01-01 15:36:18,998.0334531013328,0,ACC_338657,4409,50000,17046.262822208293,38,City_FL_1,FL,28240,MER_47664,Netflix,entertainment,City_PA_4,PA,US,atm,manual,0,10.136567694599348,1,0,258.1801584503402,2026-03-29 20:37:40,2020-01-01,15,0,high,0.3409252564441659,0
TXN_000666,2020-01-01 13:43:27,119.66098264183968,0,ACC_317033,3413,2000,1159.082356369728,21,City_MO_5,MO,93446,MER_11293,Subway,restaurant,City_PA_9,PA,US,in-store,contactless,0,76.79701195980229,4,1,75.65469510462233,2026-03-29 20:37:40,2020-01-01,13,0,low,0.579541178184864,0
TXN_000667,2020-01-01 14:09:50,305.7456667167428,0,ACC_331414,128,2000,726.7204751069291,55,City_GA_2,GA,85752,MER_32443,Walgreens Pharmacy,pharmacy,City_VA_4,VA,US,online,online,0,1.777205798789227,1,0,200.70426802240877,2026-03-29 20:37:40,2020-01-01,14,0,medium,0.3633602375534646,0
TXN_000668,2020-01-02 11:57:53,856.7137105029426,0,ACC_356812,226,2000,578.5940593876284,73,City_MD_6,MD,56111,MER_59212,Delta Airlines,travel,City_VA_5,VA,US,online,online,0,25.607214630065943,4,0,70.40849849653426,2026-03-29 20:37:40,2020-01-02,11,0,high,0.28929702969381416,0
TXN_000669,2020-01-01 16:09:01,268.0261912763109,0,ACC_956238,2559,15000,354.2481018000668,51,City_PA_7,PA,44866,MER_94131,Expedia,travel,City_IN_8,IN,US,in-store,swipe,0,37.5470620061164,5,0,55.0181800554814,2026-03-29 20:37:40,2020-01-01,16,0,medium,0.023616540120004456,0
TXN_000670,2020-01-02 19:01:05,248.1728713731077,0,ACC_404958,907,10000,37.18400448621106,64,City_CA_7,CA,90974,MER_85276,Walmart.com,online_retail,City_OH_2,OH,US,in-store,chip,0,15.830760013334247,2,0,125.55192410184766,2026-03-29 20:37:40,2020-01-02,19,0,medium,0.0037184004486211057,0
TXN_000671,2020-01-01 15:42:50,219.67466144437,0,ACC_694507,1898,10000,2158.4729394040423,21,City_GA_3,GA,83401,MER_22559,CVS Pharmacy,pharmacy,City_MA_3,MA,US,in-store,contactless,0,35.15919784456149,2,0,182.32928030330388,2026-03-29 20:37:40,2020-01-01,15,0,medium,0.21584729394040422,0
TXN_000672,2020-01-02 22:56:04,151.3810782511826,0,ACC_270956,2695,25000,9652.149311523644,23,City_CA_7,CA,92093,MER_75231,Holiday Inn,hotel,City_IN_6,IN,US,online,online,0,65.4017291046157,4,1,174.7452312722891,2026-03-29 20:37:40,2020-01-02,22,0,low,0.3860859724609458,0
TXN_000673,2020-01-01 00:16:55,146.12182904675095,0,ACC_457489,1418,10000,8086.981089939572,23,City_MD_5,MD,22211,MER_49044,Best Buy Online,online_retail,City_MI_7,MI,US,online,online,0,34.06385023287129,4,0,263.7061700957547,2026-03-29 20:37:40,2020-01-01,0,0,low,0.8086981089939571,0
TXN_000674,2020-01-01 17:10:13,196.8532223797561,0,ACC_357134,2445,25000,18964.0007695976,57,City_NJ_8,NJ,68985,MER_31747,Walmart.com,online_retail,City_CO_4,CO,US,in-store,chip,0,9.253662956328446,4,0,162.60346301006493,2026-03-29 20:37:40,2020-01-01,17,0,low,0.7585600307839039,0
TXN_000676,2020-01-02 03:54:57,17749.20845772468,0,ACC_955754,2667,5000,1161.5671041754215,49,City_NJ_7,NJ,13646,MER_90869,CVS Pharmacy,pharmacy,City_NC_7,NC,US,in-store,chip,0,60.64807762306228,4,0,72.87028291087366,2026-03-29 20:37:40,2020-01-02,3,0,outlier,0.2323134208350843,0
TXN_000677,2020-01-02 14:44:47,226.20008904784623,1,ACC_121650,1095,25000,5398.899187913152,45,City_MD_6,MD,65371,MER_40129,McDonalds,restaurant,City_MA_9,MA,US,online,online,0,14.904946144542915,3,0,184.45522242886912,2026-03-29 20:37:40,2020-01-02,14,0,medium,0.21595596751652607,0
TXN_000678,2020-01-02 07:20:16,14.7919601250059,0,ACC_456386,451,2000,644.5509470048473,53,City_MI_2,MI,52816,MER_10037,Walmart.com,online_retail,City_TN_1,TN,US,online,online,0,28.618905404916912,4,0,625.7236364174942,2026-03-29 20:37:40,2020-01-02,7,0,low,0.3222754735024237,0
TXN_000679,2020-01-02 11:46:18,73.48983126234437,0,ACC_924628,2913,5000,2366.4439179180054,56,City_VA_6,VA,99460,MER_58503,Ticketmaster,entertainment,City_GA_1,GA,US,online,online,0,15.661277456223871,3,1,611.1725977801266,2026-03-29 20:37:40,2020-01-02,11,0,low,0.47328878358360105,0
TXN_000680,2020-01-01 17:18:12,14.29185874118245,0,ACC_270521,1234,50000,20836.719171499837,49,City_CA_9,CA,54112,MER_38207,Verizon,utilities,City_TN_1,TN,US,online,online,0,3.2340497580281595,2,0,168.28857871836024,2026-03-29 20:37:40,2020-01-01,17,0,low,0.41673438342999675,0
TXN_000681,2020-01-01 06:37:13,81.62539769941056,0,ACC_270733,574,15000,3110.3930826362857,46,City_OH_2,OH,61048,MER_43241,Best Western,hotel,City_IL_7,IL,US,in-store,contactless,0,1.5096159683305252,4,1,349.62414215398,2026-03-29 20:37:40,2020-01-01,6,0,low,0.20735953884241906,0
TXN_000682,2020-01-02 13:33:50,731.0774514648765,0,ACC_916141,4196,10000,1239.288394464371,24,City_IN_1,IN,64911,MER_10058,Marriott,hotel,City_MO_9,MO,US,atm,manual,0,76.0569527578447,6,0,217.20044104469645,2026-03-29 20:37:40,2020-01-02,13,0,high,0.12392883944643711,0
TXN_000683,2020-01-01 05:38:29,365.59403188031297,0,ACC_342037,3669,25000,298.7230465471403,69,City_MI_5,MI,85446,MER_78172,Best Buy Online,online_retail,City_CO_3,CO,US,in-store,chip,0,23.703680959421256,4,0,124.16753957617868,2026-03-29 20:37:40,2020-01-01,5,0,medium,0.011948921861885613,0
TXN_000684,2020-01-01 01:56:10,223.1404647643893,0,ACC_180428,1253,2000,292.5301534663573,34,City_PA_6,PA,11778,MER_24834,Ticketmaster,entertainment,City_AZ_8,AZ,US,online,online,0,2.740207929102424,4,1,71.89111172528024,2026-03-29 20:37:40,2020-01-01,1,0,medium,0.14626507673317865,0
TXN_000685,2020-01-01 20:07:54,576.3156474797438,0,ACC_306251,3202,1000,670.0885516844123,70,City_IN_3,IN,55752,MER_91113,Comcast,utilities,City_TX_9,TX,US,in-store,swipe,0,48.69955508918003,0,0,521.8812437527549,2026-03-29 20:37:40,2020-01-01,20,0,high,0.6700885516844123,0
TXN_000686,2020-01-01 12:55:40,221.68467912757515,0,ACC_634231,797,50000,11572.832043915188,47,City_MO_8,MO,94977,MER_37190,Trader Joes,grocery,City_NY_3,NY,US,atm,manual,0,18.48989188128422,0,0,205.44350251641848,2026-03-29 20:37:40,2020-01-01,12,0,medium,0.23145664087830378,0
TXN_000687,2020-01-02 18:04:16,92.92746193093528,0,ACC_798600,3687,1000,445.1717196154343,53,City_IL_7,IL,80726,MER_82832,UnitedHealth,healthcare,City_AZ_3,AZ,US,online,online,0,36.95279852533834,5,1,161.3113461335735,2026-03-29 20:37:40,2020-01-02,18,0,low,0.44517171961543434,0
TXN_000688,2020-01-01 05:00:17,204.73999478435096,0,ACC_538976,684,5000,2808.6804573854124,42,City_MO_2,MO,90840,MER_31383,UnitedHealth,healthcare,City_OH_1,OH,US,online,online,0,3.3885122556233465,5,0,30.3263346262815,2026-03-29 20:37:40,2020-01-01,5,0,medium,0.5617360914770825,0
TXN_000689,2020-01-01 21:04:40,605.9195687417409,0,ACC_121042,2476,10000,8424.988576900267,68,City_IN_7,IN,37289,MER_34660,LabCorp,healthcare,City_MA_2,MA,MX,in-store,swipe,1,59.35482876760452,3,2,473.38440064425424,2026-03-29 20:37:40,2020-01-01,21,0,high,0.8424988576900266,1
TXN_000690,2020-01-02 05:19:30,386.3665724508928,0,ACC_877130,250,1000,844.4123434737485,23,City_TN_1,TN,54788,MER_12674,Chevron,gas_station,City_IN_7,IN,US,online,online,0,22.322623080604828,4,0,235.85473122981824,2026-03-29 20:37:40,2020-01-02,5,0,medium,0.8444123434737485,0
TXN_000692,2020-01-02 12:30:56,317.06261078541525,0,ACC_418903,4307,15000,500.9871366911452,41,City_WA_7,WA,84822,MER_95040,Delta Airlines,travel,City_NC_7,NC,US,online,online,0,0.7970644694359282,3,0,137.56137146265291,2026-03-29 20:37:40,2020-01-02,12,0,medium,0.03339914244607635,0
TXN_000693,2020-01-01 00:06:44,202.9731365241257,0,ACC_468117,4432,5000,2731.584490655721,61,City_TN_6,TN,10045,MER_35666,Hertz,travel,City_AZ_5,AZ,US,in-store,chip,0,9.46954123975604,1,0,214.61625773991983,2026-03-29 20:37:40,2020-01-01,0,0,low,0.5463168981311441,0
TXN_000694,2020-01-02 23:46:55,880.3751742016973,0,ACC_930738,2599,50000,37362.71486449656,43,City_NJ_2,NJ,17758,MER_53794,Unknown Merchant,gas_station,City_TN_8,TN,US,in-store,chip,0,7.780435531766358,5,2,253.76912342447304,2026-03-29 20:37:40,2020-01-02,23,0,high,0.7472542972899311,0
TXN_000695,2020-01-02 20:31:01,181.6770928544044,0,ACC_994801,1043,5000,82.11821262597523,24,City_PA_3,PA,33437,MER_12076,Amazon,online_retail,City_WA_5,WA,US,in-store,swipe,0,74.69162022477211,1,0,406.052372768347,2026-03-29 20:37:40,2020-01-02,20,0,low,0.016423642525195046,0
TXN_000696,2020-01-01 03:32:43,601.232098160842,0,ACC_810731,2081,50000,0.0,41,City_NY_1,NY,29585,MER_74854,Rite Aid,pharmacy,City_PA_3,PA,GB,in-store,chip,1,5.124566849798384,3,0,150.83632811449834,2026-03-29 20:37:40,2020-01-01,3,0,high,,1
TXN_000697,2020-01-02 17:30:56,113.8850786986058,0,ACC_776278,4015,5000,4074.37969248364,57,City_CA_5,CA,19854,MER_62342,Rite Aid,pharmacy,City_CA_9,CA,US,in-store,chip,0,30.69398068091776,3,0,164.2987987289343,2026-03-29 20:37:40,2020-01-02,17,0,low,0.814875938496728,0
TXN_000698,2020-01-02 03:15:42,589.5293758145435,0,ACC_914811,4973,2000,900.7939441003072,63,City_MO_9,MO,62076,MER_47555,Walgreens,healthcare,City_FL_7,FL,US,in-store,chip,0,1.0923596093459431,4,0,121.1145364978842,2026-03-29 20:37:40,2020-01-02,3,0,high,0.45039697205015355,0
TXN_000699,2020-01-02 15:08:52,491.4880515516472,0,ACC_482811,4929,5000,19.504463762880142,51,City_IL_6,IL,66950,MER_65208,Duane Reade,pharmacy,City_NY_5,NY,US,in-store,chip,0,5.506321014128337,6,0,953.9493817006884,2026-03-29 20:37:40,2020-01-02,15,0,medium,0.0039008927525760284,0
TXN_000700,2020-01-01 22:24:02,592.5277295960999,0,ACC_601691,4340,25000,261.5672604706771,41,City_WA_5,WA,27349,MER_42406,Best Buy Online,online_retail,City_IN_7,IN,US,in-store,contactless,0,10.334811955555876,1,0,316.1554822283571,2026-03-29 20:37:40,2020-01-01,22,0,high,0.010462690418827084,0
TXN_000701,2020-01-01 14:03:32,108.96561647961528,0,ACC_314304,3049,5000,1979.021177715315,46,City_MI_3,MI,31348,MER_71572,Safeway,grocery,City_TX_9,TX,US,in-store,chip,0,39.55844255655364,2,1,187.47799030008903,2026-03-29 20:37:40,2020-01-01,14,0,low,0.395804235543063,0
TXN_000702,2020-01-01 06:32:54,385.80287507894747,0,ACC_496178,3711,2000,294.5164680918337,61,City_IL_5,IL,44296,MER_50262,BP,gas_station,City_MD_5,MD,US,online,online,0,39.013405774192925,3,0,124.7604436656625,2026-03-29 20:37:40,2020-01-01,6,0,medium,0.14725823404591684,0
TXN_000703,2020-01-01 06:32:04,163.49533711121106,0,ACC_769211,1473,2000,1262.456248477193,55,City_AZ_8,AZ,29455,MER_96661,Publix,grocery,City_CO_7,CO,US,in-store,swipe,0,76.22930820835937,1,1,499.1145708091101,2026-03-29 20:37:40,2020-01-01,6,0,low,0.6312281242385965,0
TXN_000704,2020-01-01 03:01:56,60.973963648242446,0,ACC_538963,4226,15000,10100.389524912693,58,City_IN_2,IN,88824,MER_33216,Hilton,hotel,City_GA_9,GA,US,in-store,contactless,0,62.15293536176113,4,0,158.29959070756172,2026-03-29 20:37:40,2020-01-01,3,0,low,0.6733593016608461,0
TXN_000705,2020-01-01 01:20:09,151.3519953452167,0,ACC_414493,3040,50000,8449.290284379858,44,City_CA_5,CA,64021,MER_78117,Walgreens Pharmacy,pharmacy,City_MA_1,MA,US,in-store,contactless,0,2.1257316135080453,2,0,222.70548657589845,2026-03-29 20:37:40,2020-01-01,1,0,low,0.16898580568759716,0
TXN_000706,2020-01-02 21:21:13,808.2486913143757,0,ACC_301904,602,10000,8441.066240982605,31,City_TX_6,TX,81923,MER_91136,AT&T,utilities,City_PA_4,PA,US,online,online,0,44.27947598668629,3,1,79.18745733151826,2026-03-29 20:37:40,2020-01-02,21,0,high,0.8441066240982605,0
TXN_000707,2020-01-02 16:08:48,806.7515903038346,0,ACC_811716,1362,1000,419.8124527299796,61,City_OH_8,OH,49293,MER_40284,Quest Diagnostics,healthcare,City_CO_1,CO,US,online,online,0,14.99932653729208,3,1,333.4264175597894,2026-03-29 20:37:40,2020-01-02,16,0,high,0.41981245272997963,0
TXN_000708,2020-01-02 09:41:28,117.0256859262406,0,ACC_770105,4783,1000,135.70361221232756,49,City_MI_8,MI,98552,MER_30171,Valero,gas_station,City_TX_8,TX,US,in-store,swipe,0,50.22664427385776,4,1,288.47182601751064,2026-03-29 20:37:40,2020-01-02,9,0,low,0.13570361221232755,0
TXN_000709,2020-01-01 10:46:05,335.09297306830405,0,ACC_105730,4032,5000,3630.195090829628,67,City_CO_5,CO,56116,MER_24333,CVS Health,healthcare,City_MA_3,MA,US,in-store,chip,0,2.3381661981883246,2,0,142.7046654409417,2026-03-29 20:37:40,2020-01-01,10,0,medium,0.7260390181659256,0
TXN_000710,2020-01-02 22:04:48,37656.2538950047,0,ACC_507137,3164,15000,11257.13662523901,23,City_OH_9,OH,50484,MER_40535,Walgreens Pharmacy,pharmacy,City_CO_2,CO,US,atm,manual,0,43.25754713214669,3,1,202.36406036004965,2026-03-29 20:37:40,2020-01-02,22,0,outlier,0.7504757750159341,0
TXN_000711,2020-01-01 12:31:46,125.69680405778944,0,ACC_853790,4116,5000,3036.6534951609237,21,City_TN_4,TN,40215,MER_99023,Subway,restaurant,City_VA_4,VA,US,in-store,contactless,0,4.3481976264248665,6,2,365.4747184251329,2026-03-29 20:37:40,2020-01-01,12,0,low,0.6073306990321847,0
TXN_000712,2020-01-01 14:58:52,499.42299783524834,0,ACC_302210,255,1000,810.7922755424254,72,City_IL_9,IL,91638,MER_85940,CVS Pharmacy,pharmacy,City_NY_3,NY,US,in-store,contactless,0,10.155696100531818,1,0,72.65042923937065,2026-03-29 20:37:40,2020-01-01,14,0,medium,0.8107922755424254,0
TXN_000713,2020-01-02 17:09:32,630.8006842789474,0,ACC_838471,4230,50000,35025.21617145689,74,City_VA_7,VA,13404,MER_43700,Valero,gas_station,City_MI_5,MI,US,in-store,chip,0,0.7318173868177975,2,0,84.86578240180319,2026-03-29 20:37:40,2020-01-02,17,0,high,0.7005043234291377,0
TXN_000714,2020-01-01 15:51:31,287.5491904865398,0,ACC_119023,2027,50000,41904.77251828205,39,City_IN_6,IN,47260,MER_93583,United Airlines,travel,City_AZ_8,AZ,US,in-store,chip,0,3.3019708649376014,4,0,152.43581417209273,2026-03-29 20:37:40,2020-01-01,15,0,medium,0.838095450365641,0
TXN_000715,2020-01-01 06:05:49,171.6452010789007,0,ACC_751084,801,50000,20609.68230306027,66,City_TN_4,TN,75642,MER_51516,Shell,gas_station,City_AZ_8,AZ,US,atm,manual,0,14.752398073237275,3,0,275.6372622527333,2026-03-29 20:37:40,2020-01-01,6,0,low,0.41219364606120545,0
TXN_000716,2020-01-01 10:29:04,290.244698917101,0,ACC_967965,4554,2000,1420.4345433889407,69,City_CO_2,CO,90731,MER_25577,Steam,entertainment,City_NY_7,NY,US,in-store,swipe,0,42.64023272421758,2,1,440.09524106985793,2026-03-29 20:37:40,2020-01-01,10,0,medium,0.7102172716944704,0
TXN_000717,2020-01-02 06:05:19,78.13104772724677,0,ACC_445430,463,10000,9497.63985257592,42,City_TN_8,TN,56009,MER_99834,Duke Energy,utilities,City_CA_8,CA,US,online,online,0,37.14400393892471,2,0,144.9783582885575,2026-03-29 20:37:40,2020-01-02,6,0,low,0.949763985257592,0
TXN_000718,2020-01-02 01:36:33,683.7261693500753,0,ACC_928411,3129,15000,10330.269564654573,34,City_MD_6,MD,39605,MER_25015,Duane Reade,pharmacy,City_CO_5,CO,US,atm,manual,0,6.706718800145703,2,0,137.43732699526927,2026-03-29 20:37:40,2020-01-02,1,0,high,0.6886846376436382,0
TXN_000719,2020-01-01 10:03:07,254.0174044871937,0,ACC_909269,2759,2000,0.0,69,City_MA_3,MA,63205,MER_31236,Ticketmaster,entertainment,City_CA_6,CA,US,online,online,0,4.112741833123351,1,0,159.5101142013899,2026-03-29 20:37:40,2020-01-01,10,0,medium,,0
TXN_000720,2020-01-02 14:25:11,713.3526935799309,0,ACC_508213,3437,10000,4924.027863077238,34,City_VA_7,VA,47569,MER_76640,Airbnb,travel,City_TX_8,TX,US,in-store,contactless,0,12.327240311166817,3,1,290.12708631560304,2026-03-29 20:37:40,2020-01-02,14,0,high,0.4924027863077238,0
TXN_000721,2020-01-02 10:34:14,368.4408687476455,0,ACC_991407,3170,15000,8369.706025213147,64,City_MI_7,MI,15580,MER_93190,Target.com,online_retail,City_MD_1,MD,US,in-store,chip,0,53.69693860893621,3,0,65.3907416218709,2026-03-29 20:37:40,2020-01-02,10,0,medium,0.5579804016808765,0
TXN_000722,2020-01-01 04:01:29,146.40529188991232,0,ACC_800399,895,15000,2482.5021197673213,36,City_TX_6,TX,15400,MER_55704,eBay,online_retail,City_MI_6,MI,US,in-store,chip,0,2.3969480629756865,5,0,130.8922061845559,2026-03-29 20:37:40,2020-01-01,4,0,low,0.16550014131782143,0
TXN_000723,2020-01-01 17:11:17,29.037781833262024,0,ACC_620610,2823,1000,914.7470524691356,53,City_OH_2,OH,49643,MER_52369,Pacific Gas and Electric,utilities,City_FL_6,FL,US,in-store,swipe,0,19.57209361539813,4,0,83.47126208521104,2026-03-29 20:37:40,2020-01-01,17,0,low,0.9147470524691356,0
TXN_000724,2020-01-01 13:52:02,313.52960332092084,0,ACC_120923,2941,2000,333.601577505771,33,City_WA_8,WA,96173,MER_13646,Marriott,hotel,City_FL_5,FL,US,online,online,0,2.3250268795735707,2,0,137.44997199435235,2026-03-29 20:37:40,2020-01-01,13,0,medium,0.16680078875288548,0
TXN_000725,2020-01-02 02:07:54,251.8235388677524,0,ACC_895308,2445,15000,2530.2003559134246,58,City_NY_1,NY,49015,MER_97007,Duke Energy,utilities,City_WA_4,WA,US,in-store,contactless,0,15.881964529014708,1,0,209.3290254903528,2026-03-29 20:37:40,2020-01-02,2,0,medium,0.16868002372756163,0
TXN_000726,2020-01-02 21:18:41,463.1535087561609,0,ACC_947405,280,25000,21735.21952689568,69,City_MA_1,MA,81713,MER_35906,Duke Energy,utilities,City_NC_1,NC,US,online,online,0,3.3895233492481047,3,0,112.03480868019716,2026-03-29 20:37:40,2020-01-02,21,0,medium,0.8694087810758271,0
TXN_000727,2020-01-01 10:18:51,131.89617794346356,0,ACC_496103,4981,50000,22097.258073279376,32,City_CA_6,CA,82805,MER_96643,AT&T,utilities,City_OH_8,OH,US,in-store,chip,0,2.0936977428487724,5,0,315.1709861065296,2026-03-29 20:37:40,2020-01-01,10,0,low,0.44194516146558754,0
TXN_000728,2020-01-02 08:09:25,295.0200012225929,0,ACC_294795,3787,15000,900.4329796618558,71,City_NY_5,NY,24974,MER_57728,AT&T,utilities,City_TN_6,TN,US,online,online,0,5.294253519408632,6,0,28.446254858838607,2026-03-29 20:37:40,2020-01-02,8,0,medium,0.06002886531079039,0
TXN_000729,2020-01-01 20:32:43,457.3242575800121,0,ACC_928854,4686,10000,5682.781249416022,58,City_MI_9,MI,24037,MER_24878,Duke Energy,utilities,City_MO_3,MO,US,online,online,0,7.367869245581065,3,0,30.93100077976612,2026-03-29 20:37:40,2020-01-01,20,0,medium,0.5682781249416021,0
TXN_000730,2020-01-02 05:41:24,459.1925582166324,0,ACC_333462,948,1000,571.7350312013955,59,City_MA_7,MA,94292,MER_19145,Kroger,grocery,City_NY_3,NY,US,in-store,swipe,0,8.08326248880938,5,0,51.017953071222266,2026-03-29 20:37:40,2020-01-02,5,0,medium,0.5717350312013955,0
TXN_000731,2020-01-02 10:58:37,806.4601062565692,0,ACC_151413,1203,5000,306.3786037611685,53,City_PA_2,PA,26167,MER_98578,Delta Airlines,travel,City_CO_6,CO,US,in-store,contactless,0,25.90981388689248,7,0,95.4920567829228,2026-03-29 20:37:40,2020-01-02,10,0,high,0.0612757207522337,0
TXN_000732,2020-01-01 06:44:45,758.9299525842281,0,ACC_988916,3233,50000,46194.81854259894,53,City_CO_7,CO,98754,MER_28226,Valero,gas_station,City_CO_7,CO,US,in-store,contactless,0,1.41377931093168,1,0,222.4750592796434,2026-03-29 20:37:40,2020-01-01,6,0,high,0.9238963708519788,0
TXN_000733,2020-01-01 10:27:06,362.86969533733264,0,ACC_355719,462,1000,516.8284670298467,49,City_MA_3,MA,53148,MER_12802,RxCrossroads,pharmacy,City_MI_8,MI,GB,in-store,contactless,1,2.106535219751924,3,0,31.584557929213748,2026-03-29 20:37:40,2020-01-01,10,0,medium,0.5168284670298467,1
TXN_000734,2020-01-01 05:19:58,340.6025789354596,0,ACC_653044,865,5000,2659.02968035388,25,City_OH_1,OH,82153,MER_34119,AMC Theatres,entertainment,City_TN_5,TN,US,in-store,contactless,0,5.228124354641469,5,0,88.07094154758909,2026-03-29 20:37:40,2020-01-01,5,0,medium,0.531805936070776,0
TXN_000735,2020-01-02 17:53:50,453.3870857967276,0,ACC_433720,2276,2000,988.2192875545496,26,City_IL_8,IL,31534,MER_73560,Comcast,utilities,City_NY_6,NY,US,in-store,swipe,0,51.405446611817496,3,1,121.03569243184076,2026-03-29 20:37:40,2020-01-02,17,0,medium,0.4941096437772748,0
TXN_000736,2020-01-01 04:14:14,53.57012767205042,0,ACC_742536,2292,2000,1160.390381324778,51,City_FL_3,FL,96078,MER_67353,Hilton,hotel,City_NJ_1,NJ,US,in-store,chip,0,24.762222341242403,2,0,266.9201206890544,2026-03-29 20:37:40,2020-01-01,4,0,low,0.580195190662389,0
TXN_000737,2020-01-01 12:17:18,81.52103737527578,0,ACC_372448,927,15000,3766.271477026008,36,City_MO_8,MO,66879,MER_72126,LabCorp,healthcare,City_MI_6,MI,US,atm,manual,0,32.76758415430313,7,0,161.57340631799187,2026-03-29 20:37:40,2020-01-01,12,0,low,0.2510847651350672,0
TXN_000738,2020-01-01 00:20:52,122.85814716724816,0,ACC_654629,3662,25000,6821.982014402468,51,City_NY_7,NY,75839,MER_81641,Walgreens Pharmacy,pharmacy,City_TN_9,TN,US,in-store,contactless,0,11.565261874443564,2,1,64.77266668832847,2026-03-29 20:37:40,2020-01-01,0,0,low,0.2728792805760987,0
TXN_000739,2020-01-01 11:02:44,324.12546830544136,0,ACC_510226,4597,2000,971.544270612652,45,City_IN_2,IN,39756,MER_61712,LabCorp,healthcare,City_GA_4,GA,US,in-store,contactless,0,5.995176396999528,5,0,100.41209875570756,2026-03-29 20:37:40,2020-01-01,11,0,medium,0.485772135306326,0
TXN_000740,2020-01-01 21:35:09,225.1605924096192,0,ACC_227039,3845,15000,11495.273430381008,68,City_MO_1,MO,22683,MER_62189,Steam,entertainment,City_NC_1,NC,US,in-store,chip,0,0.9675165950954484,3,0,150.0078116075976,2026-03-29 20:37:40,2020-01-01,21,0,medium,0.7663515620254006,0
TXN_000741,2020-01-02 22:48:33,156.6193194841815,0,ACC_816118,276,50000,2368.567383473496,66,City_MO_7,MO,59485,MER_67784,Netflix,entertainment,City_MA_9,MA,US,in-store,contactless,0,16.76193335697578,3,1,244.8977519457968,2026-03-29 20:37:40,2020-01-02,22,0,low,0.047371347669469925,0
TXN_000742,2020-01-01 14:54:42,358.4687823573114,0,ACC_787018,2459,1000,573.2340016092337,53,City_TX_1,TX,21025,MER_78285,Duane Reade,pharmacy,City_NY_4,NY,US,in-store,contactless,0,21.349392268623586,4,1,90.13112946017918,2026-03-29 20:37:40,2020-01-01,14,0,medium,0.5732340016092337,0
TXN_000743,2020-01-01 16:31:34,1580.03084840172,0,ACC_280074,1020,2000,1532.8784707619964,33,City_WA_6,WA,96426,MER_52949,Best Western,hotel,City_FL_2,FL,US,online,online,0,56.8263355250305,3,0,322.5566203017428,2026-03-29 20:37:40,2020-01-01,16,0,outlier,0.7664392353809982,0
TXN_000744,2020-01-01 22:35:17,50.6992398778046,0,ACC_858678,3340,1000,149.07140843536578,72,City_MA_8,MA,28715,MER_44129,Kroger,grocery,City_WA_1,WA,US,in-store,chip,0,53.446473015413154,4,0,30.306185283810827,2026-03-29 20:37:40,2020-01-01,22,0,low,0.1490714084353658,0
TXN_000745,2020-01-01 18:06:55,233.51374182820385,0,ACC_756735,956,1000,14.27141488153798,30,City_IL_7,IL,80097,MER_34512,Target.com,online_retail,City_VA_3,VA,US,in-store,chip,0,13.820945938820484,6,0,125.6166529850469,2026-03-29 20:37:40,2020-01-01,18,0,medium,0.014271414881537981,0
TXN_000746,2020-01-01 21:49:47,672.1140695334732,0,ACC_723773,3468,25000,7426.940759609629,44,City_NY_4,NY,97116,MER_89031,Steam,entertainment,City_NC_7,NC,US,in-store,contactless,0,13.772878111964568,1,2,267.2670454704468,2026-03-29 20:37:40,2020-01-01,21,0,high,0.29707763038438517,0
TXN_000747,2020-01-01 01:55:49,341.26939991348394,0,ACC_908524,2637,2000,1117.4730427862364,30,City_IL_1,IL,85705,MER_73554,Marriott,hotel,City_AZ_2,AZ,US,in-store,chip,0,4.392276580980183,3,0,387.9878626643977,2026-03-29 20:37:40,2020-01-01,1,0,medium,0.5587365213931182,0
TXN_000748,2020-01-01 15:23:13,95.23881857555288,0,ACC_231562,1104,1000,131.36901473451033,61,City_IL_1,IL,27116,MER_12064,Ticketmaster,entertainment,City_MD_9,MD,US,in-store,swipe,0,7.441592685573503,1,1,224.6232729853152,2026-03-29 20:37:40,2020-01-01,15,0,low,0.13136901473451032,0
TXN_000749,2020-01-02 14:20:13,379.4161144530272,0,ACC_103729,4052,25000,10120.40631059653,51,City_IL_4,IL,46744,MER_61567,Subway,restaurant,City_OH_2,OH,US,online,online,0,64.97885557239746,2,0,217.53379271958136,2026-03-29 20:37:40,2020-01-02,14,0,medium,0.4048162524238612,0
TXN_000750,2020-01-01 07:12:14,776.075666008017,0,ACC_761334,3829,25000,13117.6355626391,33,City_NY_5,NY,97579,MER_40011,Target.com,online_retail,City_TN_5,TN,US,in-store,swipe,0,3.800706995088111,5,0,208.85613484897564,2026-03-29 20:37:40,2020-01-01,7,0,high,0.524705422505564,0
TXN_000751,2020-01-02 18:54:18,215.9219729333075,0,ACC_742510,4814,2000,1137.8778800389025,23,City_NY_7,NY,12124,MER_81152,Netflix,entertainment,City_CO_8,CO,US,in-store,contactless,0,86.60306751268455,6,0,115.44989156120046,2026-03-29 20:37:40,2020-01-02,18,0,medium,0.5689389400194512,0
TXN_000752,2020-01-01 21:02:25,501.4692403897296,0,ACC_447360,3181,25000,6517.27837375891,70,City_CO_4,CO,48051,MER_83511,Holiday Inn,hotel,City_IL_8,IL,US,online,online,0,17.566736861717374,3,1,145.4404721236491,2026-03-29 20:37:40,2020-01-01,21,0,medium,0.2606911349503564,0
TXN_000753,2020-01-02 02:14:16,129.28489552218974,0,ACC_708148,3468,2000,760.0563083739536,72,City_MO_1,MO,17176,MER_20960,Ticketmaster,entertainment,City_MI_3,MI,MX,in-store,contactless,1,15.248051235846946,1,0,224.8022065706992,2026-03-29 20:37:40,2020-01-02,2,0,low,0.3800281541869768,1
TXN_000754,2020-01-01 14:50:13,109.4531811049374,0,ACC_358360,4603,2000,1478.8445352283616,54,City_CO_7,CO,74818,MER_68920,UnitedHealth,healthcare,City_MO_2,MO,US,in-store,chip,0,4.798341556091133,7,1,346.98225966736885,2026-03-29 20:37:40,2020-01-01,14,0,low,0.7394222676141807,0
TXN_000755,2020-01-02 03:00:39,184.35740299302265,0,ACC_459014,3521,5000,4470.769797073256,69,City_FL_2,FL,28676,MER_31387,Walgreens Pharmacy,pharmacy,City_NJ_9,NJ,US,atm,manual,0,27.08382641582865,4,0,156.70154219514538,2026-03-29 20:37:40,2020-01-02,3,0,low,0.8941539594146513,0
TXN_000756,2020-01-01 11:45:18,465.1469071478917,0,ACC_121398,736,1000,818.7863145623443,48,City_CA_2,CA,55177,MER_25324,Duane Reade,pharmacy,City_OH_3,OH,US,in-store,chip,0,15.39750258072804,4,1,209.7978908987779,2026-03-29 20:37:40,2020-01-01,11,0,medium,0.8187863145623443,0
TXN_000757,2020-01-01 19:33:10,974.2380750924742,0,ACC_396794,3094,10000,5360.693266467603,39,City_TN_8,TN,10997,MER_73960,Spotify,entertainment,City_AZ_8,AZ,US,online,online,0,11.577212565073038,0,0,139.0848569475438,2026-03-29 20:37:40,2020-01-01,19,0,high,0.5360693266467603,0
TXN_000758,2020-01-01 11:58:08,921.115472565274,0,ACC_728177,783,2000,779.5563255934984,43,City_GA_5,GA,69330,MER_81779,Hilton,hotel,City_CO_2,CO,US,in-store,contactless,0,7.680669757136563,2,0,173.47811447871663,2026-03-29 20:37:40,2020-01-01,11,0,high,0.3897781627967492,0
TXN_000759,2020-01-02 04:39:56,187.03883001995052,0,ACC_365303,617,1000,316.3087836528473,65,City_IN_2,IN,53769,MER_42628,LabCorp,healthcare,City_MO_3,MO,US,in-store,contactless,0,1.7200044749461834,3,0,45.67696783976055,2026-03-29 20:37:40,2020-01-02,4,0,low,0.3163087836528473,0
TXN_000760,2020-01-02 23:28:03,353.2560750078039,0,ACC_460306,1364,50000,5935.436888990857,52,City_GA_5,GA,88653,MER_85096,Safeway,grocery,City_NJ_1,NJ,US,in-store,swipe,0,18.314259916046,2,0,212.52686834702328,2026-03-29 20:37:40,2020-01-02,23,0,medium,0.11870873777981715,0
TXN_000761,2020-01-01 15:24:39,338.20593838475617,0,ACC_555982,1877,25000,2530.5921213826828,33,City_OH_8,OH,21231,MER_57452,Kroger,grocery,City_VA_6,VA,GB,in-store,chip,1,9.382189122185675,3,0,422.77246837143485,2026-03-29 20:37:40,2020-01-01,15,0,medium,0.1012236848553073,1
TXN_000762,2020-01-01 05:32:43,532.2131764479944,0,ACC_325959,3964,15000,9809.096155019624,53,City_GA_6,GA,82976,MER_51098,UnitedHealth,healthcare,City_MO_7,MO,US,in-store,contactless,0,30.763498742042312,0,0,375.3296216327458,2026-03-29 20:37:40,2020-01-01,5,0,medium,0.6539397436679749,0
TXN_000763,2020-01-01 15:18:43,42.42516366323645,0,ACC_727122,3956,2000,493.6093907252047,54,City_VA_3,VA,95447,MER_80459,Chevron,gas_station,City_TX_4,TX,US,in-store,contactless,0,32.14063293811055,3,0,100.962627542076,2026-03-29 20:37:40,2020-01-01,15,0,low,0.24680469536260236,0
TXN_000764,2020-01-02 10:58:31,313.44360716179966,0,ACC_510281,3347,25000,6048.215052770612,53,City_TN_8,TN,65965,MER_49235,Best Western,hotel,City_CA_1,CA,US,online,online,0,10.090682879781406,3,0,90.25818190636345,2026-03-29 20:37:40,2020-01-02,10,0,medium,0.24192860211082448,0
TXN_000765,2020-01-02 04:27:48,50.020473240577054,0,ACC_645926,4050,25000,23707.13254384741,25,City_VA_9,VA,91144,MER_96861,Kroger,grocery,City_MI_3,MI,US,online,online,0,27.65003932524019,5,1,186.292746566379,2026-03-29 20:37:40,2020-01-02,4,0,low,0.9482853017538964,0
TXN_000766,2020-01-01 20:24:37,1124.940529141504,0,ACC_887505,3185,25000,4463.24149950264,23,City_MD_5,MD,71517,MER_37949,Valero,gas_station,City_CA_9,CA,US,in-store,chip,0,7.482911936796686,2,0,50.33133250199803,2026-03-29 20:37:40,2020-01-01,20,0,high,0.17852965998010561,0
TXN_000767,2020-01-01 03:59:48,823.4845777982239,1,ACC_539727,4332,25000,3516.419287859704,27,City_MI_2,MI,37387,MER_32821,Best Western,hotel,City_PA_5,PA,US,online,online,0,32.47300115553549,0,1,334.09870823979963,2026-03-29 20:37:40,2020-01-01,3,0,high,0.14065677151438816,0
TXN_000768,2020-01-01 01:32:49,161.43487167047837,0,ACC_839667,2228,25000,2343.7741592981147,44,City_OH_2,OH,14090,MER_81612,CVS Health,healthcare,City_OH_6,OH,US,online,online,0,0.4051946236912799,1,0,108.20534895539036,2026-03-29 20:37:40,2020-01-01,1,0,low,0.0937509663719246,0
TXN_000769,2020-01-01 19:23:56,1229.0580769571409,0,ACC_618490,194,2000,1101.6301558169123,42,City_VA_7,VA,34945,MER_32032,Verizon,utilities,City_IN_4,IN,US,online,online,0,4.110334747419018,3,0,333.1884221396464,2026-03-29 20:37:40,2020-01-01,19,0,outlier,0.5508150779084562,0
TXN_000770,2020-01-02 05:02:53,113.49414104972364,0,ACC_856357,2028,50000,0.0,65,City_CO_1,CO,50239,MER_83537,Valero,gas_station,City_NC_1,NC,US,in-store,chip,0,7.02622506310014,2,0,102.95556329117092,2026-03-29 20:37:40,2020-01-02,5,0,low,,0
TXN_000771,2020-01-02 22:34:18,377.23299071471246,0,ACC_653608,3087,10000,3469.665299440378,43,City_IL_2,IL,13743,MER_25303,BP,gas_station,City_OH_5,OH,US,online,online,0,37.0630275895023,5,0,176.5593623660939,2026-03-29 20:37:40,2020-01-02,22,0,medium,0.3469665299440378,0
TXN_000772,2020-01-02 15:44:47,331.3416368042514,0,ACC_563092,2114,5000,2543.213343679472,50,City_TN_4,TN,40924,MER_91993,AMC Theatres,entertainment,City_IN_5,IN,US,in-store,contactless,0,1.7170440619204073,3,2,490.035208149704,2026-03-29 20:37:40,2020-01-02,15,0,medium,0.5086426687358944,0
TXN_000773,2020-01-01 12:30:02,88.403468502519,0,ACC_134924,4458,25000,18724.48885994167,38,City_NC_1,NC,20196,MER_22303,Delta Airlines,travel,City_NY_5,NY,US,in-store,contactless,0,5.208132883268318,3,1,263.9508296552736,2026-03-29 20:37:40,2020-01-01,12,0,low,0.7489795543976668,0
TXN_000774,2020-01-02 14:08:46,648.9634289402305,0,ACC_312792,432,25000,19429.97399764152,52,City_OH_4,OH,78860,MER_60701,Airbnb,travel,City_TN_6,TN,US,in-store,contactless,0,11.103489376729218,5,0,206.86669324000417,2026-03-29 20:37:40,2020-01-02,14,0,high,0.7771989599056608,0
TXN_000775,2020-01-02 17:10:16,618.2103626913026,0,ACC_533950,443,5000,4550.082359649329,73,City_CO_5,CO,51400,MER_60511,Best Western,hotel,City_IL_2,IL,US,online,online,0,0.230433591209417,2,0,244.1048268693584,2026-03-29 20:37:40,2020-01-02,17,0,high,0.9100164719298658,0
TXN_000776,2020-01-02 19:08:06,581.4220063877337,0,ACC_954548,74,50000,39152.72933133654,27,City_AZ_9,AZ,95177,MER_90664,Spotify,entertainment,City_CO_1,CO,US,online,online,0,35.89982586078297,2,0,71.39848615047312,2026-03-29 20:37:40,2020-01-02,19,0,high,0.7830545866267308,0
TXN_000777,2020-01-02 14:06:02,354.1499637040485,0,ACC_795385,4187,50000,26829.96824407776,53,City_NJ_1,NJ,90399,MER_28280,Rite Aid,pharmacy,City_MO_2,MO,US,online,online,0,20.53048892892123,2,0,451.6503557345969,2026-03-29 20:37:40,2020-01-02,14,0,medium,0.5365993648815552,0
TXN_000778,2020-01-02 15:38:29,696.9833502803833,0,ACC_102159,2497,2000,341.34823509000734,25,City_OH_5,OH,58795,MER_49427,eBay,online_retail,City_CA_6,CA,US,in-store,chip,0,57.73505366483419,2,1,354.3790968288415,2026-03-29 20:37:40,2020-01-02,15,0,high,0.17067411754500367,0
TXN_000779,2020-01-02 18:38:07,214.691608894076,0,ACC_673228,897,1000,94.77537981770028,69,City_MI_2,MI,61553,MER_16967,Pacific Gas and Electric,utilities,City_FL_5,FL,US,online,online,0,0.7880673233593425,3,0,178.87401029378657,2026-03-29 20:37:40,2020-01-02,18,0,medium,0.09477537981770029,0
TXN_000780,2020-01-01 06:41:11,669.7186737284694,0,ACC_703724,48,15000,776.7944312297435,48,City_NC_9,NC,34111,MER_16661,Amazon,online_retail,City_NJ_5,NJ,US,in-store,contactless,0,7.9154402000861825,2,0,215.7866454735216,2026-03-29 20:37:40,2020-01-01,6,0,high,0.051786295415316236,0
TXN_000781,2020-01-01 16:10:43,302.39652636492787,0,ACC_570192,394,15000,9497.993102941717,28,City_FL_6,FL,73083,MER_87952,Shell,gas_station,City_CO_6,CO,US,in-store,contactless,0,32.849496669140386,5,0,235.2552216157461,2026-03-29 20:37:40,2020-01-01,16,0,medium,0.6331995401961145,0
TXN_000783,2020-01-02 06:03:35,468.9468545313953,0,ACC_816435,609,2000,966.49950629975,72,City_MI_3,MI,60022,MER_45200,Trader Joes,grocery,City_GA_9,GA,US,in-store,swipe,0,6.96169769225306,1,0,396.5560147945917,2026-03-29 20:37:40,2020-01-02,6,0,medium,0.483249753149875,0
TXN_000784,2020-01-02 23:51:52,475.2107018237584,0,ACC_540420,575,15000,779.6769913793692,24,City_MD_8,MD,13199,MER_77442,Trader Joes,grocery,City_GA_7,GA,CA,online,online,1,22.639194158317107,3,1,35.29846722106669,2026-03-29 20:37:40,2020-01-02,23,0,medium,0.05197846609195794,1
TXN_000786,2020-01-02 21:41:46,16388.735867483898,0,ACC_762132,4903,5000,4444.808992241614,25,City_NC_3,NC,48038,MER_68168,United Airlines,travel,City_VA_6,VA,US,online,online,0,0.8487639081497765,3,0,246.5573535333616,2026-03-29 20:37:40,2020-01-02,21,0,outlier,0.8889617984483228,0
TXN_000787,2020-01-01 19:22:04,470.1138405915265,0,ACC_691451,3069,1000,567.7325313858374,53,City_WA_1,WA,65038,MER_58322,McDonalds,restaurant,City_CA_9,CA,US,in-store,chip,0,31.61328334764221,1,0,337.9086822021366,2026-03-29 20:37:40,2020-01-01,19,0,medium,0.5677325313858375,0
TXN_000788,2020-01-02 08:02:39,47.09269908557852,0,ACC_865328,4167,50000,38447.80570198371,25,City_CA_8,CA,17897,MER_91984,AMC Theatres,entertainment,City_MA_7,MA,CA,in-store,contactless,1,7.262051890579387,3,0,108.66817261574108,2026-03-29 20:37:40,2020-01-02,8,0,low,0.7689561140396741,1
TXN_000789,2020-01-01 21:01:37,180.5481507403993,0,ACC_829115,4074,10000,7601.45015972163,58,City_TX_1,TX,74541,MER_47696,Shell,gas_station,City_MO_2,MO,US,online,online,0,73.84139515173544,2,0,280.73140779524584,2026-03-29 20:37:40,2020-01-01,21,0,low,0.760145015972163,0
TXN_000790,2020-01-01 07:58:52,427.88101751724616,0,ACC_254536,4356,2000,1771.0452895832402,54,City_WA_5,WA,24892,MER_80246,Chipotle,restaurant,City_PA_3,PA,US,in-store,contactless,0,19.31667927890654,6,0,228.22648786714893,2026-03-29 20:37:40,2020-01-01,7,0,medium,0.8855226447916201,0
TXN_000791,2020-01-02 09:44:25,113.81364443159596,0,ACC_675425,482,1000,731.7173273673797,46,City_NC_4,NC,18271,MER_48892,Safeway,grocery,City_MI_8,MI,US,online,online,0,0.8489056214441182,4,0,263.58615610492967,2026-03-29 20:37:40,2020-01-02,9,0,low,0.7317173273673796,0
TXN_000793,2020-01-02 19:03:46,456.0257884727837,0,ACC_947929,1411,2000,444.7950634442171,24,City_TN_5,TN,55612,MER_92720,ExxonMobil,gas_station,City_GA_4,GA,US,in-store,chip,0,84.76523448739553,1,0,172.39822300604834,2026-03-29 20:37:40,2020-01-02,19,0,medium,0.22239753172210855,0
TXN_000794,2020-01-01 15:51:48,253.23203804124356,0,ACC_601233,1497,5000,284.64448777513684,59,City_MD_8,MD,43357,MER_65215,Spotify,entertainment,City_NY_9,NY,US,online,online,0,32.7678932883625,5,0,273.54673043721897,2026-03-29 20:37:40,2020-01-01,15,0,medium,0.05692889755502737,0
TXN_000795,2020-01-02 06:53:15,226.2556776011098,0,ACC_724773,2768,2000,983.4389836022344,74,City_OH_1,OH,85088,MER_34853,RxCrossroads,pharmacy,City_MD_2,MD,US,in-store,chip,0,8.933986728833199,5,1,264.0739700400939,2026-03-29 20:37:40,2020-01-02,6,0,medium,0.49171949180111724,0
TXN_000796,2020-01-02 04:38:01,183.68574390419545,0,ACC_340970,1246,2000,236.42499509883487,46,City_PA_5,PA,26267,MER_16109,LabCorp,healthcare,City_VA_5,VA,US,online,online,0,21.40738089282757,6,0,247.1927710935896,2026-03-29 20:37:40,2020-01-02,4,0,low,0.11821249754941744,0
TXN_000797,2020-01-01 10:11:08,379.7791898023089,0,ACC_729756,910,5000,4570.430412320458,53,City_MO_4,MO,28268,MER_69757,Chevron,gas_station,City_VA_2,VA,US,in-store,chip,0,22.851166019503545,5,0,63.94669105988426,2026-03-29 20:37:40,2020-01-01,10,0,medium,0.9140860824640916,0
TXN_000798,2020-01-01 06:24:21,750.2512988004394,0,ACC_100901,3844,25000,6885.713112534428,53,City_MD_3,MD,24263,MER_16659,BP,gas_station,City_MA_1,MA,US,in-store,contactless,0,0.5906261860917628,5,0,153.22749250072485,2026-03-29 20:37:40,2020-01-01,6,0,high,0.2754285245013771,0
TXN_000799,2020-01-01 22:00:52,239.01403855162485,0,ACC_187980,3179,5000,4051.484966075392,28,City_NJ_5,NJ,80935,MER_11238,Duane Reade,pharmacy,City_OH_5,OH,US,in-store,swipe,0,4.92573049154072,2,0,98.9956998105386,2026-03-29 20:37:40,2020-01-01,22,0,medium,0.8102969932150784,0
TXN_000800,2020-01-01 11:02:29,88.59328107544606,0,ACC_469738,114,50000,18412.169697116817,40,City_VA_3,VA,69660,MER_25064,Pacific Gas and Electric,utilities,City_FL_2,FL,US,in-store,chip,0,20.061606623198227,4,1,268.2782397372058,2026-03-29 20:37:40,2020-01-01,11,0,low,0.36824339394233635,0
TXN_000801,2020-01-02 12:16:00,540.8060006522417,0,ACC_576813,4174,2000,0.0,36,City_MI_8,MI,75527,MER_41115,Best Western,hotel,City_NC_7,NC,US,online,online,0,12.885594414263933,4,1,533.0412058827513,2026-03-29 20:37:40,2020-01-02,12,0,medium,,0
TXN_000802,2020-01-02 05:04:40,449.5619913184602,0,ACC_889313,1198,5000,4442.00321878895,41,City_WA_3,WA,73379,MER_41952,Rite Aid,pharmacy,City_TN_8,TN,US,online,online,0,5.26919292495508,2,0,216.06330387083483,2026-03-29 20:37:40,2020-01-02,5,0,medium,0.88840064375779,0
TXN_000803,2020-01-02 17:06:19,1193.547736496692,0,ACC_392007,4194,25000,8628.91108704782,65,City_VA_1,VA,51271,MER_15620,eBay,online_retail,City_WA_2,WA,US,online,online,0,37.03367518727861,3,1,409.0805787177293,2026-03-29 20:37:40,2020-01-02,17,0,high,0.34515644348191277,0
TXN_000804,2020-01-02 17:37:29,592.3597001609253,0,ACC_866722,3159,50000,18538.67566149898,46,City_MI_9,MI,76612,MER_54258,Target.com,online_retail,City_FL_7,FL,US,in-store,contactless,0,16.784391764686145,5,0,44.89398990473948,2026-03-29 20:37:40,2020-01-02,17,0,high,0.3707735132299796,0
TXN_000805,2020-01-01 14:22:25,171.92729952842012,0,ACC_498838,3675,1000,100.7871906322637,43,City_CO_9,CO,17235,MER_14470,Valero,gas_station,City_NC_4,NC,US,online,online,0,9.27561895105849,0,0,214.9586634666016,2026-03-29 20:37:40,2020-01-01,14,0,low,0.1007871906322637,0
TXN_000806,2020-01-02 06:07:44,131.275581926522,0,ACC_615956,2556,5000,3184.6216600919192,38,City_MO_6,MO,98757,MER_32003,Verizon,utilities,City_MO_1,MO,FR,in-store,chip,1,4.408805611521688,3,0,189.3784455412612,2026-03-29 20:37:40,2020-01-02,6,0,low,0.6369243320183838,1
TXN_000807,2020-01-02 01:31:05,184.07903202801845,0,ACC_576384,2897,5000,1371.987218768189,51,City_FL_1,FL,26417,MER_37571,Kroger,grocery,City_MA_3,MA,US,online,online,0,23.61489948330888,1,0,81.07309308685167,2026-03-29 20:37:40,2020-01-02,1,0,low,0.2743974437536378,0
TXN_000808,2020-01-02 07:13:48,918.6730863640248,0,ACC_587063,3546,2000,1112.6479188950636,72,City_IL_8,IL,44609,MER_34668,AT&T,utilities,City_MA_1,MA,US,online,online,0,27.434923387329484,3,1,120.96656916436024,2026-03-29 20:37:40,2020-01-02,7,0,high,0.5563239594475318,0
TXN_000809,2020-01-01 06:33:44,498.5606554106674,0,ACC_826546,3397,50000,28089.20594252745,62,City_IL_2,IL,43902,MER_87259,eBay,online_retail,City_PA_5,PA,MX,in-store,contactless,1,27.68607032418336,1,1,183.47166379561244,2026-03-29 20:37:40,2020-01-01,6,0,medium,0.561784118850549,1
TXN_000810,2020-01-01 06:28:41,590.1096162545637,0,ACC_931633,2224,1000,683.2397108159787,32,City_VA_9,VA,33645,MER_42046,Verizon,utilities,City_NJ_8,NJ,US,online,online,0,6.2207459451227205,2,0,190.43474483481705,2026-03-29 20:37:40,2020-01-01,6,0,high,0.6832397108159787,0
TXN_000811,2020-01-02 15:19:20,551.1649801342073,0,ACC_351839,3585,10000,7079.794118638192,21,City_NY_8,NY,72873,MER_80977,Comcast,utilities,City_GA_1,GA,US,in-store,chip,0,22.61760336375371,4,0,793.9990943872097,2026-03-29 20:37:40,2020-01-02,15,0,medium,0.7079794118638192,0
TXN_000812,2020-01-01 06:16:14,635.8352243186181,0,ACC_421395,475,10000,4887.298126814624,62,City_GA_3,GA,97218,MER_87255,Marriott,hotel,City_IN_9,IN,US,online,online,0,58.95415360358809,3,0,139.11291834277296,2026-03-29 20:37:40,2020-01-01,6,0,high,0.4887298126814624,0
TXN_000813,2020-01-02 13:51:52,140.79609928514074,0,ACC_696860,3656,15000,4716.635253348493,29,City_TX_5,TX,74558,MER_15397,Shell,gas_station,City_IN_3,IN,US,online,online,0,10.892474533441964,3,0,523.3189002739465,2026-03-29 20:37:40,2020-01-02,13,0,low,0.31444235022323286,0
TXN_000814,2020-01-02 15:19:10,291.4680148019218,0,ACC_663543,4046,5000,3977.8917504649858,23,City_MO_9,MO,72233,MER_93481,Holiday Inn,hotel,City_MO_5,MO,US,online,online,0,5.917340146646004,2,0,74.82765231392437,2026-03-29 20:37:40,2020-01-02,15,0,medium,0.7955783500929972,0
TXN_000815,2020-01-02 17:45:34,373.4704058825937,0,ACC_687500,3905,5000,1471.8618346903022,71,City_NC_1,NC,33401,MER_32233,Kroger,grocery,City_FL_9,FL,US,online,online,0,36.97664092902755,2,1,622.8452359725196,2026-03-29 20:37:40,2020-01-02,17,0,medium,0.29437236693806046,0
TXN_000816,2020-01-02 09:00:31,607.7674347584691,0,ACC_936642,3367,1000,482.13363974586485,46,City_WA_9,WA,17771,MER_93336,Trader Joes,grocery,City_MA_5,MA,US,in-store,contactless,0,4.866421322259009,4,0,276.9164522289183,2026-03-29 20:37:40,2020-01-02,9,0,high,0.4821336397458649,0
TXN_000817,2020-01-02 13:38:24,373.97204354952805,0,ACC_487773,291,25000,9529.74885108854,29,City_OH_4,OH,51335,MER_70308,Best Buy Online,online_retail,City_TX_9,TX,US,online,online,0,7.317322489077068,1,0,114.29086693084824,2026-03-29 20:37:40,2020-01-02,13,0,medium,0.38118995404354156,0
TXN_000818,2020-01-02 02:27:37,514.6245491913301,1,ACC_122499,1878,10000,8123.244666712036,62,City_MI_4,MI,84451,MER_79726,AMC Theatres,entertainment,City_TX_8,TX,US,in-store,chip,0,2.651919144591897,4,1,107.16581201479386,2026-03-29 20:37:40,2020-01-02,2,0,medium,0.8123244666712036,0
TXN_000819,2020-01-01 17:51:31,291.42436645029574,0,ACC_726840,4055,15000,6154.83906882806,71,City_NC_4,NC,89434,MER_73219,RxCrossroads,pharmacy,City_MI_7,MI,US,in-store,swipe,0,7.795077010198184,2,1,195.08258041136736,2026-03-29 20:37:40,2020-01-01,17,0,medium,0.4103226045885373,0
TXN_000820,2020-01-02 11:26:40,353.9748664747234,0,ACC_544844,2296,1000,366.7942293956101,36,City_MA_9,MA,77449,MER_11130,Expedia,travel,City_NY_1,NY,US,online,online,0,13.20502030606558,2,0,63.32966456065276,2026-03-29 20:37:40,2020-01-02,11,0,medium,0.3667942293956101,0
TXN_000822,2020-01-02 12:29:34,159.70567412168427,0,ACC_497819,4252,10000,5723.190543683706,70,City_VA_8,VA,30388,MER_95517,Ticketmaster,entertainment,City_CO_9,CO,US,online,online,0,51.33633658439592,2,1,564.6321644780867,2026-03-29 20:37:40,2020-01-02,12,0,low,0.5723190543683706,0
TXN_000823,2020-01-02 12:25:27,450.9472652142741,0,ACC_586525,4205,50000,5094.224591052688,34,City_CA_4,CA,93251,MER_12118,Chevron,gas_station,City_OH_8,OH,US,in-store,chip,0,18.02194317615944,4,0,76.33070869644035,2026-03-29 20:37:40,2020-01-02,12,0,medium,0.10188449182105376,0
TXN_000824,2020-01-02 06:55:17,204.8968923181824,0,ACC_971905,3339,15000,7241.405490401476,23,City_VA_3,VA,67042,MER_10663,CVS Pharmacy,pharmacy,City_VA_4,VA,US,online,online,0,22.174587374563632,0,1,344.3835585435103,2026-03-29 20:37:40,2020-01-02,6,0,medium,0.48276036602676503,0
TXN_000825,2020-01-02 14:49:49,161.6334775936064,0,ACC_243704,1012,2000,1397.4089378331705,54,City_PA_1,PA,63740,MER_72408,Duane Reade,pharmacy,City_MD_1,MD,US,online,online,0,11.601960706608704,1,0,369.5713127459842,2026-03-29 20:37:40,2020-01-02,14,0,low,0.6987044689165852,0
TXN_000826,2020-01-02 11:24:09,238.2249126055997,0,ACC_785967,3473,10000,9424.710263617884,53,City_MD_7,MD,75873,MER_61786,Starbucks,restaurant,City_MA_4,MA,US,in-store,chip,0,27.704086118762035,5,0,47.2861864060112,2026-03-29 20:37:40,2020-01-02,11,0,medium,0.9424710263617885,0
TXN_000827,2020-01-01 07:58:19,325.6035735449857,0,ACC_191873,2563,15000,8965.342384077047,70,City_MD_4,MD,57024,MER_91271,Marriott,hotel,City_AZ_3,AZ,US,in-store,swipe,0,14.13124165512677,3,0,130.79573480517442,2026-03-29 20:37:40,2020-01-01,7,0,medium,0.5976894922718031,0
TXN_000828,2020-01-01 20:28:06,413.398899339736,0,ACC_165756,723,1000,0.0,44,City_TN_8,TN,33450,MER_29158,Target.com,online_retail,City_TN_6,TN,US,online,online,0,35.81513634481949,3,0,424.36263957952656,2026-03-29 20:37:40,2020-01-01,20,0,medium,,0
TXN_000829,2020-01-01 18:47:41,161.06362741835298,0,ACC_540210,4150,2000,429.68803962402495,29,City_MD_3,MD,66965,MER_41087,Starbucks,restaurant,City_AZ_5,AZ,US,online,online,0,43.06546530944394,1,0,86.66489189459064,2026-03-29 20:37:40,2020-01-01,18,0,low,0.21484401981201248,0
TXN_000830,2020-01-01 12:17:27,264.72051038376514,0,ACC_294454,185,15000,12437.830836684814,33,City_NY_1,NY,20057,MER_98114,Kroger,grocery,City_NY_5,NY,US,atm,manual,0,27.857043791018043,1,1,338.5963557790541,2026-03-29 20:37:40,2020-01-01,12,0,medium,0.8291887224456542,0
TXN_000831,2020-01-02 17:03:40,425.2210672986105,0,ACC_418488,3618,15000,11607.554272617414,22,City_MI_5,MI,18983,MER_63121,Airbnb,travel,City_MO_2,MO,US,in-store,chip,0,16.89917124013464,4,0,84.34118571220404,2026-03-29 20:37:40,2020-01-02,17,0,medium,0.7738369515078276,0
TXN_000832,2020-01-02 05:11:53,161.4877519441204,0,ACC_546991,1842,5000,1111.133398702078,27,City_MO_2,MO,29995,MER_29874,Amazon,online_retail,City_PA_3,PA,US,online,online,0,38.11241333348672,4,1,80.95163419495891,2026-03-29 20:37:40,2020-01-02,5,0,low,0.2222266797404156,0
TXN_000833,2020-01-01 01:17:01,849.4064682538592,0,ACC_500565,4144,25000,4765.01214098112,68,City_WA_3,WA,87681,MER_93443,Trader Joes,grocery,City_IN_6,IN,US,online,online,0,17.04456563132174,6,2,403.4126670585375,2026-03-29 20:37:40,2020-01-01,1,0,high,0.1906004856392448,0
TXN_000834,2020-01-02 16:35:06,726.9047573289134,0,ACC_957586,1437,10000,6793.799379706168,41,City_MO_6,MO,48886,MER_50821,Verizon,utilities,City_AZ_2,AZ,FR,in-store,swipe,1,2.9557944685566997,1,0,119.71517184772338,2026-03-29 20:37:40,2020-01-02,16,0,high,0.6793799379706168,1
TXN_000835,2020-01-02 13:49:58,504.2942874215603,1,ACC_651752,1246,5000,1496.0222941141074,39,City_NY_3,NY,99025,MER_70582,Marriott,hotel,City_AZ_4,AZ,US,online,online,0,3.092078958708949,2,0,106.30480925780354,2026-03-29 20:37:40,2020-01-02,13,0,medium,0.2992044588228215,0
TXN_000836,2020-01-02 13:49:54,539.0049665864505,0,ACC_535840,1440,50000,14553.942922192997,45,City_NY_3,NY,12673,MER_32787,Best Western,hotel,City_CO_2,CO,US,in-store,contactless,0,74.19472844011116,8,1,76.43928031983191,2026-03-29 20:37:40,2020-01-02,13,0,medium,0.29107885844385994,0
TXN_000837,2020-01-01 05:00:30,292.65787314680733,0,ACC_221897,3527,2000,289.351469428545,67,City_VA_6,VA,44890,MER_74703,Hyatt,hotel,City_WA_9,WA,US,in-store,swipe,0,6.0060668040815255,2,0,35.65654516117438,2026-03-29 20:37:40,2020-01-01,5,0,medium,0.1446757347142725,0
TXN_000838,2020-01-01 23:00:38,252.29467502165792,0,ACC_620082,4402,25000,6269.418593108459,42,City_CO_5,CO,87513,MER_31705,Olive Garden,restaurant,City_NY_3,NY,US,in-store,swipe,0,42.31029867384079,4,0,143.89241399681663,2026-03-29 20:37:40,2020-01-01,23,0,medium,0.2507767437243384,0
TXN_000839,2020-01-01 23:31:57,1141.4643519290664,0,ACC_399488,4870,15000,6091.982695695256,31,City_OH_9,OH,33466,MER_79381,Unknown Merchant,healthcare,City_WA_6,WA,US,in-store,contactless,0,7.082472557314426,5,1,573.3014511702621,2026-03-29 20:37:40,2020-01-01,23,0,high,0.406132179713017,0
TXN_000840,2020-01-01 10:43:58,363.4976432945172,0,ACC_183791,581,5000,3480.9821020439736,53,City_GA_1,GA,60406,MER_54653,Netflix,entertainment,City_TX_1,TX,US,online,online,0,14.08721103090065,3,1,79.84379419529853,2026-03-29 20:37:40,2020-01-01,10,0,medium,0.6961964204087947,0
TXN_000841,2020-01-01 18:37:47,259.362578698799,0,ACC_779659,3424,25000,7987.317242326557,52,City_NC_3,NC,13688,MER_92018,Rite Aid,pharmacy,City_NC_3,NC,US,online,online,0,26.6015118386039,4,0,368.4131283126027,2026-03-29 20:37:40,2020-01-01,18,0,medium,0.31949268969306227,0
TXN_000842,2020-01-02 08:47:13,146.87735380926662,0,ACC_803335,1206,50000,15608.706125292529,41,City_AZ_3,AZ,79284,MER_96217,Hertz,travel,City_WA_8,WA,US,in-store,swipe,0,4.325142299965807,2,0,119.7493027602134,2026-03-29 20:37:40,2020-01-02,8,0,low,0.3121741225058506,0
TXN_000843,2020-01-02 05:26:17,360.1943770582089,0,ACC_232534,4764,10000,2706.6758992481405,59,City_IL_6,IL,23665,MER_42252,Duane Reade,pharmacy,City_GA_5,GA,US,in-store,swipe,0,33.413472609536875,1,0,315.7807808390809,2026-03-29 20:37:40,2020-01-02,5,0,medium,0.27066758992481404,0
TXN_000844,2020-01-02 00:41:09,381.01022046899953,0,ACC_181441,4362,50000,22718.474206774543,40,City_MD_8,MD,30641,MER_83332,CVS Health,healthcare,City_TN_8,TN,US,in-store,contactless,0,29.272557180317182,2,0,118.94825197856412,2026-03-29 20:37:40,2020-01-02,0,0,medium,0.45436948413549083,0
TXN_000845,2020-01-02 05:13:06,355.04590130881763,0,ACC_976888,1027,2000,343.2097260884991,28,City_TN_3,TN,42500,MER_82799,Pacific Gas and Electric,utilities,City_NY_2,NY,US,online,online,0,19.581332028443608,1,2,472.6974464769695,2026-03-29 20:37:40,2020-01-02,5,0,medium,0.17160486304424954,0
TXN_000846,2020-01-01 09:37:54,534.0916458561802,0,ACC_968220,4106,1000,461.3491973305192,62,City_VA_3,VA,45797,MER_72185,Verizon,utilities,City_WA_7,WA,US,atm,manual,0,20.861418970087943,3,1,116.49426458658807,2026-03-29 20:37:40,2020-01-01,9,0,medium,0.4613491973305192,0
TXN_000847,2020-01-02 22:22:06,267.13728405789084,0,ACC_337612,2761,5000,3344.8338919247767,57,City_FL_6,FL,94766,MER_88313,Pacific Gas and Electric,utilities,City_FL_9,FL,US,online,online,0,2.794856796645745,0,0,132.64633066351396,2026-03-29 20:37:40,2020-01-02,22,0,medium,0.6689667783849553,0
TXN_000848,2020-01-01 12:51:11,30429.622814995742,0,ACC_533797,3967,2000,56.60195766198213,29,City_GA_8,GA,55950,MER_51538,Target.com,online_retail,City_MO_7,MO,US,online,online,0,14.3152718186291,6,2,176.59616431425238,2026-03-29 20:37:40,2020-01-01,12,0,outlier,0.02830097883099106,0
TXN_000849,2020-01-01 20:28:08,210.3628486442514,0,ACC_331444,4082,1000,9.29041129047377,45,City_OH_6,OH,35046,MER_30343,Publix,grocery,City_TX_3,TX,US,online,online,0,2.263751551399426,3,1,516.8174224500658,2026-03-29 20:37:40,2020-01-01,20,0,medium,0.00929041129047377,0
TXN_000850,2020-01-02 23:06:30,231.74467485544065,0,ACC_900607,402,5000,356.83382323391885,45,City_MA_3,MA,19638,MER_90398,Whole Foods Market,grocery,City_CO_7,CO,US,in-store,chip,0,9.199294664154746,2,0,202.2665777868802,2026-03-29 20:37:40,2020-01-02,23,0,medium,0.07136676464678376,0
TXN_000851,2020-01-02 06:51:16,253.8713238615298,0,ACC_237263,2278,2000,1017.754117283413,53,City_PA_4,PA,96363,MER_51232,AT&T,utilities,City_MA_8,MA,US,online,online,0,57.64278464161781,5,0,471.8030333325845,2026-03-29 20:37:40,2020-01-02,6,0,medium,0.5088770586417065,0
TXN_000852,2020-01-02 15:15:39,286.2447315213466,0,ACC_445578,878,50000,40586.61645130666,22,City_IL_1,IL,31173,MER_63106,Expedia,travel,City_IN_1,IN,US,online,online,0,21.364220781020617,6,0,412.25442581084496,2026-03-29 20:37:40,2020-01-02,15,0,medium,0.8117323290261332,0
TXN_000853,2020-01-01 00:17:42,14514.418575409529,0,ACC_708806,2586,2000,9.28048543847869,39,City_AZ_8,AZ,23222,MER_91227,Subway,restaurant,City_MI_3,MI,US,online,online,0,33.93814805528875,2,1,529.2126256672416,2026-03-29 20:37:40,2020-01-01,0,0,outlier,0.004640242719239345,0
TXN_000854,2020-01-01 14:00:48,44.887707339245225,0,ACC_835518,2352,25000,22245.70598388617,66,City_WA_4,WA,60064,MER_63079,United Airlines,travel,City_CA_5,CA,US,online,online,0,21.32620129095266,2,0,470.82029173334536,2026-03-29 20:37:40,2020-01-01,14,0,low,0.8898282393554469,0
TXN_000855,2020-01-02 02:31:02,178.97157061363475,0,ACC_952969,533,50000,5048.229299600451,40,City_MI_6,MI,47010,MER_35028,Airbnb,travel,City_PA_6,PA,US,online,online,0,5.399133101299396,4,0,161.0135379686505,2026-03-29 20:37:40,2020-01-02,2,0,low,0.10096458599200901,0
TXN_000856,2020-01-02 14:08:21,523.4452654556328,0,ACC_147645,3219,5000,3999.421758276575,62,City_MO_3,MO,28095,MER_52135,Safeway,grocery,City_NY_3,NY,US,online,online,0,22.584875736835304,3,0,604.401623688616,2026-03-29 20:37:40,2020-01-02,14,0,medium,0.799884351655315,0
TXN_000857,2020-01-01 13:18:35,106.355063250606,0,ACC_339608,732,2000,917.4240534675988,61,City_FL_6,FL,11439,MER_41066,Best Western,hotel,City_MD_4,MD,US,online,online,0,35.202057831911546,2,0,250.38276924883883,2026-03-29 20:37:40,2020-01-01,13,0,low,0.4587120267337994,0
TXN_000858,2020-01-01 01:17:12,510.4060874422768,0,ACC_647571,3655,15000,9395.842768723523,62,City_GA_9,GA,95550,MER_93470,United Airlines,travel,City_OH_5,OH,US,atm,manual,0,3.724248991032385,3,0,249.1939673425298,2026-03-29 20:37:40,2020-01-01,1,0,medium,0.6263895179149016,0
TXN_000859,2020-01-02 05:03:12,1157.1140427923149,0,ACC_616369,344,5000,2425.744176124116,49,City_NJ_9,NJ,15375,MER_30910,Expedia,travel,City_WA_3,WA,US,online,online,0,42.44398687827375,4,1,128.8451063341068,2026-03-29 20:37:40,2020-01-02,5,0,high,0.4851488352248232,0
TXN_000860,2020-01-02 13:24:28,776.8589931561961,0,ACC_449115,2406,2000,906.3916278407736,26,City_IN_3,IN,99023,MER_17141,Rite Aid,pharmacy,City_WA_4,WA,US,in-store,chip,0,20.264067161620712,1,2,45.85591449981127,2026-03-29 20:37:40,2020-01-02,13,0,high,0.45319581392038677,0
TXN_000861,2020-01-02 06:29:39,381.9229923495478,0,ACC_979191,1070,25000,19828.861423654296,37,City_MO_3,MO,30600,MER_55950,Holiday Inn,hotel,City_IN_5,IN,US,in-store,swipe,0,0.1071091743958977,1,2,45.93567463178332,2026-03-29 20:37:40,2020-01-02,6,0,medium,0.7931544569461718,0
TXN_000862,2020-01-02 14:07:20,225.74033203175213,0,ACC_814483,4408,1000,718.0920605894255,45,City_NJ_4,NJ,12466,MER_65723,Publix,grocery,City_CA_2,CA,US,online,online,0,18.33769486841502,2,0,88.21845573411997,2026-03-29 20:37:40,2020-01-02,14,0,medium,0.7180920605894255,0
TXN_000863,2020-01-02 06:01:39,240.86645053945455,0,ACC_202780,3020,1000,459.23212469685393,58,City_TN_7,TN,55097,MER_26225,Starbucks,restaurant,City_AZ_9,AZ,US,in-store,chip,0,12.590933542741825,8,0,259.5876688481228,2026-03-29 20:37:40,2020-01-02,6,0,medium,0.4592321246968539,0
TXN_000864,2020-01-01 02:06:01,373.620040141954,0,ACC_523240,287,15000,1590.8119938938776,24,City_VA_3,VA,63276,MER_97123,Netflix,entertainment,City_NY_8,NY,US,in-store,chip,0,8.790284325913328,6,0,290.72221108227126,2026-03-29 20:37:40,2020-01-01,2,0,medium,0.10605413292625851,0
TXN_000865,2020-01-01 22:49:12,525.8956721776544,0,ACC_542846,604,5000,548.1640567434387,50,City_WA_8,WA,60117,MER_42959,Safeway,grocery,City_AZ_6,AZ,US,in-store,swipe,0,36.87892844517817,3,0,95.75467941556728,2026-03-29 20:37:40,2020-01-01,22,0,medium,0.10963281134868773,0
TXN_000866,2020-01-02 10:43:56,604.141663408669,0,ACC_917166,4699,25000,19036.56219207804,40,City_TN_8,TN,56971,MER_59192,Trader Joes,grocery,City_CA_3,CA,US,online,online,0,57.43990984650756,7,0,26.30720898854392,2026-03-29 20:37:40,2020-01-02,10,0,high,0.7614624876831216,0
TXN_000867,2020-01-02 10:27:29,1032.5532201570286,0,ACC_100515,1582,2000,1005.8421805603136,23,City_CA_6,CA,16928,MER_89711,Expedia,travel,City_TN_2,TN,US,in-store,contactless,0,35.95581125147572,4,0,208.21885584629655,2026-03-29 20:37:40,2020-01-02,10,0,high,0.5029210902801569,0
TXN_000868,2020-01-01 07:25:34,1238.994632957217,0,ACC_997214,4548,2000,915.0193664167888,43,City_TN_4,TN,98016,MER_20051,Walgreens Pharmacy,pharmacy,City_MI_7,MI,US,in-store,chip,0,46.895801658753946,3,0,105.19848004740182,2026-03-29 20:37:40,2020-01-01,7,0,outlier,0.4575096832083944,0
TXN_000869,2020-01-02 14:10:43,458.0910838727321,0,ACC_953159,787,1000,646.5384992926794,71,City_MA_5,MA,65309,MER_81428,Walgreens,healthcare,City_WA_8,WA,US,in-store,swipe,0,59.86228619280704,5,0,168.7240301736206,2026-03-29 20:37:40,2020-01-02,14,0,medium,0.6465384992926794,0
TXN_000870,2020-01-01 07:14:29,188.39344067408211,0,ACC_853160,2840,25000,20397.48760608868,38,City_PA_2,PA,84647,MER_13449,AT&T,utilities,City_FL_1,FL,US,online,online,0,60.93988557525346,6,1,277.5191637885193,2026-03-29 20:37:40,2020-01-01,7,0,low,0.8158995042435473,0
TXN_000872,2020-01-01 20:24:39,117.49378043106309,0,ACC_408360,4554,15000,10870.582608437326,56,City_GA_3,GA,53832,MER_87929,CVS Pharmacy,pharmacy,City_AZ_7,AZ,US,in-store,chip,0,15.237872564834433,3,0,149.8256712393078,2026-03-29 20:37:40,2020-01-01,20,0,low,0.724705507229155,0
TXN_000873,2020-01-01 22:34:24,144.85536421785292,0,ACC_433977,3489,1000,727.0069979111091,28,City_OH_6,OH,19404,MER_39190,LabCorp,healthcare,City_FL_9,FL,US,online,online,0,0.0071628858634407,3,0,211.01299698865145,2026-03-29 20:37:40,2020-01-01,22,0,low,0.7270069979111091,0
TXN_000874,2020-01-01 06:27:55,715.4335844074876,0,ACC_683043,4022,1000,338.4483763533111,37,City_TX_5,TX,43639,MER_36141,Expedia,travel,City_MI_3,MI,US,online,online,0,17.653915169480154,3,1,23.223629401975398,2026-03-29 20:37:40,2020-01-01,6,0,high,0.3384483763533111,0
TXN_000875,2020-01-01 20:04:34,485.6147277968334,0,ACC_652144,233,15000,3905.685537884188,51,City_VA_2,VA,88118,MER_33908,Airbnb,travel,City_GA_2,GA,US,in-store,contactless,0,64.50591907822589,2,0,276.94981688782593,2026-03-29 20:37:40,2020-01-01,20,0,medium,0.26037903585894584,0
TXN_000876,2020-01-02 03:59:36,417.2610777212174,0,ACC_608175,2805,5000,3805.529319082003,57,City_AZ_5,AZ,70598,MER_42322,Starbucks,restaurant,City_NY_5,NY,US,online,online,0,5.550551085926334,2,1,682.5904989550088,2026-03-29 20:37:40,2020-01-02,3,0,medium,0.7611058638164006,0
TXN_000877,2020-01-01 13:27:27,1017.3889336039448,0,ACC_173870,2362,2000,716.6397043900627,65,City_TN_5,TN,76399,MER_60710,Walgreens,healthcare,City_OH_1,OH,US,in-store,swipe,0,25.5264681309345,2,1,373.583831336281,2026-03-29 20:37:40,2020-01-01,13,0,high,0.3583198521950313,0
TXN_000878,2020-01-02 22:00:01,463.41992885039207,0,ACC_237080,2022,5000,4290.84603098285,53,City_NJ_9,NJ,37684,MER_24012,Best Buy Online,online_retail,City_MI_6,MI,US,online,online,0,25.84724631235679,2,0,415.75005351585327,2026-03-29 20:37:40,2020-01-02,22,0,medium,0.8581692061965699,0
TXN_000879,2020-01-02 11:06:34,387.2533175501088,0,ACC_894419,2273,25000,1655.154047340341,47,City_CO_8,CO,78591,MER_44889,Comcast,utilities,City_NY_9,NY,US,in-store,contactless,0,4.369372157641413,1,0,40.393080558999145,2026-03-29 20:37:40,2020-01-02,11,0,medium,0.06620616189361364,0
TXN_000880,2020-01-01 21:01:43,307.9935107172808,1,ACC_196502,336,50000,2765.331823578633,65,City_NC_7,NC,87722,MER_27412,ExxonMobil,gas_station,City_TX_9,TX,CA,in-store,contactless,1,6.812528513574066,6,0,277.1291116156093,2026-03-29 20:37:40,2020-01-01,21,0,medium,0.055306636471572655,1
TXN_000881,2020-01-01 21:08:10,211.70293155798652,0,ACC_690611,1717,10000,8806.539520963377,24,City_MI_3,MI,12682,MER_34657,Olive Garden,restaurant,City_MA_7,MA,US,online,online,0,15.498430256813467,4,0,185.13513779158325,2026-03-29 20:37:40,2020-01-01,21,0,medium,0.8806539520963377,0
TXN_000882,2020-01-01 04:47:40,465.355459845394,0,ACC_532206,4139,10000,6160.321684723631,42,City_IN_4,IN,48046,MER_15656,RxCrossroads,pharmacy,City_NC_7,NC,US,online,online,0,5.212820621162238,2,0,9.705625271128577,2026-03-29 20:37:40,2020-01-01,4,0,medium,0.6160321684723631,0
TXN_000883,2020-01-02 07:16:21,296.5957195549973,0,ACC_896305,1890,10000,3606.193886259157,46,City_VA_6,VA,31832,MER_18967,Duane Reade,pharmacy,City_MA_8,MA,US,in-store,swipe,0,21.986556231930138,2,1,276.179904119331,2026-03-29 20:37:40,2020-01-02,7,0,medium,0.3606193886259157,0
TXN_000884,2020-01-01 01:03:32,96.87499198134208,0,ACC_837902,1991,15000,10759.610911130603,52,City_PA_3,PA,26997,MER_94958,Quest Diagnostics,healthcare,City_IN_2,IN,US,in-store,chip,0,16.567473282962002,1,0,103.06657494761498,2026-03-29 20:37:40,2020-01-01,1,0,low,0.7173073940753736,0
TXN_000885,2020-01-02 20:11:36,385.3092856545777,0,ACC_578977,752,1000,638.7104694939592,44,City_MD_9,MD,44640,MER_25764,Pacific Gas and Electric,utilities,City_OH_6,OH,US,online,online,0,18.30750268291281,3,0,70.99182264593787,2026-03-29 20:37:40,2020-01-02,20,0,medium,0.6387104694939592,0
TXN_000886,2020-01-02 08:15:48,318.6791692703979,0,ACC_791804,809,50000,25232.04972393082,66,City_NJ_8,NJ,86882,MER_25873,Pacific Gas and Electric,utilities,City_CO_5,CO,US,online,online,0,3.610260388718018,3,1,176.83431474208547,2026-03-29 20:37:40,2020-01-02,8,0,medium,0.5046409944786164,0
TXN_000887,2020-01-02 19:59:17,715.5948623130938,0,ACC_528556,558,5000,469.6483776475939,55,City_NC_6,NC,50491,MER_61030,RxCrossroads,pharmacy,City_MO_5,MO,US,in-store,chip,0,18.206503475348693,3,0,94.11604845730189,2026-03-29 20:37:40,2020-01-02,19,0,high,0.09392967552951878,0
TXN_000888,2020-01-02 08:20:21,19.261203273783607,0,ACC_729507,4923,2000,1543.141215856228,57,City_PA_4,PA,73043,MER_77807,Amazon,online_retail,City_MA_3,MA,US,online,online,0,1.2686043151981274,4,0,163.49348734796752,2026-03-29 20:37:40,2020-01-02,8,0,low,0.7715706079281139,0
TXN_000889,2020-01-01 00:26:45,512.8893500010589,0,ACC_629321,373,10000,8227.220311465935,52,City_TN_7,TN,82725,MER_11607,Unknown Merchant,travel,City_MO_3,MO,US,in-store,contactless,0,53.328505907409486,6,0,511.2477569643953,2026-03-29 20:37:40,2020-01-01,0,0,medium,0.8227220311465935,0
TXN_000890,2020-01-01 20:05:03,325.7909323918867,0,ACC_435468,3816,5000,817.8012706250832,27,City_CO_3,CO,55520,MER_29523,Duke Energy,utilities,City_VA_6,VA,US,in-store,contactless,0,10.51128449054791,2,0,138.24379797018094,2026-03-29 20:37:40,2020-01-01,20,0,medium,0.16356025412501665,0
TXN_000891,2020-01-02 19:56:51,75.73440751544709,0,ACC_902121,3712,10000,8079.860693782132,53,City_TN_8,TN,72919,MER_58447,LabCorp,healthcare,City_GA_7,GA,US,in-store,contactless,0,48.507181525290655,2,1,313.11182270890777,2026-03-29 20:37:40,2020-01-02,19,0,low,0.8079860693782133,0
TXN_000892,2020-01-01 21:08:45,365.6019688558406,0,ACC_734044,238,50000,41697.7472732868,51,City_PA_1,PA,74442,MER_59757,Walgreens Pharmacy,pharmacy,City_TX_1,TX,US,in-store,contactless,0,30.23773329493555,2,0,61.68095842043931,2026-03-29 20:37:40,2020-01-01,21,0,medium,0.8339549454657359,0
TXN_000893,2020-01-02 16:16:30,219.0774762553993,0,ACC_580350,4766,10000,5219.571816740902,32,City_IL_3,IL,31770,MER_79201,United Airlines,travel,City_TX_3,TX,US,in-store,chip,0,36.32929992138762,4,0,303.9186768235237,2026-03-29 20:37:40,2020-01-02,16,0,medium,0.5219571816740902,0
TXN_000894,2020-01-02 20:01:58,206.27200134913187,0,ACC_596232,3436,2000,1246.7401688231053,31,City_FL_5,FL,57498,MER_91844,Hilton,hotel,City_IL_1,IL,US,in-store,swipe,0,9.441792255986336,1,0,232.73953688580667,2026-03-29 20:37:40,2020-01-02,20,0,medium,0.6233700844115526,0
TXN_000895,2020-01-02 10:27:20,491.4773361906964,0,ACC_588455,1341,25000,9078.136350344172,44,City_TX_5,TX,71477,MER_81388,Whole Foods Market,grocery,City_CA_3,CA,US,in-store,swipe,0,6.4609774949902725,3,0,323.09500833107506,2026-03-29 20:37:40,2020-01-02,10,0,medium,0.3631254540137669,0
TXN_000896,2020-01-02 16:01:58,570.3637811091595,0,ACC_362210,2329,25000,6692.551628345067,28,City_PA_2,PA,10244,MER_15462,Hertz,travel,City_FL_5,FL,US,in-store,swipe,0,13.053086526604702,4,1,99.87423112197676,2026-03-29 20:37:40,2020-01-02,16,0,medium,0.2677020651338027,0
TXN_000897,2020-01-02 19:18:10,488.41856512470906,0,ACC_738447,3366,50000,34294.199480203126,52,City_NC_8,NC,42788,MER_41795,AT&T,utilities,City_PA_9,PA,GB,in-store,contactless,1,0.6131033939127413,4,1,255.3209293183112,2026-03-29 20:37:40,2020-01-02,19,0,medium,0.6858839896040625,1
TXN_000898,2020-01-01 01:12:04,302.8866210356417,0,ACC_800606,1977,25000,20469.53478912544,58,City_IN_5,IN,89453,MER_79806,Safeway,grocery,City_WA_3,WA,GB,in-store,contactless,1,62.75735823405424,5,0,877.9792140578925,2026-03-29 20:37:40,2020-01-01,1,0,medium,0.8187813915650175,1
TXN_000899,2020-01-01 21:12:03,450.0573421231408,0,ACC_631821,949,15000,9320.605129619402,42,City_AZ_7,AZ,67737,MER_58465,Comcast,utilities,City_MD_9,MD,US,online,online,0,12.235340392303469,3,0,312.57490299529053,2026-03-29 20:37:40,2020-01-01,21,0,medium,0.6213736753079602,0
TXN_000900,2020-01-01 02:31:51,489.3486620052476,0,ACC_825512,2074,1000,486.0110801142217,54,City_OH_7,OH,56489,MER_71109,Walgreens,healthcare,City_NJ_1,NJ,US,in-store,swipe,0,111.7585639413032,2,0,187.1231684994118,2026-03-29 20:37:40,2020-01-01,2,0,medium,0.4860110801142217,0
TXN_000901,2020-01-02 22:59:42,882.9925787748629,0,ACC_866941,448,15000,2264.677927529445,39,City_MD_5,MD,81303,MER_60528,Spotify,entertainment,City_WA_6,WA,US,online,online,0,35.8293479762882,2,0,235.51125975205363,2026-03-29 20:37:40,2020-01-02,22,0,high,0.150978528501963,0
TXN_000902,2020-01-01 04:33:09,279.5636742427293,0,ACC_477972,1779,5000,253.92888487288624,72,City_CA_8,CA,38390,MER_46230,Hertz,travel,City_GA_9,GA,US,in-store,chip,0,2.098538973547915,4,1,105.47518852401328,2026-03-29 20:37:40,2020-01-01,4,0,medium,0.05078577697457725,0
TXN_000903,2020-01-02 09:56:17,418.753323445125,0,ACC_946090,2872,15000,6351.1080110161365,40,City_CO_9,CO,20247,MER_58242,Trader Joes,grocery,City_OH_5,OH,US,in-store,swipe,0,26.984089327830876,2,0,254.35066969713216,2026-03-29 20:37:40,2020-01-02,9,0,medium,0.42340720073440913,0
TXN_000904,2020-01-01 11:30:27,37122.456146149605,0,ACC_924930,1129,5000,234.41042756275104,34,City_MA_4,MA,79051,MER_75883,Quest Diagnostics,healthcare,City_WA_2,WA,US,online,online,0,7.896523673562752,4,0,289.0599691077142,2026-03-29 20:37:40,2020-01-01,11,0,outlier,0.04688208551255021,0
TXN_000905,2020-01-02 20:23:38,621.771253097531,0,ACC_733316,3422,5000,2704.339501559319,53,City_MO_4,MO,69719,MER_11783,AT&T,utilities,City_CA_5,CA,US,atm,manual,0,6.983545252707158,0,2,192.0139556057661,2026-03-29 20:37:40,2020-01-02,20,0,high,0.5408679003118638,0
TXN_000906,2020-01-02 10:08:03,31.08511580650106,0,ACC_898204,2802,1000,363.5927317518827,30,City_NY_8,NY,44678,MER_38390,Hertz,travel,City_PA_1,PA,US,in-store,chip,0,7.411770175555126,2,0,64.1726856139463,2026-03-29 20:37:40,2020-01-02,10,0,low,0.36359273175188267,0
TXN_000907,2020-01-02 12:26:29,222.1573226100744,0,ACC_975817,2510,2000,1438.659327395742,36,City_MO_1,MO,97802,MER_18417,Quest Diagnostics,healthcare,City_OH_9,OH,US,in-store,contactless,0,61.94580790776575,2,0,82.6188184316739,2026-03-29 20:37:40,2020-01-02,12,0,medium,0.719329663697871,0
TXN_000908,2020-01-02 10:56:48,469.5566810051747,0,ACC_350231,1575,50000,14518.303599718713,24,City_TX_4,TX,86286,MER_82102,Comcast,utilities,City_TN_9,TN,US,online,online,0,17.327688337216266,3,1,56.49234999795836,2026-03-29 20:37:40,2020-01-02,10,0,medium,0.29036607199437425,0
TXN_000909,2020-01-02 07:10:21,159.33981139660264,0,ACC_112940,1100,1000,563.3335659190604,47,City_MI_6,MI,39583,MER_27426,Steam,entertainment,City_MA_6,MA,US,online,online,0,27.67651428898756,0,0,96.99835304446673,2026-03-29 20:37:40,2020-01-02,7,0,low,0.5633335659190605,0
TXN_000910,2020-01-01 03:40:34,163.58056322712898,0,ACC_480171,1880,50000,25539.96728336727,48,City_NJ_4,NJ,18076,MER_40750,Spotify,entertainment,City_CO_9,CO,US,atm,manual,0,8.245533973551538,3,1,63.999445307171705,2026-03-29 20:37:40,2020-01-01,3,0,low,0.5107993456673454,0
TXN_000911,2020-01-01 14:50:41,331.4777434064528,0,ACC_641220,4228,25000,111.92010615322754,63,City_NY_6,NY,28006,MER_68188,Chevron,gas_station,City_TX_3,TX,US,in-store,swipe,0,18.503582771492173,4,0,87.40718710192155,2026-03-29 20:37:40,2020-01-01,14,0,medium,0.0044768042461291015,0
TXN_000912,2020-01-01 00:14:06,518.6857684882082,0,ACC_326377,2969,25000,1719.2482087773708,36,City_OH_5,OH,25051,MER_20872,Starbucks,restaurant,City_TN_4,TN,US,in-store,swipe,0,10.773424668679349,3,0,66.10777921934839,2026-03-29 20:37:40,2020-01-01,0,0,medium,0.06876992835109483,0
TXN_000913,2020-01-01 03:02:34,177.96019605884808,0,ACC_550043,1933,15000,4137.747027925792,72,City_GA_9,GA,14314,MER_58086,UnitedHealth,healthcare,City_IN_6,IN,US,online,online,0,9.683473617476883,6,0,130.09176207764256,2026-03-29 20:37:40,2020-01-01,3,0,low,0.2758498018617195,0
TXN_000914,2020-01-01 22:00:39,399.7845032218807,0,ACC_124648,708,5000,0.0,53,City_MD_9,MD,38670,MER_76770,McDonalds,restaurant,City_MA_4,MA,US,online,online,0,7.091217037012358,2,1,62.320454347772966,2026-03-29 20:37:40,2020-01-01,22,0,medium,,0
TXN_000915,2020-01-01 12:55:14,58.49136462428404,0,ACC_132966,1018,10000,1396.6420715478964,68,City_MO_4,MO,77551,MER_93514,BP,gas_station,City_NY_1,NY,US,online,online,0,13.148773355545746,5,1,186.79005372973108,2026-03-29 20:37:40,2020-01-01,12,0,low,0.13966420715478964,0
TXN_000916,2020-01-02 00:30:36,235.70355911463227,0,ACC_520993,2505,10000,6753.496139375145,39,City_WA_4,WA,20236,MER_98177,eBay,online_retail,City_FL_7,FL,US,online,online,0,26.972455649254908,4,1,96.88882555154234,2026-03-29 20:37:40,2020-01-02,0,0,medium,0.6753496139375145,0
TXN_000917,2020-01-02 03:06:19,769.0579136694657,0,ACC_355733,1637,50000,46234.91189223365,41,City_WA_8,WA,45568,MER_44720,Delta Airlines,travel,City_VA_5,VA,US,online,online,0,6.277125595631515,1,0,196.55617271568988,2026-03-29 20:37:40,2020-01-02,3,0,high,0.924698237844673,0
TXN_000918,2020-01-02 14:12:21,42.99242475057027,0,ACC_263639,2899,5000,3755.1958752829873,42,City_MD_4,MD,70314,MER_28079,AT&T,utilities,City_IL_8,IL,US,in-store,contactless,0,84.12934256838285,6,1,409.0504497672328,2026-03-29 20:37:40,2020-01-02,14,0,low,0.7510391750565975,0
TXN_000919,2020-01-02 20:46:17,475.6039865493906,0,ACC_346331,1532,50000,11539.904680134588,29,City_VA_2,VA,26352,MER_27338,Duane Reade,pharmacy,City_IN_9,IN,US,in-store,chip,0,3.3271923186658863,4,0,715.164856634851,2026-03-29 20:37:40,2020-01-02,20,0,medium,0.23079809360269177,0
TXN_000920,2020-01-01 11:41:41,533.5590522518116,0,ACC_142598,1819,1000,862.9469973924275,29,City_IN_2,IN,55650,MER_13291,Starbucks,restaurant,City_PA_5,PA,US,online,online,0,16.35812558017135,5,0,253.9907003609217,2026-03-29 20:37:40,2020-01-01,11,0,medium,0.8629469973924275,0
TXN_000922,2020-01-02 01:32:02,156.16708852944296,0,ACC_507014,2470,1000,444.7348447771989,47,City_WA_5,WA,35156,MER_59393,Walgreens,healthcare,City_MO_1,MO,US,in-store,swipe,0,0.5731531959852563,3,0,74.73326614344585,2026-03-29 20:37:40,2020-01-02,1,0,low,0.4447348447771989,0
TXN_000923,2020-01-02 22:40:48,477.12133447874913,0,ACC_947516,2072,5000,4215.824061700465,37,City_VA_6,VA,65904,MER_79770,United Airlines,travel,City_MI_1,MI,US,in-store,chip,0,63.99419900483016,2,1,248.1510935459428,2026-03-29 20:37:40,2020-01-02,22,0,medium,0.843164812340093,0
TXN_000924,2020-01-02 11:25:34,994.226808543022,0,ACC_799597,1308,5000,3046.0121189701317,64,City_MD_9,MD,24035,MER_36720,CVS Health,healthcare,City_PA_7,PA,US,in-store,swipe,0,41.56896229237022,3,0,214.67906912912312,2026-03-29 20:37:40,2020-01-02,11,0,high,0.6092024237940263,0
TXN_000925,2020-01-01 18:46:24,288.5675131835216,0,ACC_820857,2624,2000,785.9246729826278,65,City_AZ_5,AZ,26108,MER_23368,Ticketmaster,entertainment,City_PA_6,PA,US,in-store,swipe,0,29.616951532335484,3,0,48.84644692706965,2026-03-29 20:37:40,2020-01-01,18,0,medium,0.3929623364913139,0
TXN_000926,2020-01-02 05:02:17,380.1229311307056,0,ACC_755538,4719,50000,13908.611170015516,28,City_OH_6,OH,12853,MER_64313,Olive Garden,restaurant,City_CO_5,CO,DE,online,online,1,50.09737327798778,1,0,573.0578408863253,2026-03-29 20:37:40,2020-01-02,5,0,medium,0.27817222340031034,1
TXN_000927,2020-01-01 21:47:57,258.2274877732023,0,ACC_348004,2466,15000,5345.166525786487,36,City_WA_6,WA,94156,MER_57969,United Airlines,travel,City_MA_5,MA,US,in-store,contactless,0,40.59456048878512,6,1,76.00725104795275,2026-03-29 20:37:40,2020-01-01,21,0,medium,0.35634443505243246,0
TXN_000928,2020-01-01 11:48:53,706.9892888246101,0,ACC_117118,3833,15000,7252.420379382328,38,City_PA_3,PA,14176,MER_58838,Hilton,hotel,City_FL_9,FL,US,in-store,chip,0,26.04902198653507,1,0,406.6348723226911,2026-03-29 20:37:40,2020-01-01,11,0,high,0.4834946919588219,0
TXN_000929,2020-01-01 00:30:28,363.2369238323519,0,ACC_122616,2235,2000,606.183466758334,53,City_MD_4,MD,35920,MER_18734,Walmart.com,online_retail,City_TN_1,TN,FR,in-store,swipe,1,46.9889321920944,2,0,49.96690669731117,2026-03-29 20:37:40,2020-01-01,0,0,medium,0.303091733379167,1
TXN_000930,2020-01-01 00:31:57,657.0739668875914,0,ACC_231870,1057,15000,13807.792034672771,21,City_MD_1,MD,64850,MER_22197,AT&T,utilities,City_GA_8,GA,US,in-store,swipe,0,12.39023916161676,5,0,428.860490364881,2026-03-29 20:37:40,2020-01-01,0,0,high,0.9205194689781848,0
TXN_000931,2020-01-01 05:43:38,565.4699504359479,0,ACC_369745,3569,10000,8864.237704128378,32,City_FL_4,FL,16829,MER_78895,Valero,gas_station,City_OH_2,OH,US,atm,manual,0,20.11604138766017,2,0,469.7958998932672,2026-03-29 20:37:40,2020-01-01,5,0,medium,0.8864237704128378,0
TXN_000932,2020-01-01 08:57:34,65.17788716245903,0,ACC_911795,3513,15000,12407.06842205407,26,City_MD_1,MD,83927,MER_66831,Best Buy Online,online_retail,City_MD_7,MD,US,online,online,0,37.437425833486856,5,0,83.70293338304987,2026-03-29 20:37:40,2020-01-01,8,0,low,0.8271378948036047,0
TXN_000933,2020-01-02 05:14:52,86.1727667516523,0,ACC_102795,2271,15000,6011.075156197811,61,City_NC_5,NC,94860,MER_68073,Chevron,gas_station,City_IN_6,IN,US,in-store,contactless,0,2.215262269898935,2,0,62.39225134090019,2026-03-29 20:37:40,2020-01-02,5,0,low,0.40073834374652073,0
TXN_000934,2020-01-01 13:09:22,146.06426617986315,0,ACC_197462,2795,15000,9851.050213027012,25,City_TN_8,TN,50667,MER_82925,McDonalds,restaurant,City_WA_2,WA,US,online,online,0,48.91210317936947,2,0,80.5162803867072,2026-03-29 20:37:40,2020-01-01,13,0,low,0.6567366808684675,0
TXN_000935,2020-01-01 05:35:28,191.56657337658265,0,ACC_538480,1203,10000,8576.878416841664,36,City_FL_8,FL,75842,MER_90488,Target.com,online_retail,City_MA_3,MA,US,in-store,swipe,0,4.264680525803272,2,0,812.6961049140817,2026-03-29 20:37:40,2020-01-01,5,0,low,0.8576878416841665,0
TXN_000936,2020-01-02 10:23:01,755.0302608809556,0,ACC_465036,3260,50000,40395.40066474908,38,City_PA_5,PA,45843,MER_94475,Best Buy Online,online_retail,City_TX_4,TX,MX,atm,manual,1,49.977203361121255,2,0,450.2589616918079,2026-03-29 20:37:40,2020-01-02,10,0,high,0.8079080132949816,1
TXN_000938,2020-01-01 22:49:40,320.8889097329957,0,ACC_622904,4941,25000,2669.1686714036914,38,City_TN_6,TN,40543,MER_25624,Rite Aid,pharmacy,City_WA_8,WA,US,in-store,swipe,0,9.892183391524576,2,1,261.4571135856691,2026-03-29 20:37:40,2020-01-01,22,0,medium,0.10676674685614766,0
TXN_000939,2020-01-02 00:25:58,644.9199808355796,0,ACC_365228,433,10000,718.4884564282198,21,City_IL_1,IL,82780,MER_77271,AT&T,utilities,City_MO_2,MO,CA,online,online,1,1.9206408840795288,2,0,502.1380706031061,2026-03-29 20:37:40,2020-01-02,0,0,high,0.07184884564282198,1
TXN_000940,2020-01-02 15:08:57,26.504089382938997,0,ACC_982297,2755,2000,1096.421685928835,39,City_MI_7,MI,16611,MER_34315,Quest Diagnostics,healthcare,City_NJ_8,NJ,US,online,online,0,54.26691814627278,2,0,238.88642011569664,2026-03-29 20:37:40,2020-01-02,15,0,low,0.5482108429644175,0
TXN_000941,2020-01-02 13:01:31,290.505177496285,0,ACC_569862,3412,1000,610.496538450385,74,City_WA_4,WA,98242,MER_27422,CVS Pharmacy,pharmacy,City_WA_9,WA,US,in-store,contactless,0,4.794465425570423,3,1,44.06998718937142,2026-03-29 20:37:40,2020-01-02,13,0,medium,0.610496538450385,0
TXN_000942,2020-01-01 11:03:29,210.09501375116776,0,ACC_887163,4193,2000,1614.7009487343455,28,City_AZ_5,AZ,94612,MER_49137,eBay,online_retail,City_MD_7,MD,US,online,online,0,24.85967882025012,2,0,177.47838449626096,2026-03-29 20:37:40,2020-01-01,11,0,medium,0.8073504743671728,0
TXN_000943,2020-01-02 08:25:48,661.8875343197591,0,ACC_232201,117,1000,277.8892693239795,23,City_OH_6,OH,56902,MER_82663,Duane Reade,pharmacy,City_IL_1,IL,CA,in-store,chip,1,25.818338473469154,1,0,56.00885367784413,2026-03-29 20:37:40,2020-01-02,8,0,high,0.2778892693239795,1
TXN_000944,2020-01-01 01:28:07,293.1056176505923,0,ACC_259094,1188,2000,318.1939320450807,45,City_CO_1,CO,43043,MER_58232,Rite Aid,pharmacy,City_NY_6,NY,US,online,online,0,8.252616438301908,1,1,249.63185820403717,2026-03-29 20:37:40,2020-01-01,1,0,medium,0.15909696602254036,0
TXN_000945,2020-01-02 21:57:39,708.63568711283,0,ACC_363749,4303,25000,9001.388537982237,25,City_PA_9,PA,15271,MER_88142,LabCorp,healthcare,City_MD_8,MD,US,in-store,chip,0,106.11923035741732,1,0,230.7351537136499,2026-03-29 20:37:40,2020-01-02,21,0,high,0.3600555415192895,0
TXN_000946,2020-01-01 02:21:52,149.6696503368535,0,ACC_177506,2887,1000,335.89636745066133,60,City_OH_4,OH,82867,MER_42743,United Airlines,travel,City_WA_5,WA,US,online,online,0,1.6579350431591755,6,1,135.07880205487646,2026-03-29 20:37:40,2020-01-01,2,0,low,0.3358963674506613,0
TXN_000947,2020-01-02 12:46:54,510.4359498277796,0,ACC_864601,1411,1000,125.845506316962,39,City_IL_8,IL,87089,MER_25636,Chipotle,restaurant,City_IL_2,IL,US,in-store,swipe,0,23.40417474773457,3,2,39.619125746613776,2026-03-29 20:37:40,2020-01-02,12,0,medium,0.125845506316962,0
TXN_000948,2020-01-02 06:14:32,839.7152798501385,0,ACC_144130,4711,5000,3193.3425994374725,38,City_MO_5,MO,68745,MER_20108,Delta Airlines,travel,City_VA_5,VA,US,in-store,swipe,0,16.326244730474492,1,1,152.49242574136983,2026-03-29 20:37:40,2020-01-02,6,0,high,0.6386685198874945,0
TXN_000949,2020-01-02 17:44:48,157.88832884958666,0,ACC_263402,2094,1000,483.2573436929071,70,City_VA_8,VA,72077,MER_83634,Starbucks,restaurant,City_AZ_8,AZ,US,atm,manual,0,7.041973422757311,4,0,376.18696394120127,2026-03-29 20:37:40,2020-01-02,17,0,low,0.4832573436929071,0
TXN_000950,2020-01-02 01:51:10,147.22056674832882,0,ACC_954901,2404,1000,685.066618309028,73,City_PA_1,PA,69119,MER_46180,Expedia,travel,City_PA_2,PA,US,atm,manual,0,4.464764478566908,4,0,75.83917433943516,2026-03-29 20:37:40,2020-01-02,1,0,low,0.6850666183090279,0
TXN_000951,2020-01-01 22:09:27,550.640836029578,0,ACC_246259,347,5000,1675.28282080624,51,City_CA_8,CA,21573,MER_28883,Hertz,travel,City_NC_1,NC,US,online,online,0,33.398051292824675,2,0,221.71391228548504,2026-03-29 20:37:40,2020-01-01,22,0,medium,0.33505656416124796,0
TXN_000952,2020-01-02 03:10:29,174.57457563227655,0,ACC_519007,1532,15000,4641.256514982257,53,City_FL_4,FL,31409,MER_54400,ExxonMobil,gas_station,City_IN_4,IN,US,in-store,contactless,0,62.01735072803649,6,0,625.8814690745276,2026-03-29 20:37:40,2020-01-02,3,0,low,0.30941710099881714,0
TXN_000953,2020-01-02 19:48:06,98.8811817079816,0,ACC_452580,2072,15000,6734.205905874942,67,City_MD_2,MD,95970,MER_55999,RxCrossroads,pharmacy,City_GA_4,GA,US,in-store,contactless,0,2.844515019867893,4,1,788.0775577739525,2026-03-29 20:37:40,2020-01-02,19,0,low,0.44894706039166277,0
TXN_000954,2020-01-02 22:28:50,51.15241884056121,0,ACC_301682,4628,5000,4167.684890626948,38,City_VA_6,VA,34464,MER_57951,Ticketmaster,entertainment,City_WA_9,WA,US,in-store,chip,0,5.391174650997681,1,0,104.6486505396838,2026-03-29 20:37:40,2020-01-02,22,0,low,0.8335369781253896,0
TXN_000955,2020-01-01 11:41:18,368.937613184627,0,ACC_474485,2052,10000,382.6724139728132,59,City_MA_2,MA,52840,MER_17160,UnitedHealth,healthcare,City_IL_3,IL,US,in-store,swipe,0,107.20384135239966,6,0,354.8070814090421,2026-03-29 20:37:40,2020-01-01,11,0,medium,0.03826724139728132,0
TXN_000956,2020-01-02 05:31:28,54.96170459644561,0,ACC_323034,148,1000,764.5911764316485,36,City_NY_5,NY,58785,MER_65262,United Airlines,travel,City_IN_4,IN,US,online,online,0,0.3784164401459704,3,0,32.22594405470056,2026-03-29 20:37:40,2020-01-02,5,0,low,0.7645911764316484,0
TXN_000957,2020-01-01 23:12:04,263.08428940405645,0,ACC_609394,739,1000,350.53823202486865,36,City_CO_2,CO,30662,MER_29929,Best Buy Online,online_retail,City_NY_3,NY,US,in-store,contactless,0,17.7447206778963,2,1,546.9604244608067,2026-03-29 20:37:40,2020-01-01,23,0,medium,0.35053823202486867,0
TXN_000958,2020-01-01 03:23:39,379.74942680573406,0,ACC_723982,3587,5000,4059.440372495269,67,City_GA_3,GA,28228,MER_93133,Marriott,hotel,City_PA_2,PA,US,online,online,0,18.147589019447395,2,0,425.72416189596254,2026-03-29 20:37:40,2020-01-01,3,0,medium,0.8118880744990538,0
TXN_000959,2020-01-01 00:03:55,127.8090693809396,0,ACC_644061,4170,5000,3810.464291970318,58,City_NJ_6,NJ,70721,MER_21123,ExxonMobil,gas_station,City_AZ_4,AZ,US,online,online,0,7.634664413671742,2,1,441.7687339327304,2026-03-29 20:37:40,2020-01-01,0,0,low,0.7620928583940636,0
TXN_000960,2020-01-01 11:55:29,46225.39485745442,0,ACC_890671,4439,10000,3313.2318502628395,61,City_TN_1,TN,59223,MER_38357,Hyatt,hotel,City_MA_8,MA,US,in-store,chip,0,27.193951273699795,4,1,346.04698396968104,2026-03-29 20:37:40,2020-01-01,11,0,outlier,0.33132318502628394,0
TXN_000961,2020-01-02 11:21:49,288.7479372578081,0,ACC_383007,3280,25000,16479.56771388838,27,City_NC_6,NC,17386,MER_80496,Publix,grocery,City_AZ_1,AZ,US,online,online,0,72.48370604838041,4,1,87.19777727277496,2026-03-29 20:37:40,2020-01-02,11,0,medium,0.6591827085555352,0
TXN_000962,2020-01-01 18:44:04,267.3757783923838,0,ACC_413559,447,15000,2274.7667840215217,34,City_NY_3,NY,16862,MER_43556,AT&T,utilities,City_NJ_8,NJ,US,online,online,0,14.95565104494672,3,1,335.1933040147824,2026-03-29 20:37:40,2020-01-01,18,0,medium,0.15165111893476813,0
TXN_000963,2020-01-02 14:47:19,393.5348968504386,0,ACC_168968,2633,2000,1702.934949111197,63,City_IL_7,IL,50108,MER_93791,Trader Joes,grocery,City_NJ_8,NJ,US,online,online,0,34.599376858767336,5,0,141.7989673307128,2026-03-29 20:37:40,2020-01-02,14,0,medium,0.8514674745555986,0
TXN_000964,2020-01-02 04:17:14,283.172445490828,0,ACC_593891,3884,25000,9606.662780732848,73,City_CO_2,CO,85023,MER_71934,Olive Garden,restaurant,City_NC_3,NC,US,in-store,chip,0,25.966421451622075,2,1,71.3869512307889,2026-03-29 20:37:40,2020-01-02,4,0,medium,0.38426651122931393,0
TXN_000965,2020-01-01 23:29:15,33923.98164301995,0,ACC_684718,1131,50000,21642.21672937201,68,City_AZ_6,AZ,90140,MER_88886,Hertz,travel,City_PA_6,PA,US,online,online,0,16.011110516624953,2,1,439.5260004319666,2026-03-29 20:37:40,2020-01-01,23,0,outlier,0.43284433458744015,0
TXN_000966,2020-01-01 20:28:18,528.0281567065217,0,ACC_350072,4451,15000,10057.066477277034,45,City_MA_8,MA,92963,MER_40881,LabCorp,healthcare,City_MA_4,MA,US,in-store,contactless,0,1.2773933687304917,4,0,52.5072572159474,2026-03-29 20:37:40,2020-01-01,20,0,medium,0.6704710984851356,0
TXN_000967,2020-01-02 10:34:10,120.51981686666775,0,ACC_101515,3458,1000,779.7982248696084,52,City_PA_1,PA,37201,MER_28409,Walmart.com,online_retail,City_VA_1,VA,US,in-store,swipe,0,33.845660393373755,3,0,238.59390065871156,2026-03-29 20:37:40,2020-01-02,10,0,low,0.7797982248696084,0
TXN_000968,2020-01-02 13:54:47,562.2706031740656,0,ACC_197206,2291,50000,11226.280308089954,58,City_FL_9,FL,78578,MER_65416,AMC Theatres,entertainment,City_PA_1,PA,US,online,online,0,11.284510944833304,3,2,133.22387430780196,2026-03-29 20:37:40,2020-01-02,13,0,medium,0.2245256061617991,0
TXN_000969,2020-01-02 22:27:11,723.3108968764748,1,ACC_345282,4199,25000,15707.065822078644,42,City_GA_5,GA,59966,MER_77982,Netflix,entertainment,City_CA_5,CA,US,online,online,0,6.356011178339462,3,0,117.62394952067508,2026-03-29 20:37:40,2020-01-02,22,0,high,0.6282826328831458,0
TXN_000970,2020-01-01 12:12:05,288.30342252609057,0,ACC_859990,3664,5000,1861.9907084734552,36,City_MD_5,MD,64774,MER_40657,Valero,gas_station,City_TN_8,TN,US,in-store,chip,0,74.0422823542525,3,0,93.2856301750702,2026-03-29 20:37:40,2020-01-01,12,0,medium,0.37239814169469104,0
TXN_000971,2020-01-02 14:03:43,39.84711798706736,0,ACC_507821,538,10000,3502.6777780376324,72,City_IL_5,IL,20386,MER_96743,Chevron,gas_station,City_CO_1,CO,US,online,online,0,37.12556404287738,3,0,241.51144654228372,2026-03-29 20:37:40,2020-01-02,14,0,low,0.3502677778037632,0
TXN_000972,2020-01-02 00:16:28,240.5293754111121,0,ACC_942672,2409,15000,9832.86799115433,49,City_WA_6,WA,87228,MER_58951,ExxonMobil,gas_station,City_MA_2,MA,US,atm,manual,0,81.93162011598261,3,0,190.9656198093902,2026-03-29 20:37:40,2020-01-02,0,0,medium,0.655524532743622,0
TXN_000973,2020-01-01 02:13:27,416.9032442660496,0,ACC_105586,3194,10000,3678.241104481376,36,City_TN_2,TN,25225,MER_18752,BP,gas_station,City_TX_7,TX,US,in-store,contactless,0,7.400146553920699,3,1,264.476123445366,2026-03-29 20:37:40,2020-01-01,2,0,medium,0.3678241104481376,0
TXN_000974,2020-01-01 16:16:36,347.4502542676008,0,ACC_869565,717,50000,16440.153757809363,32,City_CA_6,CA,26693,MER_23440,Duane Reade,pharmacy,City_IN_8,IN,US,online,online,0,45.16573617111924,2,1,275.17603882882435,2026-03-29 20:37:40,2020-01-01,16,0,medium,0.3288030751561873,0
TXN_000975,2020-01-02 09:38:21,1801.22078359264,0,ACC_655474,4782,15000,11911.409815798954,37,City_WA_4,WA,82197,MER_54864,Airbnb,travel,City_NY_3,NY,US,online,online,0,23.394574705210168,2,0,102.35573416828116,2026-03-29 20:37:40,2020-01-02,9,0,outlier,0.7940939877199302,0
TXN_000977,2020-01-02 00:41:01,817.3965557651876,0,ACC_853624,3935,1000,642.0979916887001,47,City_GA_9,GA,28261,MER_82035,Expedia,travel,City_IL_1,IL,US,in-store,chip,0,73.11644720107094,3,0,141.26785564393765,2026-03-29 20:37:40,2020-01-02,0,0,high,0.6420979916887001,0
TXN_000978,2020-01-02 00:05:40,454.134915532231,0,ACC_838447,3105,2000,472.5782482021868,45,City_GA_9,GA,37378,MER_96675,Expedia,travel,City_IN_9,IN,US,in-store,swipe,0,90.26838980364012,3,0,129.63113084252018,2026-03-29 20:37:40,2020-01-02,0,0,medium,0.2362891241010934,0
TXN_000979,2020-01-01 04:18:44,261.06981035924485,0,ACC_485134,3239,10000,147.2332973488079,33,City_AZ_8,AZ,96755,MER_90303,Publix,grocery,City_IN_2,IN,US,online,online,0,75.79311662053304,5,0,85.40333051965064,2026-03-29 20:37:40,2020-01-01,4,0,medium,0.01472332973488079,0
TXN_000980,2020-01-02 17:45:54,77.72656312064824,0,ACC_449173,354,10000,1584.2605542905742,28,City_WA_3,WA,21937,MER_32343,CVS Health,healthcare,City_CO_2,CO,US,in-store,contactless,0,0.1922590516709854,3,0,127.95899330048272,2026-03-29 20:37:40,2020-01-02,17,0,low,0.1584260554290574,0
TXN_000981,2020-01-02 19:03:22,670.0533982475387,0,ACC_644999,2023,2000,1152.6569065741485,25,City_NY_4,NY,76330,MER_29673,Best Buy Online,online_retail,City_PA_4,PA,US,in-store,swipe,0,33.78142601474769,2,0,357.7634639337566,2026-03-29 20:37:40,2020-01-02,19,0,high,0.5763284532870743,0
TXN_000982,2020-01-02 12:25:49,283.1204693318143,0,ACC_679250,4006,10000,6736.708319116405,32,City_FL_1,FL,57366,MER_69954,McDonalds,restaurant,City_CA_3,CA,US,online,online,0,7.934108659422032,5,0,388.4602785110849,2026-03-29 20:37:40,2020-01-02,12,0,medium,0.6736708319116405,0
TXN_000983,2020-01-02 10:51:41,226.02931442904205,0,ACC_120039,4842,10000,200.0489437850404,61,City_CO_9,CO,82322,MER_64698,Quest Diagnostics,healthcare,City_OH_4,OH,US,in-store,swipe,0,30.521794404783225,1,0,204.32520182794067,2026-03-29 20:37:40,2020-01-02,10,0,medium,0.02000489437850404,0
TXN_000984,2020-01-01 05:43:31,340.36756495924874,0,ACC_660849,2800,15000,519.0625670495122,23,City_MA_5,MA,50160,MER_36520,Shell,gas_station,City_MA_6,MA,US,online,online,0,98.57649409713524,2,1,140.75345099559644,2026-03-29 20:37:40,2020-01-01,5,0,medium,0.034604171136634145,0
TXN_000985,2020-01-02 17:07:36,360.3314255676599,0,ACC_306555,4402,15000,12861.22513651208,55,City_MA_6,MA,55313,MER_25784,Marriott,hotel,City_OH_7,OH,US,online,online,0,1.0038728927836706,5,0,275.659821935785,2026-03-29 20:37:40,2020-01-02,17,0,medium,0.8574150091008053,0
TXN_000986,2020-01-01 03:54:20,106.3076361626862,1,ACC_591087,2613,2000,139.28105441606766,53,City_WA_3,WA,37032,MER_48079,Whole Foods Market,grocery,City_MD_5,MD,US,online,online,0,20.924736269312493,3,1,91.01500489692972,2026-03-29 20:37:40,2020-01-01,3,0,low,0.06964052720803383,0
TXN_000988,2020-01-02 20:32:39,667.6489391512449,0,ACC_101577,3617,1000,216.75761806336047,70,City_MI_7,MI,71710,MER_30491,Hilton,hotel,City_NJ_3,NJ,US,in-store,chip,0,7.3042626676353235,3,1,296.7665982751501,2026-03-29 20:37:40,2020-01-02,20,0,high,0.21675761806336047,0
TXN_000989,2020-01-01 11:01:51,287.7113402587509,0,ACC_207792,181,25000,17575.422753757553,64,City_VA_1,VA,96157,MER_58720,Safeway,grocery,City_AZ_3,AZ,US,in-store,swipe,0,6.376240003972175,2,0,258.7886101602382,2026-03-29 20:37:40,2020-01-01,11,0,medium,0.7030169101503021,0
TXN_000990,2020-01-02 15:43:46,187.90194365506417,0,ACC_872268,984,25000,7356.164662467786,29,City_AZ_5,AZ,58821,MER_24718,AT&T,utilities,City_WA_5,WA,US,online,online,0,1.5560757555650542,2,0,332.8627543100736,2026-03-29 20:37:40,2020-01-02,15,0,low,0.29424658649871144,0
TXN_000991,2020-01-01 20:22:20,276.63592202704524,0,ACC_338540,4384,50000,40790.72121643624,61,City_CA_9,CA,38365,MER_45597,Walgreens Pharmacy,pharmacy,City_CO_5,CO,US,in-store,chip,0,2.465687974486084,3,1,147.68879954136818,2026-03-29 20:37:40,2020-01-01,20,0,medium,0.8158144243287249,0
TXN_000992,2020-01-02 04:36:14,377.70501887130376,0,ACC_328506,2401,10000,6654.3212215314,38,City_AZ_6,AZ,23189,MER_71217,ExxonMobil,gas_station,City_NC_4,NC,US,atm,manual,0,26.732399365152084,2,0,60.84753148742662,2026-03-29 20:37:40,2020-01-02,4,0,medium,0.66543212215314,0
TXN_000993,2020-01-02 17:34:06,322.9806077743599,0,ACC_836777,4994,1000,381.7227856716104,70,City_AZ_8,AZ,86749,MER_36832,McDonalds,restaurant,City_NC_8,NC,US,online,online,0,17.590577498877916,6,0,404.900234988089,2026-03-29 20:37:40,2020-01-02,17,0,medium,0.3817227856716104,0
TXN_000994,2020-01-02 14:57:36,406.2023861401198,0,ACC_110785,1221,2000,144.97466293075115,49,City_GA_1,GA,17248,MER_64818,Valero,gas_station,City_TN_6,TN,FR,in-store,contactless,1,0.7633417894671031,2,0,186.94428037291132,2026-03-29 20:37:40,2020-01-02,14,0,medium,0.07248733146537557,1
TXN_000995,2020-01-02 17:42:48,248.67445483149325,0,ACC_172227,717,50000,34803.25873386334,59,City_TN_7,TN,14369,MER_22864,Hilton,hotel,City_VA_6,VA,US,online,online,0,87.38365687155333,4,0,126.54558938262238,2026-03-29 20:37:40,2020-01-02,17,0,medium,0.6960651746772668,0
TXN_000996,2020-01-01 18:48:48,326.3366339904296,1,ACC_948389,339,2000,1172.081036333845,47,City_AZ_3,AZ,73763,MER_98378,ExxonMobil,gas_station,City_MI_1,MI,US,in-store,contactless,0,26.6811743009184,2,0,112.63991719537096,2026-03-29 20:37:40,2020-01-01,18,0,medium,0.5860405181669225,0
TXN_000997,2020-01-02 21:51:28,268.9802954460542,0,ACC_689719,1532,15000,41.49197913148955,56,City_CA_9,CA,18050,MER_18177,Verizon,utilities,City_PA_6,PA,US,in-store,chip,0,18.114324418087644,5,0,62.86193401138624,2026-03-29 20:37:40,2020-01-02,21,0,medium,0.0027661319420993033,0
TXN_000998,2020-01-01 03:07:26,443.9391291930431,0,ACC_510513,3157,10000,89.48863173823057,65,City_TN_6,TN,38605,MER_56115,Shell,gas_station,City_MO_3,MO,US,online,online,0,7.961238912214511,0,0,491.90285343688674,2026-03-29 20:37:40,2020-01-01,3,0,medium,0.008948863173823056,0
TXN_000999,2020-01-02 17:30:53,343.4329257304684,0,ACC_958326,4598,5000,3841.766622665296,37,City_MO_5,MO,59616,MER_66210,Trader Joes,grocery,City_TX_6,TX,US,online,online,0,26.830843014792467,3,0,29.10178929121507,2026-03-29 20:37:40,2020-01-02,17,0,medium,0.7683533245330592,0
