transaction_id,Time,Amount,Class,account_id,account_age_days,credit_limit,account_balance,cardholder_age,cardholder_city,cardholder_state,cardholder_zip,merchant_id,merchant_name,merchant_category,merchant_city,merchant_state,merchant_country,channel,pos_entry_mode,is_foreign_transaction,distance_from_home_km,num_transactions_24h,num_declined_7d,avg_amount_30d
TXN_000000,121958,22.80044394438993,0,ACC_614241,2211,15000,12865.869333908138,56,City_TX_7,TX,85287,MER_18724,Holiday Inn,hotel,City_MD_4,MD,U.S.,online,online,0,95.89205660454009,3,0,229.12067171370254
TXN_000001,146867,856.8647617570308,0,ACC_987099,3227,10000,6619.170741886341,40,City_AZ_8,AZ,16907,MER_15084,AMC Theatres,entertainment,City_MI_9,MI,United States,atm,manual,0,29.96586411462937,6,0,397.6935272166486
TXN_000002,131932,-153.5453236058145,0,ACC_452215,1492,25000,2295.2138739156962,61,City_NY_1,NY,38114,MER_44810,eBay,online_retail,City_IL_3,IL,United States,online,online,0,13.478617605394408,3,0,708.7671113349711
TXN_000003,103694,483.9777998545755,0,ACC_198064,2408,25000,6511.395894717127,65,City_IL_3,IL,35009,MER_92277,RxCrossroads,pharmacy,City_MD_6,MD,United States,in-store,swipe,0,31.501217376253337,5,0,50.35153359808707
TXN_000004,119879,473.1266754535364,0,ACC_468655,3484,15000,4560.808358115396,64,City_AZ_7,AZ,94846,MER_92297,Best Buy Online,online_retail,City_NJ_2,NJ,United States,in-store,swipe,0,57.7640960337225,2,1,148.344602996922
TXN_000005,110268,931.8978682805785,0,ACC_582605,3583,5000,3624.9627742914154,31,City_NY_9,NY,60241,MER_88872,Safeway,grocery,City_OH_1,OH,US,in-store,swipe,0,3.445989163788344,2,1,87.27938571031196
TXN_000006,54886,651.7810170345552,0,ACC_507974,1337,25000,19053.41800683396,32,City_OH_8,OH,45725,MER_30872,Comcast,utilities,City_IL_5,IL,USA,in-store,contactless,0,7.707144483044035,5,0,133.3174446551882
TXN_000007,137337,556.2188974100026,0,ACC_558996,1219,1000,365.8508168404244,38,City_MO_8,MO,28996,MER_88950,Publix,grocery,City_CO_8,CO,us,in-store,chip,0,62.924245169374956,5,1,262.4682594041186
TXN_000008,168266,320.1470248399033,0,ACC_870974,717,10000,3969.8979678672918,50,City_WA_9,WA,16047,MER_80333,Trader Joes,grocery,City_VA_2,VA,US,in-store,chip,0,73.07733828256934,4,0,92.23796529878749
TXN_000009,87498,1070.3992261096303,0,ACC_627466,4691,1000,42.28358731236276,64,City_MI_3,MI,38767,MER_78843,Safeway,grocery,City_MD_9,MD,us,online,online,0,16.547954401345514,4,0,313.16198157374095
TXN_000010,112727,24.76563424757455,0,ACC_656119,1237,5000,1373.3994124891146,68,City_WA_8,WA,26347,MER_12596,Target.com,online_retail,City_MA_8,MA,United States,online,online,0,11.732135716470173,0,0,136.91687977835943
TXN_000011,126324,540.0452047594663,0,ACC_233248,1924,1000,428.7209183187579,57,City_TN_1,TN,34102,MER_27167,Publix,grocery,City_VA_3,VA,us,online,online,0,8.309379223031943,3,0,226.13886872479526
TXN_000012,16023,2008.321946824084,0,ACC_203306,4952,1000,111.1338940659947,40,City_NC_8,NC,14263,MER_97844,BP,gas_station,City_FL_1,FL,U.S.,online,online,0,17.266334371544552,4,0,178.74262154619444
TXN_000013,41090,382.63649212381677,0,ACC_264726,1841,2000,861.2081754345405,45,City_TX_7,TX,77438,MER_99751,eBay,online_retail,City_VA_4,VA,U.S.,in-store,contactless,0,68.15452115707288,4,0,149.73026112343143
TXN_000014,67221,808.3677528872133,0,ACC_878580,3213,1000,810.5170216449103,32,City_IL_8,IL,40540,MER_87331,Steam,entertainment,City_MO_8,MO,USA,in-store,contactless,0,4.057374670971733,4,1,129.17069574154058
TXN_000015,64820,1161.8944641216774,0,ACC_807910,3827,15000,8283.82453108201,41,City_IN_1,IN,85726,MER_90520,BP,gas_station,City_IN_3,IN,USA,online,online,0,13.610880389032834,4,0,263.43481258841337
TXN_000016,769,112.33466367752544,0,ACC_474169,1674,10000,749.8336228649171,45,City_FL_6,FL,73769,MER_68326,Holiday Inn,hotel,City_MD_2,MD,us,in-store,swipe,0,60.64930482245422,0,0,103.0835785425301
TXN_000017,59735,186.73471918412795,0,ACC_800270,3998,2000,364.1755057775212,31,City_IN_7,IN,50843,MER_87670,Ticketmaster,entertainment,City_TN_7,TN,US,online,online,0,10.735721605643647,6,0,181.55678584028806
TXN_000018,64925,571.2992025799998,0,ACC_190417,2746,10000,4508.171326506284,29,City_NC_5,NC,37690,MER_20782,Walgreens Pharmacy,pharmacy,City_NJ_4,NJ,US,in-store,swipe,0,36.53422153305049,4,1,320.4515448073954
TXN_000019,5311,40070.58325237759,0,ACC_813611,220,10000,3434.1279233072146,70,City_CO_5,CO,12994,MER_52002,LabCorp,healthcare,City_TX_6,TX,United States,in-store,chip,0,12.327089807251546,1,0,248.69614114667255
TXN_000020,103355,611.3721603359194,0,ACC_528638,1365,5000,1703.953342843969,45,City_TX_7,TX,77546,MER_97187,Walmart.com,online_retail,City_TN_5,TN,US,online,online,0,40.85949456230305,2,0,169.2895989207352
TXN_000021,85305,145.28415899711786,0,ACC_111984,4833,5000,2514.020378682053,55,City_MO_3,MO,17377,MER_34022,Quest Diagnostics,healthcare,City_CA_2,CA,USA,online,online,0,99.08599973558219,2,0,33.040224425553205
TXN_000022,159765,200.68679587624638,0,ACC_189312,3136,2000,1110.3522510199691,72,City_NJ_6,NJ,88572,MER_94458,Target.com,online_retail,City_IN_2,IN,US,online,online,0,12.268305159000432,1,0,449.5515675321829
TXN_000023,130608,795.1164734627853,0,ACC_292458,408,25000,18925.462294059536,52,City_WA_7,WA,36467,MER_24618,Netflix,entertainment,City_MO_9,MO,United States,in-store,swipe,0,46.6241711456716,3,0,125.8019390025986
TXN_000024,156730,196.16095834716938,0,ACC_183291,4512,50000,16195.911764468021,69,City_GA_1,GA,10048,MER_27245,CVS Pharmacy,pharmacy,City_WA_2,WA,U.S.,in-store,swipe,0,111.45504127526115,5,0,465.68956761675327
TXN_000025,84478,221.0875209443948,0,ACC_893567,3859,5000,3825.9648444427867,34,City_CA_2,CA,46978,MER_93796,Subway,restaurant,City_IL_8,IL,US,online,online,0,103.11516124164109,3,0,171.7306391898266
TXN_000026,122537,105.33809706279003,0,ACC_624608,645,50000,16084.033382850044,21,City_IN_4,IN,57606,MER_20027,Starbucks,restaurant,City_PA_8,PA,US,in-store,contactless,0,14.218920823971176,5,0,261.836651308668
TXN_000027,149503,122.42955490035423,0,ACC_587387,2360,5000,263.3066974708607,37,City_VA_8,VA,91574,MER_23986,Valero,gas_station,City_CA_1,CA,USA,in-store,chip,0,16.62668438686563,0,0,586.6249428062218
TXN_000028,130523,839.8664548055692,0,ACC_777044,1784,5000,2632.391342272758,45,City_FL_6,FL,83414,MER_13526,Publix,grocery,City_MI_1,MI,us,online,online,0,9.038654071502549,6,1,405.44327423377644
TXN_000029,2747,184.96157177204063,0,ACC_975206,493,10000,5585.072086500738,28,City_WA_1,WA,59222,MER_54361,Kroger,grocery,City_IL_4,IL,U.S.,online,online,0,9.422625099882454,2,0,159.5003355323772
TXN_000030,123855,148.4645297124898,0,ACC_515105,996,2000,1775.6264666815343,25,City_NC_5,NC,58115,MER_77158,Chipotle,restaurant,City_CA_2,CA,CA,online,online,1,16.955017082565117,4,0,258.5456651753524
TXN_000031,65725,401.0003579714437,0,ACC_851209,4297,10000,6897.582597593507,25,City_OH_7,OH,99606,MER_48286,Ticketmaster,entertainment,City_NJ_1,NJ,United States,in-store,contactless,0,5.59479997728548,3,0,224.85523506942138
TXN_000032,129981,316.71136151118577,0,ACC_460215,3188,15000,13078.260298045763,61,City_IL_6,IL,50647,MER_39533,Rite Aid,pharmacy,City_OH_9,OH,United States,in-store,chip,0,31.0438828049042,1,0,308.3293567789402
TXN_000033,84654,43986.84358906796,0,ACC_804259,3654,10000,8629.298497308591,55,City_IL_9,IL,64607,MER_28316,Shell,gas_station,City_MO_3,MO,us,online,online,0,19.213397338032845,2,0,379.1730840687905
TXN_000034,166845,231.43849172238902,0,ACC_355083,4968,50000,28717.2702372665,39,City_IN_8,IN,67410,MER_18699,Netflix,entertainment,City_CO_1,CO,FR,in-store,contactless,1,57.08619883726206,4,0,37.39752136258997
TXN_000035,119346,355.1337176129201,0,ACC_734151,719,50000,25068.698103481256,43,City_NC_4,NC,31996,MER_89491,Kroger,grocery,City_MI_2,MI,USA,online,online,0,41.595033900459896,4,0,725.7076952310244
TXN_000036,67435,110.28599697861812,0,ACC_141777,2652,15000,7943.533782081298,29,City_PA_5,PA,64921,MER_68465,ExxonMobil,gas_station,City_MA_8,MA,USA,in-store,chip,0,9.732577231794126,4,1,169.47883263622427
TXN_000037,56886,410.1454743772236,0,ACC_146250,2242,1000,929.4142672933854,74,City_MD_7,MD,93697,MER_26673,Quest Diagnostics,healthcare,City_FL_5,FL,U.S.,online,online,0,17.62060850048685,7,1,422.9358261886797
TXN_000038,66803,180.13900732278563,0,ACC_959466,412,1000,734.5093071596109,50,City_TN_8,TN,56022,MER_33395,Delta Airlines,travel,City_TN_7,TN,United States,online,online,0,34.70890489489975,6,0,304.17351505564886
TXN_000039,31551,626.2067827993361,0,ACC_991372,2286,15000,1514.2891432916406,70,City_TX_5,TX,50148,MER_33707,Hyatt,hotel,City_MA_6,MA,United States,in-store,swipe,0,5.366990772676009,1,0,734.4049193127768
TXN_000040,116216,462.06713407610386,0,ACC_402274,3840,15000,11092.604796634949,36,City_MI_9,MI,77764,MER_94749,Shell,gas_station,City_MA_1,MA,United States,in-store,chip,0,0.8026927414978765,6,0,251.94168985322634
TXN_000041,11394,337.016308902606,0,ACC_575147,3533,10000,1620.1114645331459,53,City_TN_4,TN,18888,MER_85937,Kroger,grocery,City_VA_6,VA,U.S.,online,online,0,47.815068379931894,2,0,324.7352339292184
TXN_000042,69092,362.5093599648493,0,ACC_804706,1442,15000,6374.745323330165,22,City_IL_4,IL,98666,MER_96732,Ticketmaster,entertainment,City_GA_7,GA,United States,online,online,0,3.699460033285007,4,1,59.1433140137527
TXN_000043,3890,718.3527250314851,0,ACC_840122,1613,2000,399.8733771354151,34,City_MA_8,MA,49159,MER_66416,LabCorp,healthcare,City_GA_4,GA,us,in-store,chip,0,55.04846373117772,6,0,240.35655604044206
TXN_000044,41606,155.2477930775272,0,ACC_115216,401,1000,655.1039122565683,150,City_WA_1,WA,52197,MER_18758,Holiday Inn,hotel,City_MO_8,MO,US,online,online,0,61.221511911986205,2,0,436.5935569011743
TXN_000045,87313,66.32180188559856,0,ACC_446293,640,1000,833.4442493833837,21,City_WA_8,WA,94326,MER_77009,Holiday Inn,hotel,City_PA_8,PA,U.S.,in-store,contactless,0,15.437102226438162,1,0,288.69675232530597
TXN_000046,141699,230.5191050396954,0,ACC_627297,145,25000,6896.094777458672,46,City_WA_5,WA,34474,MER_23281,Valero,gas_station,City_IL_7,IL,US,in-store,chip,0,41.098367628080375,4,1,76.12109842848524
TXN_000047,8792,30.69204440421145,0,ACC_976336,476,15000,1168.6530622166736,45,City_MA_1,MA,27333,MER_42548,Marriott,hotel,City_TX_2,TX,us,in-store,chip,0,11.282147456081717,3,0,469.8560041285368
TXN_000048,154969,417.8795300417523,0,ACC_784687,1421,5000,1417.8422158560754,36,City_AZ_4,AZ,46355,MER_28371,LabCorp,healthcare,City_VA_6,VA,USA,online,online,0,48.84482441612782,2,0,899.9364181151468
TXN_000049,68148,734.3449528159799,0,ACC_245281,3354,5000,3193.718825177923,35,City_GA_2,GA,83903,MER_87593,RxCrossroads,pharmacy,City_FL_6,FL,USA,in-store,chip,0,43.528828762613664,2,0,168.23651760856762
TXN_000050,124243,1436.6429941739116,0,ACC_803803,1370,15000,4684.831817650911,46,City_NJ_4,NJ,76258,MER_29644,Steam,entertainment,City_WA_7,WA,FR,in-store,contactless,1,2.044311458491223,6,0,272.39473888934504
TXN_000051,120174,1132.7098263708224,0,ACC_639317,4540,2000,528.4131183522264,67,City_MO_8,MO,41145,MER_33874,Valero,gas_station,City_IN_6,IN,U.S.,online,online,0,21.84286137033487,3,0,214.92760294580336
TXN_000052,154555,249.49144708034558,0,ACC_560829,2969,5000,876.0671552752584,64,City_FL_5,FL,85675,MER_98659,Hyatt,hotel,City_TN_2,TN,USA,in-store,chip,0,25.541205049300764,4,0,52.217173914100705
TXN_000053,124358,398.7244789805598,0,ACC_834803,3729,25000,11816.015138267796,36,City_MI_1,MI,59854,MER_24281,Walgreens Pharmacy,pharmacy,City_NC_8,NC,U.S.,in-store,contactless,0,0.021441459300859913,3,0,442.447812383202
TXN_000054,48555,161.88813939269403,0,ACC_288069,1103,50000,13107.56933746641,34,City_CA_7,CA,77664,MER_78787,Steam,entertainment,City_CA_4,CA,U.S.,in-store,swipe,0,97.69868147607262,4,0,166.18766783102836
TXN_000055,17159,632.4175431773286,0,ACC_464315,4843,15000,10416.897475237634,49,City_IL_1,IL,96153,MER_32289,Target.com,online_retail,City_MA_9,MA,US,online,online,0,13.045798242854778,5,0,209.97151415351703
TXN_000056,110510,758.9657213849715,0,ACC_214456,3599,2000,145.58256378518516,44,City_WA_9,WA,45285,MER_15054,Rite Aid,pharmacy,City_VA_8,VA,USA,online,online,0,18.21123622604944,2,0,338.78007691085486
TXN_000057,106530,28.12296264765998,0,ACC_424703,3180,2000,1261.6627629115035,67,City_CA_3,CA,27533,MER_76846,eBay,online_retail,City_IL_3,IL,United States,online,online,0,5.416741300909186,3,0,109.12528462156232
TXN_000058,80077,1535.608009028793,0,ACC_951324,1635,10000,2256.8201383938135,35,City_GA_3,GA,42624,MER_59769,Walmart.com,online_retail,City_MO_3,MO,USA,online,online,0,23.599166124287365,2,0,89.2963903263788
TXN_000059,35920,373.30550917006286,0,ACC_956841,4687,2000,929.6305959980459,39,City_NY_6,NY,56996,MER_39312,Duane Reade,pharmacy,City_CO_8,CO,USA,online,online,0,41.59997485825196,3,1,303.7792615239045
TXN_000060,19457,371.6956362151903,0,ACC_919497,2324,5000,1358.9271296484878,28,City_NY_6,NY,56947,MER_14257,Holiday Inn,hotel,City_TX_2,TX,USA,online,online,0,22.040732611663035,3,0,531.6752905997697
TXN_000061,78953,655.1034624396069,0,ACC_866759,3692,50000,34331.51211051279,54,City_OH_6,OH,37956,MER_25846,eBay,online_retail,City_FL_9,FL,United States,in-store,contactless,0,38.78335820906609,3,1,96.66191722148808
TXN_000062,52995,336.7013298284513,1,ACC_482688,4512,5000,4490.208441195274,22,City_FL_1,FL,61030,MER_32483,Hilton,hotel,City_MA_4,MA,DE,in-store,chip,1,32.8361330224716,2,1,219.5514090638914
TXN_000063,171829,349.4843349470851,0,ACC_469484,4827,15000,13068.344107444838,47,City_NY_5,NY,68597,MER_36558,Holiday Inn,hotel,City_PA_6,PA,U.S.,online,online,0,6.783993946455144,4,1,352.68804477326677
TXN_000064,9692,59.42131974734382,0,ACC_133783,1013,50000,27712.745219344324,30,City_MA_6,MA,52443,MER_53188,AMC Theatres,entertainment,City_VA_3,VA,United States,online,online,0,14.309231013160318,2,0,609.7066445427997
TXN_000065,37065,150.69045105716737,0,ACC_134152,381,15000,6592.1968214119415,55,City_GA_8,GA,75464,MER_23012,Duke Energy,utilities,City_MO_3,MO,U.S.,in-store,swipe,0,4.022620070665216,5,0,170.4471099416014
TXN_000066,99299,544.6992113577822,0,ACC_683029,1754,2000,1554.7709679348254,43,City_NY_1,NY,13952,MER_43236,Walgreens,healthcare,City_CO_3,CO,US,in-store,chip,0,1.0710141751030804,3,1,158.95569765140453
TXN_000067,163678,468.96535975358404,0,ACC_993481,1981,25000,16229.001112408587,69,City_OH_5,OH,66880,MER_55076,Hilton,hotel,City_FL_2,FL,U.S.,in-store,contactless,0,1.6286397745565089,1,0,187.8808165645539
TXN_000068,11534,825.7025668461349,0,ACC_544718,1309,1000,174.3859085060862,28,City_MO_3,MO,62201,MER_58402,Ticketmaster,entertainment,City_CA_8,CA,USA,in-store,swipe,0,71.39922778944181,3,0,275.97685650662515
TXN_000069,40397,647.0188466036866,0,ACC_653380,1937,50000,38993.66264661751,48,City_NJ_2,NJ,52460,MER_42076,Hertz,travel,City_MA_9,MA,us,in-store,swipe,0,104.2333724595309,1,1,276.4734161908457
TXN_000070,91387,666.0243129724583,0,ACC_248725,4878,10000,4074.401699249747,43,City_NJ_8,NJ,32796,MER_90337,Target.com,online_retail,City_MO_8,MO,us,in-store,swipe,0,2.494887065185974,3,0,123.92210971101792
TXN_000071,1016,218.7300602291549,0,ACC_591215,1054,1000,179.53637697261635,24,City_IN_7,IN,41746,MER_85164,Shell,gas_station,City_AZ_3,AZ,USA,in-store,chip,0,10.206479014950789,2,0,241.31319186056652
TXN_000072,55591,225.01017279409137,0,ACC_854924,575,2000,535.4149657533355,34,City_PA_7,PA,96785,MER_84264,Hilton,hotel,City_NY_7,NY,U.S.,online,online,0,3.037831235918007,2,0,225.1494821755976
TXN_000073,23247,670.3692741218803,0,ACC_271541,4204,2000,508.30135747185045,999,City_GA_5,GA,10015,MER_27335,Walgreens Pharmacy,pharmacy,City_MA_2,MA,FR,in-store,swipe,1,44.928672389931776,4,0,69.45439947173642
TXN_000074,24300,247.27565610636364,0,ACC_878424,2411,1000,493.24662587328703,62,City_CA_9,CA,59757,MER_53773,eBay,online_retail,City_IL_4,IL,United States,online,online,0,17.144216306382624,0,0,190.0364156860457
TXN_000075,82798,470.7877315511787,0,ACC_448627,918,10000,2226.5158614398174,49,City_MI_5,MI,35957,MER_62158,Amazon,online_retail,City_NY_6,NY,U.S.,online,online,0,24.272749034689873,1,1,249.78051982129705
TXN_000076,9268,378.1742503544174,0,ACC_421898,1135,50000,5869.408151574868,21,City_MD_2,MD,91541,MER_38570,Expedia,travel,City_OH_5,OH,USA,atm,manual,0,19.408375953217867,6,1,280.1980047031815
TXN_000077,86807,139.5047301710837,0,ACC_785338,2579,50000,5875.3154041536345,24,City_NY_3,NY,31292,MER_97995,BP,gas_station,City_PA_9,PA,United States,online,online,0,30.968729139322644,3,0,374.06320722817316
TXN_000078,12185,317.0070780288122,0,ACC_187592,2020,1000,554.1123872821418,52,City_FL_4,FL,41876,MER_50658,Ticketmaster,entertainment,City_CA_4,CA,United States,in-store,swipe,0,9.609679539570422,2,0,170.10162204904975
TXN_000079,170171,92.94926305068802,0,ACC_456687,4028,15000,10470.319866103646,53,City_NJ_5,NJ,70727,MER_69184,Hertz,travel,City_MD_5,MD,U.S.,atm,manual,0,3.697810630339715,3,0,266.3774154438321
TXN_000080,139643,167.43098576590265,0,ACC_143169,3805,5000,1527.2817919821189,69,City_MA_3,MA,57046,MER_82613,LabCorp,healthcare,City_OH_4,OH,US,online,online,0,0.44442707203388276,2,0,93.18721583225185
TXN_000081,38044,951.3686994184709,0,ACC_541503,2842,25000,822.9543580829055,46,City_CA_7,CA,24817,MER_68194,Walmart.com,online_retail,City_FL_8,FL,US,in-store,swipe,0,14.750909829269155,4,0,281.6715442437237
TXN_000082,51214,129.83899782274892,0,ACC_154745,950,15000,1812.954638852403,37,City_NC_5,NC,19759,MER_77507,Hyatt,hotel,City_VA_8,VA,United States,in-store,swipe,0,59.60421580949682,0,1,471.9575160961681
TXN_000083,114752,279.14544518440135,0,ACC_734456,4675,50000,43447.991616010215,59,City_NJ_5,NJ,58432,MER_43959,Best Western,hotel,City_CO_3,CO,US,in-store,contactless,0,9.105675372665948,1,1,175.96976922349438
TXN_000084,48984,643.7798172698048,0,ACC_738273,2091,5000,2344.3323830499016,43,City_MD_6,MD,16412,MER_63072,United Airlines,travel,City_MO_1,MO,United States,in-store,chip,0,5.452557654751009,5,0,119.15785876291295
TXN_000085,40774,492.96090005049047,0,ACC_891975,4517,25000,10772.3542283604,52,City_WA_7,WA,67757,MER_55588,UnitedHealth,healthcare,City_NC_6,NC,US,in-store,chip,0,65.10670011677723,2,0,228.45994518103328
TXN_000086,2568,173.15026905142173,0,ACC_811752,3669,25000,903.6679848646592,72,City_TN_8,TN,30504,MER_50533,Olive Garden,restaurant,City_MD_2,MD,United States,online,online,0,2.7858239683520276,6,0,203.35044307454336
TXN_000087,120151,332.4688908469827,0,ACC_121067,3195,25000,17305.12928002635,35,City_FL_9,FL,18507,MER_78582,Kroger,grocery,City_FL_2,FL,United States,in-store,swipe,0,1.3297729596461976,4,0,361.1019004382383
TXN_000088,133767,208.38284592113058,0,ACC_151033,4465,2000,1003.3293537709498,33,City_CA_4,CA,31050,MER_71743,Duane Reade,pharmacy,City_CA_3,CA,United States,online,online,0,52.88463114316738,3,1,298.5046910336993
TXN_000089,124375,421.21996930502047,0,ACC_145256,2674,25000,4799.422232054868,22,City_CO_5,CO,14820,MER_54518,RxCrossroads,pharmacy,City_NC_8,NC,United States,online,online,0,30.175217028058693,4,0,371.20326288407
TXN_000090,136330,628.3668773187435,0,ACC_845993,4882,10000,,39,City_WA_5,WA,17835,MER_22703,Starbucks,restaurant,City_MA_3,MA,us,online,online,0,13.707504211600508,1,1,133.64464252485593
TXN_000091,39504,148.26818562525105,0,ACC_339455,1075,1000,364.21847045039857,44,City_CA_8,CA,23587,MER_59456,Best Buy Online,online_retail,City_GA_7,GA,US,online,online,0,34.892862087853175,6,0,254.9711235594205
TXN_000092,164231,280.68734837542866,1,ACC_602264,3586,50000,39765.193299263716,65,City_IL_9,IL,67732,MER_65491,Netflix,entertainment,City_MA_9,MA,United States,atm,manual,0,33.81568295442684,5,0,97.75502021606442
TXN_000093,13986,236.49061309881034,0,ACC_300417,2711,10000,8220.298312409734,44,City_IL_7,IL,61921,MER_18043,BP,gas_station,City_MA_8,MA,CA,in-store,contactless,1,1.0221270810020116,5,0,71.63564216342812
TXN_000094,61858,867.7862793164962,0,ACC_186803,3229,1000,572.7040613758546,31,City_AZ_5,AZ,55499,MER_78340,Starbucks,restaurant,City_MO_1,MO,U.S.,atm,manual,0,28.194345477590865,4,0,47.69032742076372
TXN_000095,129312,278.54687426155544,0,ACC_303814,968,15000,10367.394088029532,42,City_AZ_3,AZ,16840,MER_20176,Quest Diagnostics,healthcare,City_OH_7,OH,FR,online,online,1,25.601936477659727,2,0,174.15735011014235
TXN_000096,12666,752.4550993548037,0,ACC_218843,4973,15000,1640.9699704909024,35,City_GA_1,GA,75077,MER_13936,Marriott,hotel,City_MO_7,MO,USA,in-store,swipe,0,82.95299960201662,6,0,83.67272613984738
TXN_000097,38660,493.44014561128364,0,ACC_579809,471,1000,558.7197621944621,30,City_FL_9,FL,41440,MER_41174,Kroger,grocery,City_TN_8,TN,us,online,online,0,84.99691397813304,4,0,41.508734887783696
TXN_000098,134633,368.8489234834024,0,ACC_653280,2580,10000,6336.174183128226,61,City_OH_5,OH,45183,MER_92632,Walmart.com,online_retail,City_TX_5,TX,US,online,online,0,11.862315289773463,2,0,174.82061337818206
TXN_000099,26854,320.63748420074006,0,ACC_312603,4255,1000,190.6772007681026,47,City_CO_9,CO,12389,MER_98768,Safeway,grocery,City_FL_9,FL,us,online,online,0,22.280315321012477,6,0,432.6814093709976
TXN_000100,64505,119.83161521698291,0,ACC_673091,626,25000,20903.67490661865,29,City_MD_4,MD,65076,MER_35909,ExxonMobil,gas_station,City_CO_9,CO,US,in-store,chip,0,3.81006198808459,2,0,224.67357164564945
TXN_000101,104488,412.0388757551489,0,ACC_472119,1535,2000,370.49380128993755,72,City_MA_5,MA,76299,MER_54158,Hyatt,hotel,City_TN_8,TN,United States,online,online,0,1.7191936517341613,4,0,323.0394585996867
TXN_000102,22662,266.0014911038643,0,ACC_818837,891,50000,14890.174592706395,48,City_FL_4,FL,99461,MER_18366,Quest Diagnostics,healthcare,City_NY_6,NY,us,in-store,chip,0,14.175195456236212,5,1,51.37923067385756
TXN_000103,8392,439.706633302072,0,ACC_244282,2670,15000,8842.935070084284,21,City_MD_2,MD,49023,MER_95125,CVS Pharmacy,pharmacy,City_TX_6,TX,U.S.,in-store,chip,0,29.270061092674837,1,0,422.8638519705689
TXN_000104,30535,129.24312441685325,0,ACC_576545,3761,50000,30321.628093709714,37,City_NC_1,NC,60029,MER_64337,BP,gas_station,City_NY_1,NY,US,in-store,swipe,0,20.969422147965492,2,0,163.41190197516877
TXN_000105,113569,129.64383066946849,0,ACC_126270,1581,2000,1328.8310078759978,51,City_WA_8,WA,49941,MER_69331,Chipotle,restaurant,City_IL_6,IL,us,in-store,swipe,0,14.037930207886722,0,0,89.98318345320669
TXN_000106,52256,52.564506694409886,0,ACC_555224,3266,25000,2660.278185369885,64,City_AZ_4,AZ,98993,MER_72197,Duane Reade,pharmacy,City_TX_4,TX,U.S.,online,online,0,42.609179301449515,4,0,430.617753881862
TXN_000107,89135,166.99919055653027,0,ACC_869217,1766,25000,20174.780210803186,30,City_AZ_5,AZ,63950,MER_82042,Duane Reade,pharmacy,City_MD_4,MD,USA,in-store,contactless,0,39.54890934749427,0,0,473.46083559781357
TXN_000108,127478,314.14964173406474,0,ACC_631740,1479,15000,7593.071635036453,57,City_MI_6,MI,96959,MER_60924,CVS Health,healthcare,City_CO_2,CO,United States,in-store,contactless,0,32.913802736134976,2,0,256.5991203586199
TXN_000109,35222,260.0115980628352,0,ACC_403630,294,15000,6716.335565997224,49,City_TN_8,TN,86054,MER_38842,Olive Garden,restaurant,City_TX_4,TX,United States,in-store,chip,0,2.0040245875271885,1,0,358.495940618719
TXN_000110,77373,190.50829924748635,0,ACC_114859,2689,25000,23301.068582195854,38,City_IL_8,IL,75363,MER_27458,Airbnb,travel,City_TX_5,TX,USA,in-store,chip,0,39.79850091414765,4,0,160.7860536116554
TXN_000111,123684,535.7571130099652,0,ACC_656371,2751,5000,3516.7969104698436,67,City_PA_7,PA,71742,MER_97367,Shell,gas_station,City_CO_5,CO,us,in-store,contactless,0,62.96302827206133,0,1,191.19806855227395
TXN_000112,10965,36121.95886046466,0,ACC_954140,1492,50000,5605.286264420306,58,City_TX_4,TX,55215,MER_75382,Spotify,entertainment,City_MO_5,MO,USA,in-store,chip,0,1.5320514172121844,3,1,228.39703595093556
TXN_000113,24538,787.1612461151997,0,ACC_211462,4282,2000,1437.4244177298572,59,City_WA_6,WA,57857,MER_84319,Comcast,utilities,City_CO_4,CO,U.S.,online,online,0,12.840378972953056,1,1,152.64992023118614
TXN_000114,108066,544.7701246453075,0,ACC_247735,1475,50000,4524.3243637113,69,City_WA_4,WA,65476,MER_21170,Holiday Inn,hotel,City_AZ_1,AZ,US,in-store,contactless,0,111.32301075843914,1,0,247.43136093435967
TXN_000115,113252,819.7961178708497,0,ACC_979508,2328,2000,52.194068774671216,26,City_MD_7,MD,38173,MER_90145,CVS Health,healthcare,City_MA_8,MA,us,in-store,swipe,0,22.859742154445836,2,0,175.44426808639884
TXN_000116,139182,17323.02896079023,0,ACC_349737,2955,5000,1917.2230025320112,60,City_MO_1,MO,19395,MER_54942,Hyatt,hotel,City_VA_3,VA,US,in-store,chip,0,18.016937249187308,1,0,234.10902489585044
TXN_000117,158338,360.77137809539227,0,ACC_381197,1662,10000,9438.992641782577,32,City_MD_5,MD,69768,MER_98571,Valero,gas_station,City_NJ_2,NJ,USA,online,online,0,4.883533107095415,1,1,307.99206833851565
TXN_000118,98806,213.51378305238984,0,ACC_242157,2404,2000,332.279478770239,73,City_CA_4,CA,94743,MER_26208,Starbucks,restaurant,City_NJ_9,NJ,United States,in-store,chip,0,20.83819414809534,3,0,397.90142721182013
TXN_000119,137982,40.64268568566167,0,ACC_451889,542,50000,31950.606317522524,34,City_GA_7,GA,56229,MER_45178,AMC Theatres,entertainment,City_OH_7,OH,US,online,online,0,14.452787239227282,3,0,159.26077202086955
TXN_000120,110989,266.2496863662015,0,ACC_290167,245,1000,164.7262628958134,64,City_TN_9,TN,36639,MER_89172,Verizon,utilities,City_VA_9,VA,US,online,online,0,3.4081840303266846,7,0,383.48684962179703
TXN_000121,90982,285.9943013939361,0,ACC_693805,3361,25000,17213.690655261667,30,City_TX_5,TX,72583,MER_19039,Trader Joes,grocery,City_TN_2,TN,United States,online,online,0,15.606048278300625,2,0,407.4624488781477
TXN_000122,121626,295.1220741669169,0,ACC_776513,2202,25000,12002.14962064837,74,City_GA_4,GA,38924,MER_24990,AMC Theatres,entertainment,City_IL_9,IL,US,in-store,contactless,0,4.4901104443035145,5,1,358.6083146356792
TXN_000123,119176,46639.7800401658,0,ACC_236319,3183,5000,3229.865622924537,40,City_PA_9,PA,82969,MER_16441,Walgreens,healthcare,City_TX_9,TX,US,online,online,0,32.79485509301239,3,3,331.1841085628156
TXN_000124,131278,624.77972514046,0,ACC_514027,1736,2000,385.45903423704567,35,City_TN_5,TN,40104,MER_84221,Best Western,hotel,City_TN_9,TN,United States,online,online,0,90.90562499956101,1,0,214.72493348143843
TXN_000125,122409,13.918625720610223,0,ACC_326453,2136,10000,7083.469158944768,51,City_NJ_9,NJ,47594,MER_89314,Spotify,entertainment,City_MA_4,MA,United States,in-store,swipe,0,15.85201422119463,1,0,241.85282548039567
TXN_000126,23419,793.42530688956,0,ACC_236645,1597,2000,1891.6762132831427,27,City_IN_8,IN,13664,MER_55959,Best Buy Online,online_retail,City_NJ_3,NJ,USA,online,online,0,25.016843599798115,1,2,241.8614317786313
TXN_000127,50015,380.70933706884705,0,ACC_612035,2238,25000,15809.199389866544,61,City_MD_4,MD,20528,MER_36862,Olive Garden,restaurant,City_PA_6,PA,USA,online,online,0,14.095795782784512,3,0,50.78583136585319
TXN_000128,122096,835.7743161594262,0,ACC_703555,2361,15000,7032.089972538507,30,City_NJ_7,NJ,38190,MER_37273,Starbucks,restaurant,City_WA_3,WA,US,online,online,0,3.7256664834466275,4,1,224.8548325921875
TXN_000129,107059,559.4105342078748,0,ACC_238261,2183,1000,877.0152891883015,30,City_GA_5,GA,76033,MER_52500,Walmart.com,online_retail,City_MD_9,MD,us,online,online,0,88.13102229514807,5,0,275.3349923684177
TXN_000130,110687,403.9449627935423,0,ACC_442221,1158,5000,75.29625060141242,68,City_FL_4,FL,71161,MER_13956,CVS Pharmacy,pharmacy,City_MI_3,MI,USA,online,online,0,3.4694472602460946,1,3,181.47390421974228
TXN_000131,87939,328.2262304338497,0,ACC_536862,3540,15000,10401.41014982295,59,City_NJ_5,NJ,83177,MER_82089,CVS Pharmacy,pharmacy,City_MD_2,MD,USA,online,online,0,2.9590840897950974,5,0,793.0114649801899
TXN_000132,149213,527.708344488528,0,ACC_438767,4353,50000,42215.45954865611,48,City_GA_5,GA,80179,MER_98789,Chevron,gas_station,City_IL_8,IL,us,online,online,0,15.366393040330253,4,0,369.5603197849033
TXN_000133,105878,-290.8866201009295,0,ACC_231004,3683,10000,585.9085443990958,50,City_NC_9,NC,80592,MER_99451,United Airlines,travel,City_OH_6,OH,us,online,online,0,26.88855643526126,3,0,224.1578108376835
TXN_000134,164899,327.10417694064773,0,ACC_605187,2395,15000,6413.414428424554,57,City_TX_9,TX,42899,MER_12365,Whole Foods Market,grocery,City_NJ_8,NJ,United States,online,online,0,10.95965023823902,4,0,322.94102355901475
TXN_000135,62623,209.54461320232838,0,ACC_153687,4927,50000,9724.174062624948,23,City_TN_6,TN,80979,MER_82204,Walmart.com,online_retail,City_AZ_7,AZ,USA,in-store,chip,0,5.345832605687952,3,2,624.6801547112714
TXN_000136,75450,165.52486022870397,0,ACC_954744,2951,15000,8072.883859626579,70,City_PA_4,PA,27241,MER_15000,BP,gas_station,City_TN_3,TN,U.S.,in-store,chip,0,42.726397040129626,3,0,28.784143972329296
TXN_000137,93426,284.1304719389955,0,ACC_207615,4597,10000,6170.658106734774,63,City_MD_2,MD,56211,MER_67072,Marriott,hotel,City_MO_8,MO,U.S.,online,online,0,11.278695883118052,6,0,193.22867055604172
TXN_000138,117845,46.70776056738812,0,ACC_493120,1109,15000,4312.380356734759,35,City_GA_3,GA,73472,MER_62499,Target.com,online_retail,City_FL_1,FL,US,in-store,contactless,0,5.401746144874561,2,0,306.6039569611535
TXN_000139,153371,-261.7761985676691,0,ACC_651852,3541,5000,2184.912930970979,41,City_AZ_2,AZ,84248,MER_79211,United Airlines,travel,City_CA_1,CA,USA,online,online,0,11.356598859715158,4,0,172.01358502393964
TXN_000140,43585,68.15530990134403,0,ACC_915267,2771,25000,6634.312775318288,72,City_TN_5,TN,83757,MER_22907,eBay,online_retail,City_MA_8,MA,U.S.,atm,manual,0,6.037595850854136,6,0,552.139298136717
TXN_000141,109225,526.2113446925689,0,ACC_631985,3050,2000,701.8432124647162,57,City_VA_6,VA,41346,MER_27336,Expedia,travel,City_AZ_9,AZ,USA,online,online,0,18.320482255674342,5,0,587.6438356999378
TXN_000142,64044,-273.976119095132,0,ACC_704453,258,15000,2273.444382810036,32,City_IL_5,IL,91196,MER_95220,Airbnb,travel,City_MD_6,MD,USA,atm,manual,0,27.587308379052704,1,1,251.9109499970353
TXN_000143,109556,153.3485393088629,0,ACC_829282,200,5000,4206.407357031749,24,City_MD_2,MD,87124,MER_62331,Airbnb,travel,City_IL_5,IL,U.S.,online,online,0,40.180681093990756,4,0,52.11623690924297
TXN_000144,2693,192.35404270343156,0,ACC_682111,324,2000,19.019780062359214,67,City_MO_5,MO,52220,MER_90672,Olive Garden,restaurant,City_FL_2,FL,USA,in-store,swipe,0,6.455089289574979,4,1,227.14611816846755
TXN_000145,95259,586.1952566681742,0,ACC_633903,4314,50000,41914.436356079954,29,City_NC_9,NC,27942,MER_87755,AMC Theatres,entertainment,City_WA_9,WA,us,online,online,0,4.56666057747095,1,1,105.31051284946435
TXN_000146,25939,400.23917646891726,0,ACC_606554,455,2000,1086.189868864503,59,City_TX_4,TX,59167,MER_78783,Olive Garden,restaurant,City_MO_6,MO,US,in-store,contactless,0,0.49495291548693476,2,1,189.06645516017443
TXN_000147,152906,634.9784543013475,0,ACC_700724,948,50000,15753.74759840833,62,City_CO_2,CO,46373,MER_79951,Shell,gas_station,City_VA_8,VA,United States,in-store,swipe,0,6.472110624736923,1,0,45.40464584776942
TXN_000148,18047,308.88563506606886,0,ACC_815879,3283,15000,10303.564037809698,48,City_VA_3,VA,77143,MER_62509,Subway,restaurant,City_MA_9,MA,U.S.,in-store,swipe,0,0.6048930592751814,1,0,550.0821946907023
TXN_000149,26105,347.5560318602335,0,ACC_482706,528,5000,2411.8227213476553,43,City_TX_3,TX,12016,MER_16472,Olive Garden,restaurant,City_NC_9,NC,United States,in-store,contactless,0,10.59610701603034,0,1,155.58898992572097
TXN_000150,75766,519.7649359284505,0,ACC_957549,2839,25000,11853.830630055654,65,City_MI_9,MI,79110,MER_32380,Best Western,hotel,City_FL_8,FL,US,in-store,contactless,0,3.9366192248570986,2,0,47.34914679083506
TXN_000151,146779,-219.45866349940871,0,ACC_659070,4991,15000,1569.5275315952717,60,City_CA_4,CA,56309,MER_37280,eBay,online_retail,City_IL_8,IL,us,in-store,swipe,0,21.681300573659946,3,0,201.26021081756937
TXN_000152,153048,237.073883971776,0,ACC_178533,855,50000,18502.011232406912,64,City_FL_1,FL,17274,MER_31859,Olive Garden,restaurant,City_NC_3,NC,us,online,online,0,12.101621038582017,1,0,130.49806450273465
TXN_000153,44262,307.18309498188205,0,ACC_340011,3809,10000,2290.1112856389977,42,City_VA_1,VA,25748,MER_58402,Comcast,utilities,City_WA_3,WA,FR,online,online,1,2.456459917644508,5,0,207.2924644974435
TXN_000154,125117,484.8615904830791,0,ACC_289327,1888,2000,29.82222063293133,44,City_NC_7,NC,30175,MER_18262,United Airlines,travel,City_MI_2,MI,us,in-store,contactless,0,12.765077173086855,4,2,127.53528093636316
TXN_000155,23776,746.5124840576597,0,ACC_605168,2148,15000,5131.419738645114,71,City_FL_7,FL,21826,MER_21066,Amazon,online_retail,City_TN_1,TN,U.S.,in-store,chip,0,5.872437603135892,2,0,77.85544069626758
TXN_000156,161152,524.3983050130116,0,ACC_172684,175,50000,4266.551147716225,46,City_NC_2,NC,93008,MER_25554,Rite Aid,pharmacy,City_WA_4,WA,U.S.,online,online,0,28.499716494112405,4,0,273.904361349526
TXN_000157,128376,1453.1131400108197,0,ACC_550134,4595,2000,487.9770716778519,50,City_PA_9,PA,44129,MER_17008,Best Western,hotel,City_FL_2,FL,USA,online,online,0,11.331071761080935,4,0,231.69840184499833
TXN_000158,137848,379.0843451561188,0,ACC_881453,3607,50000,4394.539506196987,53,City_CA_9,CA,80009,MER_97851,Steam,entertainment,City_WA_2,WA,USA,online,online,0,3.975772822520312,5,0,197.59137562287043
TXN_000159,92787,332.5560874310001,0,ACC_839644,222,5000,479.4727213928945,36,City_MI_5,MI,33490,MER_90799,Hyatt,hotel,City_GA_5,GA,US,in-store,chip,0,10.754259608757756,4,1,79.556036930933
TXN_000160,127948,830.8678568828693,0,ACC_965990,3918,1000,189.06072969442886,42,City_AZ_3,AZ,51435,MER_26238,Expedia,travel,City_WA_4,WA,USA,online,online,0,6.352260535286735,3,0,102.25100554285747
TXN_000161,55016,542.8198695612807,0,ACC_316621,81,15000,14247.851733931202,69,City_MO_3,MO,85017,MER_92025,Amazon,online_retail,City_MA_1,MA,US,in-store,chip,0,39.71381365523241,2,1,460.58334948511686
TXN_000162,140546,300.14466398189296,0,ACC_335295,2440,25000,51.87339285965834,70,City_PA_3,PA,18520,MER_27153,Ticketmaster,entertainment,City_CO_9,CO,US,online,online,0,102.41000739229177,3,0,78.8254005323814
TXN_000163,21959,716.6435648896954,0,ACC_967854,1850,15000,9101.085064715775,63,City_MO_6,MO,93106,MER_69353,Whole Foods Market,grocery,City_CO_4,CO,US,in-store,chip,0,0.6455480944446641,2,1,97.97914836143491
TXN_000164,136602,200.32250851032813,0,ACC_875723,2994,2000,268.3630262504589,38,City_CO_4,CO,71877,MER_62092,CVS Health,healthcare,City_WA_5,WA,us,in-store,chip,0,29.281198567360807,3,0,115.8149298254163
TXN_000165,119101,325.4056031225237,0,ACC_881712,2551,5000,4372.983649376185,27,City_TN_8,TN,29798,MER_53152,Hyatt,hotel,City_IL_7,IL,FR,in-store,contactless,1,7.661696765547658,2,0,274.31806269124377
TXN_000166,3748,482.0369210848393,0,ACC_893070,1899,50000,4447.562433347389,70,City_MA_5,MA,64638,MER_59104,Steam,entertainment,City_PA_2,PA,United States,in-store,swipe,0,1.717911417396387,3,0,27.156865762614245
TXN_000167,13545,284.1487907600589,0,ACC_923851,2598,10000,9073.100277699246,46,City_TN_1,TN,79072,MER_34283,BP,gas_station,City_IL_8,IL,U.S.,in-store,contactless,0,0.3613821405618712,2,0,370.2844501443325
TXN_000168,127659,276.1597614305919,0,ACC_657665,1897,25000,14509.5017027326,28,City_GA_9,GA,77309,MER_56429,Spotify,entertainment,City_WA_2,WA,US,online,online,0,53.217826076445654,3,0,11.253148843599314
TXN_000169,165838,360.4043738119067,0,ACC_730532,2768,5000,6.023365348578668,26,City_WA_1,WA,39894,MER_87223,Quest Diagnostics,healthcare,City_IL_5,IL,us,online,online,0,10.908670768333236,4,0,358.5411964314747
TXN_000170,73530,344.63133107179385,0,ACC_798476,3299,15000,12739.602570314486,50,City_NJ_6,NJ,72963,MER_98534,Delta Airlines,travel,City_WA_2,WA,USA,online,online,0,130.275489513037,2,0,82.0594431704757
TXN_000171,93557,676.470571520262,0,ACC_837651,3229,10000,4956.262112985723,59,City_OH_1,OH,64567,MER_64957,Target.com,online_retail,City_CO_2,CO,USA,in-store,chip,0,14.601811819890582,3,1,320.15044873664397
TXN_000172,61087,494.67049140488683,0,ACC_647670,2609,5000,1247.6812428198016,43,City_IN_3,IN,45326,MER_38887,Whole Foods Market,grocery,City_GA_4,GA,U.S.,in-store,chip,0,5.193992047212963,0,2,112.41743901576896
TXN_000173,68840,1172.3551116369204,0,ACC_870663,4035,1000,728.9152186398485,52,City_MO_5,MO,65059,MER_56172,ExxonMobil,gas_station,City_NC_4,NC,U.S.,atm,manual,0,37.530687997182724,2,0,143.2971048178651
TXN_000174,118451,706.3612156268362,0,ACC_811423,4965,25000,22008.306904813162,42,City_MD_7,MD,15079,MER_14355,Spotify,entertainment,City_MD_8,MD,DE,online,online,1,65.25909946514214,4,0,283.1345414175996
TXN_000175,51005,350.03066027423284,0,ACC_253466,270,2000,919.0125639789084,62,City_WA_8,WA,35838,MER_43701,Comcast,utilities,City_CO_6,CO,US,in-store,contactless,0,42.26905060306099,5,0,263.74743621011737
TXN_000176,39353,227.207539490617,0,ACC_954221,3470,5000,1498.8790036047767,63,City_MA_9,MA,97340,MER_51534,Starbucks,restaurant,City_MA_8,MA,USA,in-store,contactless,0,34.18183372793123,3,0,288.56867669115496
TXN_000177,52733,143.24297962002507,0,ACC_334318,4661,5000,3747.489338690902,65,City_CA_6,CA,57109,MER_81442,Expedia,travel,City_MI_7,MI,USA,online,online,0,10.187918826796755,4,0,398.35708066107645
TXN_000178,65318,422.3077893581584,0,ACC_472778,1437,1000,647.6962228990318,29,City_TN_9,TN,95211,MER_71274,Hyatt,hotel,City_NJ_4,NJ,USA,in-store,swipe,0,1.6665958208679277,2,0,128.97394328104974
TXN_000179,154736,195.78085759870044,0,ACC_231936,3532,15000,12664.722893441382,51,City_IL_8,IL,35594,MER_88108,Hyatt,hotel,City_IL_2,IL,USA,in-store,chip,0,5.61922643584619,4,0,133.71678428626254
TXN_000180,67172,322.7017861803127,0,ACC_986004,4068,50000,32894.41560615666,27,City_NY_9,NY,52749,MER_22279,Walgreens,healthcare,City_NC_9,NC,United States,online,online,0,14.801355390057683,2,0,308.0148168463598
TXN_000181,93264,498.50631308002437,0,ACC_747952,112,50000,11567.596097727974,29,City_MI_4,MI,46292,MER_53491,Delta Airlines,travel,City_NJ_2,NJ,US,online,online,0,78.20296234741171,2,0,33.447272320789025
TXN_000182,26736,212.0795029040527,0,ACC_776315,3798,25000,22126.9071817767,33,City_MD_9,MD,84534,MER_86147,,gas_station,City_MD_1,MD,US,online,online,0,32.08028710360456,2,0,159.770913318791
TXN_000183,112859,527.0027223217314,0,ACC_472818,980,25000,2489.848996142294,23,City_IL_7,IL,89233,MER_18261,Duane Reade,pharmacy,City_TX_8,TX,GB,in-store,contactless,1,44.04769422794471,2,0,263.4900529534732
TXN_000184,112181,923.8645428848906,0,ACC_203533,640,2000,509.091225203011,55,City_OH_5,OH,61818,MER_14474,Kroger,grocery,City_PA_9,PA,us,in-store,swipe,0,8.11881589695664,3,1,83.73997195471242
TXN_000185,131926,430.00373381108733,0,ACC_968277,4699,5000,2470.9243866884563,53,City_AZ_5,AZ,23429,MER_38390,Valero,gas_station,City_CA_1,CA,USA,online,online,0,28.786329561370742,2,0,375.5288780707699
TXN_000186,90084,273.25329598598336,0,ACC_347997,3635,10000,5374.5492476735635,41,City_NY_1,NY,67748,MER_36925,Kroger,grocery,City_NY_7,NY,U.S.,online,online,0,49.59203991732979,3,0,367.8737343794333
TXN_000187,169695,202.11832359084374,0,ACC_169590,4584,5000,72.7252864778008,51,City_WA_2,WA,58807,MER_92174,Amazon,online_retail,City_NY_2,NY,us,in-store,chip,0,16.319885129420623,0,0,72.00139661202884
TXN_000188,7392,279.42021328058183,0,ACC_489919,3313,50000,37077.20447649465,72,City_WA_3,WA,17140,MER_69051,eBay,online_retail,City_AZ_6,AZ,U.S.,in-store,chip,0,14.048230431362219,6,0,55.526732513846966
TXN_000189,55680,384.7578378010465,0,ACC_428615,2203,2000,687.05390500824,54,City_MI_8,MI,73226,MER_99007,Hertz,travel,City_CO_5,CO,us,in-store,chip,0,31.77102990936599,6,1,39.72532721063154
TXN_000190,50859,743.0728194358521,0,ACC_603692,3514,5000,1930.4880697601545,52,City_TX_6,TX,24901,MER_14787,Airbnb,travel,City_IL_1,IL,U.S.,in-store,contactless,0,20.51949647824709,0,1,312.0909434243191
TXN_000191,125657,275.9557142321091,0,ACC_581530,1552,1000,768.9010672150985,55,City_PA_5,PA,98815,MER_83398,Best Western,hotel,City_IN_2,IN,USA,online,online,0,124.66473028852472,4,0,231.99803713125442
TXN_000192,157381,574.4504190620722,0,ACC_615795,2631,50000,18015.961107058363,35,City_GA_1,GA,38525,MER_68177,Starbucks,restaurant,City_MA_2,MA,USA,atm,manual,0,13.839100951107206,3,1,388.1386874134666
TXN_000193,70467,540.3877474795838,1,ACC_405442,2687,5000,224.3181633500854,52,City_FL_9,FL,30491,MER_53724,UnitedHealth,healthcare,City_PA_6,PA,us,in-store,chip,0,4.83789783110184,5,0,343.6150744615187
TXN_000194,98506,567.6033410251961,0,ACC_556324,2189,5000,838.088909734164,26,City_VA_3,VA,78816,MER_20663,Starbucks,restaurant,City_AZ_1,AZ,U.S.,in-store,chip,0,15.96339991884938,1,1,755.3446575262519
TXN_000195,109751,654.5389373670569,0,ACC_344936,2479,50000,45405.400688438654,65,City_MA_3,MA,44980,MER_26120,Chevron,gas_station,City_AZ_4,AZ,United States,online,online,0,6.7036861474557,1,0,190.8085657911446
TXN_000196,118906,1174.4549572893657,0,ACC_673212,3860,10000,,41,City_GA_2,GA,18078,MER_32740,Holiday Inn,hotel,City_IN_5,IN,us,in-store,swipe,0,20.595855315087867,4,0,130.91281105499223
TXN_000197,143760,176.46898919804534,0,ACC_509925,151,50000,16859.23204598077,53,City_OH_4,OH,99521,MER_12035,Whole Foods Market,grocery,City_GA_2,GA,us,atm,manual,0,3.361066404989836,6,0,416.06865244514205
TXN_000198,25342,721.3531244907409,0,ACC_109726,4398,1000,478.0202086987773,52,City_AZ_2,AZ,58704,MER_67443,Duane Reade,pharmacy,City_GA_2,GA,FR,online,online,1,74.881446427275,2,0,132.97297246467173
TXN_000199,168229,228.71863678459997,0,ACC_291896,1347,1000,468.61678597163205,72,City_MD_9,MD,26997,MER_77388,Spotify,entertainment,City_MD_7,MD,us,online,online,0,49.121213103045335,3,0,330.4376829832894
TXN_000200,106308,305.0018463751944,0,ACC_140542,4523,5000,18.809729307678072,39,City_AZ_7,AZ,89810,MER_62335,Pacific Gas and Electric,utilities,City_NC_7,NC,United States,in-store,contactless,0,4.2271996145719655,1,0,76.30881954470885
TXN_000201,106081,106.54168514906837,0,ACC_513461,2548,25000,11902.614872115395,53,City_WA_8,WA,10868,MER_53315,Best Buy Online,online_retail,City_NJ_6,NJ,USA,in-store,swipe,0,4.730419540228557,4,0,92.41196183091046
TXN_000202,89045,356.8322502492492,0,ACC_134753,1260,10000,3645.8383507853873,48,City_CA_3,CA,36398,MER_74165,Starbucks,restaurant,City_WA_1,WA,GB,in-store,contactless,1,17.95848001334653,3,0,104.16811871787353
TXN_000203,34698,734.0883227523531,0,ACC_966220,1163,5000,4617.376843504147,51,City_MD_6,MD,91578,MER_56627,LabCorp,healthcare,City_WA_3,WA,US,in-store,chip,0,37.05707184809058,4,1,233.8587053299201
TXN_000204,110078,467.9744697234742,0,ACC_383460,1331,50000,7560.056489706916,41,City_CA_6,CA,31246,MER_18303,Rite Aid,pharmacy,City_MD_9,MD,U.S.,in-store,swipe,0,6.182042911574934,1,0,68.1816429174428
TXN_000205,80623,505.89008095302137,0,ACC_333979,4064,5000,1682.2324346076011,74,City_FL_1,FL,30561,MER_59334,Rite Aid,pharmacy,City_MD_1,MD,USA,atm,manual,0,1.5727420653104587,4,0,49.33598976011532
TXN_000206,22671,47.73048047515837,0,ACC_708986,1940,2000,797.0148216706575,54,City_MI_6,MI,26254,MER_65892,Amazon,online_retail,City_IL_2,IL,us,online,online,0,19.71581960579726,3,0,179.71388656384565
TXN_000207,156256,207.38346130799624,0,ACC_378104,1535,2000,742.3177204918027,35,City_NY_3,NY,44512,MER_71196,Comcast,utilities,City_TN_8,TN,United States,online,online,0,29.408706992271576,4,0,275.6038100042632
TXN_000208,93384,169.72566818927123,0,ACC_130791,3215,25000,15813.482156731734,34,City_CO_3,CO,99532,MER_75700,Airbnb,travel,City_NC_7,NC,US,in-store,contactless,0,7.004936844877695,2,1,81.33378605914437
TXN_000209,86202,527.4579587093015,0,ACC_387360,1946,10000,2047.372146703804,39,City_NC_3,NC,87395,MER_49726,Rite Aid,pharmacy,City_CO_9,CO,United States,online,online,0,33.654523063214,2,0,562.3502332635964
TXN_000210,51663,114.16571184407027,1,ACC_426571,4945,15000,3150.269627599383,63,City_NY_8,NY,67865,MER_85751,BP,gas_station,City_NY_4,NY,United States,online,online,0,75.21728956816017,1,0,152.59580951213752
TXN_000211,15708,1530.3851485924843,0,ACC_998902,3578,2000,1385.5008021516207,35,City_PA_5,PA,33580,MER_59606,Valero,gas_station,City_MD_4,MD,United States,in-store,contactless,0,3.6856712993328413,1,0,246.7778231951594
TXN_000212,91906,294.02385053945875,0,ACC_697578,2787,15000,7129.139891164059,26,City_PA_4,PA,80959,MER_40694,United Airlines,travel,City_IL_7,IL,United States,online,online,0,17.886305738321973,2,0,177.65407464202337
TXN_000213,49811,111.2309586445672,0,ACC_671302,1986,1000,394.39789225444486,72,City_VA_9,VA,82144,MER_41253,Trader Joes,grocery,City_GA_1,GA,USA,in-store,chip,0,1.463035193044847,2,0,138.62056986788974
TXN_000214,133883,192.09978110562895,0,ACC_235150,208,2000,321.4857981867784,29,City_CA_9,CA,52485,MER_34230,Holiday Inn,hotel,City_AZ_9,AZ,United States,in-store,chip,0,5.787616681684397,2,0,383.72430957643786
TXN_000215,56250,638.6062224630546,0,ACC_150519,926,2000,356.30172353311656,57,City_TN_1,TN,60621,MER_63974,Hertz,travel,City_NY_2,NY,United States,in-store,swipe,0,2.3528046623034236,5,0,315.4075107829527
TXN_000216,112547,293.31904519938576,1,ACC_890474,1581,10000,100.24054975105517,40,City_IL_2,IL,60665,MER_73545,Duke Energy,utilities,City_WA_1,WA,USA,online,online,0,12.938143113230188,2,0,732.7381008217163
TXN_000217,124249,93.1071527556044,0,ACC_673340,521,25000,2171.3738854655944,54,City_NC_8,NC,80412,MER_26925,Chevron,gas_station,City_NJ_7,NJ,U.S.,online,online,0,42.98575489559232,4,0,230.17599894655336
TXN_000218,34754,84.05587175310035,0,ACC_114389,90,15000,7934.951399335934,58,City_MI_5,MI,60603,MER_16033,Duane Reade,pharmacy,City_GA_6,GA,USA,in-store,swipe,0,21.517288529186985,4,0,124.966490233609
TXN_000219,142483,515.6181801040793,0,ACC_458105,1107,50000,42363.973675399466,46,City_WA_7,WA,31038,MER_72461,Chevron,gas_station,City_MD_3,MD,us,in-store,contactless,0,6.294518905189273,1,1,69.5817019217734
TXN_000220,133983,461.8284670180258,0,ACC_692399,2925,2000,545.6130537480591,38,City_MA_1,MA,24325,MER_12665,Spotify,entertainment,City_MI_1,MI,USA,in-store,swipe,0,1.0234314638569224,3,1,308.1288930574657
TXN_000221,139752,136.72432895619158,0,ACC_991490,4190,2000,622.7197292026434,48,City_VA_5,VA,45892,MER_37025,Hyatt,hotel,City_MO_5,MO,DE,in-store,chip,1,20.15219746445793,2,0,129.48508752102197
TXN_000222,84896,415.88739228566334,0,ACC_980147,3713,10000,1098.2533008093658,71,City_IL_3,IL,11753,MER_33533,Walgreens,healthcare,City_MO_4,MO,us,in-store,swipe,0,3.5620465059887882,6,0,223.69199338998246
TXN_000223,71295,322.8947602688481,0,ACC_937165,615,10000,3691.993983267476,29,City_IL_2,IL,27996,MER_55897,Ticketmaster,entertainment,City_OH_5,OH,us,in-store,swipe,0,10.491662836104322,2,0,105.10281226570825
TXN_000224,100689,145.2087728698774,0,ACC_921186,3990,25000,884.0154835215676,52,City_MO_2,MO,78811,MER_87661,Publix,grocery,City_TN_1,TN,US,in-store,contactless,0,17.843558250065282,3,0,233.26534976954494
TXN_000225,11111,950.3476920956791,0,ACC_972318,3800,15000,13075.809921732076,73,City_VA_9,VA,84283,MER_30998,Amazon,online_retail,City_PA_1,PA,United States,online,online,0,58.515621871441326,2,0,351.9530427174178
TXN_000226,37504,-755.8203706240109,0,ACC_257753,564,1000,639.4557807183022,26,City_NY_4,NY,55211,MER_71248,AMC Theatres,entertainment,City_TN_5,TN,us,in-store,chip,0,2.134136318171167,3,1,496.0647027333557
TXN_000227,132874,563.9961659170405,0,ACC_713812,3492,50000,47060.568446177895,34,City_OH_4,OH,72820,MER_33057,Whole Foods Market,grocery,City_TN_6,TN,us,online,online,0,27.611302098218026,3,0,83.60211911325445
TXN_000228,8155,639.6520767182272,0,ACC_443150,4041,25000,20967.050113614223,48,City_IN_7,IN,10824,MER_89244,Whole Foods Market,grocery,City_CA_5,CA,U.S.,in-store,contactless,0,0.35453418594893493,1,0,184.58154536980246
TXN_000229,39384,602.963371039643,0,ACC_911136,3428,1000,449.34106401324505,44,City_MD_2,MD,23880,MER_93608,LabCorp,healthcare,City_MD_2,MD,us,in-store,chip,0,24.850128702471043,5,0,51.316590332866234
TXN_000230,112561,256.61974158689503,0,ACC_597488,2185,5000,2468.50389796429,33,City_MO_3,MO,76617,MER_80631,Best Buy Online,online_retail,City_NY_9,NY,U.S.,in-store,chip,0,20.047976002155384,5,2,393.4261122434156
TXN_000231,47254,345.7762097257271,0,ACC_194913,1034,2000,362.09448838266826,63,City_CA_3,CA,21517,MER_77173,McDonalds,restaurant,City_PA_5,PA,United States,in-store,contactless,0,41.76510250248337,1,0,437.95478078930614
TXN_000232,21918,741.763578559497,0,ACC_718396,2529,15000,6584.060635463667,32,City_IL_6,IL,31683,MER_90206,Delta Airlines,travel,City_FL_5,FL,US,in-store,swipe,0,18.964150779618187,0,1,220.72518003047023
TXN_000233,85981,190.1868368120879,0,ACC_879091,356,25000,21446.911995454277,71,City_TX_3,TX,26876,MER_48734,CVS Pharmacy,pharmacy,City_FL_9,FL,US,online,online,0,10.870414460533523,3,0,113.20168114125948
TXN_000234,30306,22201.648503255634,0,ACC_369637,4733,2000,96.62150490806013,39,City_CA_5,CA,66354,MER_72072,Pacific Gas and Electric,utilities,City_FL_3,FL,United States,online,online,0,6.951574493087254,4,1,73.80120769036846
TXN_000235,147718,357.5442737187429,0,ACC_169639,2736,15000,12305.684442725913,41,City_OH_4,OH,83802,MER_74175,Pacific Gas and Electric,utilities,City_MI_5,MI,United States,in-store,contactless,0,2.2276048200087413,5,0,179.90922508902204
TXN_000236,46843,121.37801416434463,0,ACC_331452,31,15000,4858.506173407188,47,City_NJ_3,NJ,86719,MER_73783,AT&T,utilities,City_NC_5,NC,USA,in-store,swipe,0,19.12213154024737,2,2,86.76685329752617
TXN_000237,120975,631.4952685323867,0,ACC_416527,1063,15000,12818.056902622415,39,City_NJ_8,NJ,96602,MER_80739,Subway,restaurant,City_GA_2,GA,MX,atm,manual,1,54.803372290656796,3,0,313.5319115190656
TXN_000238,96601,497.314451712594,0,ACC_758354,2511,2000,1787.6718220488208,44,City_MO_3,MO,88413,MER_97054,United Airlines,travel,City_MD_4,MD,us,in-store,contactless,0,18.07699275443967,1,3,319.82920496976243
TXN_000239,107512,390.71124590670547,0,ACC_824640,154,25000,15933.041066295264,46,City_IN_6,IN,19982,MER_61042,Verizon,utilities,City_IN_2,IN,us,online,online,0,33.590725981022814,5,1,146.21584262555672
TXN_000240,147443,616.2003483700829,0,ACC_409378,1134,50000,31560.129863152197,65,City_TX_7,TX,84504,MER_62357,United Airlines,travel,City_IN_5,IN,U.S.,atm,manual,0,8.861040926992695,1,0,102.16479585365545
TXN_000241,111472,438.89185533675067,0,ACC_752962,2729,10000,4301.16620823303,48,City_OH_7,OH,36598,MER_18669,Duane Reade,pharmacy,City_CA_2,CA,USA,atm,manual,0,14.861108144997742,1,0,244.9850225565045
TXN_000242,133121,290.882300692639,0,ACC_586084,1891,2000,1587.5264266330441,66,City_OH_2,OH,24639,MER_77902,AT&T,utilities,City_CO_9,CO,GB,in-store,contactless,1,9.81137285192637,4,1,369.9657638309636
TXN_000243,162688,485.78834365374905,0,ACC_629882,2950,15000,,38,City_MI_3,MI,80210,MER_28910,Best Buy Online,online_retail,City_AZ_6,AZ,GB,in-store,swipe,1,2.8927390515882156,4,1,281.40946403855634
TXN_000244,103727,797.9489087696677,0,ACC_861195,158,25000,18408.192758054083,64,City_NY_4,NY,79852,MER_66959,Kroger,grocery,City_CO_8,CO,U.S.,in-store,swipe,0,13.488713610598033,1,0,323.09244716624823
TXN_000245,112893,1257.3298829000269,0,ACC_369515,467,50000,29541.994853443688,150,City_VA_7,VA,19695,MER_10366,AT&T,utilities,City_NJ_9,NJ,US,online,online,0,36.12853248152076,3,0,424.08714006534285
TXN_000246,20932,736.856387041402,0,ACC_671603,4876,5000,2882.2662551513495,62,City_NY_2,NY,58582,MER_58415,Delta Airlines,travel,City_NY_8,NY,U.S.,online,online,0,12.562137468453907,3,1,264.6601633173154
TXN_000247,117796,985.474846775666,0,ACC_838924,2578,1000,806.9964065044791,49,City_NJ_3,NJ,41094,MER_19907,Trader Joes,grocery,City_GA_5,GA,United States,online,online,0,26.258357978217965,10,0,379.2043375081767
TXN_000248,29855,228.0507870183013,0,ACC_751539,3159,15000,7712.153662241001,37,City_VA_7,VA,70635,MER_42780,UnitedHealth,healthcare,City_MI_5,MI,U.S.,online,online,0,35.534102877217435,2,0,128.13536376484794
TXN_000249,7400,1395.1395405104374,0,ACC_332520,1251,5000,3818.3344596819074,24,City_FL_7,FL,32187,MER_67879,Pacific Gas and Electric,utilities,City_IN_6,IN,United States,online,online,0,9.742361547188347,2,1,63.20766792608347
TXN_000250,117858,-235.39681041381857,0,ACC_703814,931,10000,4834.409924155335,64,City_TN_3,TN,11214,MER_95159,Verizon,utilities,City_GA_1,GA,United States,online,online,0,39.92718235766815,2,0,96.26173784670209
TXN_000251,15151,20272.119081810102,1,ACC_343459,3198,50000,2966.1030612613963,65,City_CO_1,CO,33940,MER_45085,AMC Theatres,entertainment,City_CA_8,CA,US,online,online,0,10.347226641776853,3,1,598.5808441113372
TXN_000252,66690,439.9135433244049,0,ACC_771986,4516,50000,18237.482922947373,49,City_MO_3,MO,54406,MER_75499,Whole Foods Market,grocery,City_CO_2,CO,US,online,online,0,7.396453824294451,2,0,562.2946175547991
TXN_000253,4499,96.46246713982877,0,ACC_972437,3948,15000,6333.283646818856,24,City_FL_5,FL,53481,MER_30426,Pacific Gas and Electric,utilities,City_OH_6,OH,U.S.,in-store,swipe,0,6.290059992941743,1,0,145.8265166762789
TXN_000254,6295,748.3981854369074,1,ACC_337330,1097,50000,6726.819136864317,30,City_PA_7,PA,25977,MER_58197,Best Buy Online,online_retail,City_NC_9,NC,US,in-store,contactless,0,5.575593516196085,5,1,508.60552993905105
TXN_000255,120885,290.0179247320907,0,ACC_205573,56,5000,486.85756364876084,45,City_MA_4,MA,54839,MER_17485,CVS Pharmacy,pharmacy,City_VA_3,VA,CA,online,online,1,33.40182794661919,2,0,272.0938305313573
TXN_000256,126071,173.15369600775915,0,ACC_237900,577,15000,7630.375532611596,51,City_CA_1,CA,67874,MER_59527,Safeway,grocery,City_NC_2,NC,us,in-store,swipe,0,54.62210953080289,5,0,230.32045559956995
TXN_000257,59040,474.004747648792,0,ACC_419658,2698,2000,161.77290945655605,23,City_NY_6,NY,68414,MER_74600,Rite Aid,pharmacy,City_CO_5,CO,U.S.,in-store,swipe,0,6.5551823307249135,1,1,426.6496779508317
TXN_000258,12183,236.24528673219052,0,ACC_600364,596,25000,7194.947737389494,67,City_IL_2,IL,35538,MER_91439,Best Western,hotel,City_NY_9,NY,U.S.,online,online,0,2.227346718491847,4,0,101.11991992034146
TXN_000259,160371,719.0436260169076,0,ACC_605740,733,5000,3536.8356358246106,22,City_IN_3,IN,66241,MER_78748,Airbnb,travel,City_FL_6,FL,U.S.,online,online,0,9.413450605632761,7,0,189.68889548662912
TXN_000260,143946,267.3072485884727,0,ACC_335707,4310,25000,22905.26426473954,45,City_AZ_4,AZ,83501,MER_68528,LabCorp,healthcare,City_MI_8,MI,US,online,online,0,26.812449295655295,3,0,271.8340519351397
TXN_000261,116336,340.7716418899136,0,ACC_808024,3170,2000,1363.9541030486641,69,City_NC_6,NC,85133,MER_37799,Spotify,entertainment,City_FL_8,FL,US,in-store,swipe,0,11.492228859151599,3,0,565.3433400117177
TXN_000262,32711,930.4647860560518,0,ACC_604917,1620,2000,1885.9885420604535,26,City_NY_6,NY,70481,MER_56339,eBay,online_retail,City_NC_7,NC,United States,online,online,0,19.916986390115504,1,1,857.7334374512731
TXN_000263,5539,238.39547268823534,0,ACC_773243,4973,25000,16585.526817885813,46,City_WA_7,WA,37740,MER_26087,Walgreens,healthcare,City_CA_5,CA,USA,in-store,chip,0,34.09424542000058,4,0,108.86480780055386
TXN_000264,126063,353.5094423631976,0,ACC_798419,4724,5000,1395.5237356080554,28,City_NY_5,NY,73328,MER_17446,AMC Theatres,entertainment,City_IL_2,IL,USA,online,online,0,13.126432515662605,7,0,128.64370341742074
TXN_000265,133629,802.0945799439495,0,ACC_577294,835,25000,15961.247837002344,55,City_NJ_7,NJ,82105,MER_60460,LabCorp,healthcare,City_NC_5,NC,USA,in-store,swipe,0,202.3661513202775,2,0,417.23856832314357
TXN_000266,38360,460.1130567129491,0,ACC_798292,3821,25000,16676.223173426464,47,City_TX_2,TX,60643,MER_68260,Walgreens,healthcare,City_IL_7,IL,us,online,online,0,8.843739967537795,10,0,994.5629206779936
TXN_000267,133272,152.57226741500483,0,ACC_623116,1387,1000,353.14063538563755,45,City_MA_1,MA,21881,MER_24877,Chevron,gas_station,City_PA_7,PA,US,online,online,0,95.7016437086667,2,0,137.7175648519126
TXN_000268,21357,90.7264233637145,0,ACC_554485,3255,5000,84.14079039459783,38,City_WA_8,WA,46996,MER_34723,Expedia,travel,City_MD_2,MD,United States,in-store,swipe,0,5.673445550130994,5,2,138.0576794237795
TXN_000269,119121,222.23824434459794,0,ACC_613066,3648,1000,668.0397955367125,74,City_MD_1,MD,42177,MER_22943,McDonalds,restaurant,City_GA_7,GA,United States,atm,manual,0,2.9395316796334123,0,0,165.25266864018334
TXN_000270,77505,521.2995650330439,0,ACC_962418,2156,15000,309.22635767646807,21,City_TN_2,TN,47177,MER_20306,Steam,entertainment,City_MI_6,MI,USA,online,online,0,34.74055983144978,6,0,130.05953180351202
TXN_000271,2869,971.868726787125,0,ACC_972391,2490,50000,29981.43370785338,68,City_MO_6,MO,76126,MER_46784,Walmart.com,online_retail,City_NJ_7,NJ,us,in-store,swipe,0,30.29253622528832,4,1,133.02969353521914
TXN_000272,50108,783.098434910302,0,ACC_364179,575,25000,3885.891607635683,59,City_OH_1,OH,66531,MER_30455,Trader Joes,grocery,City_WA_8,WA,us,in-store,chip,0,41.6726170685428,3,0,218.64972200402877
TXN_000273,112296,182.6526987034755,0,ACC_209767,2758,15000,8059.850270409617,23,City_WA_3,WA,36119,MER_81448,Quest Diagnostics,healthcare,City_CO_4,CO,USA,in-store,chip,0,10.524258193849874,2,0,213.17729100519415
TXN_000274,94179,297.98769740931715,0,ACC_533961,3764,5000,2393.58687055785,24,City_FL_7,FL,37915,MER_39974,UnitedHealth,healthcare,City_FL_1,FL,USA,in-store,swipe,0,66.77162568218948,2,1,88.20544657978878
TXN_000275,90272,945.8203829128145,0,ACC_641529,2592,25000,,61,City_NC_8,NC,12708,MER_37371,Netflix,entertainment,City_NJ_8,NJ,US,online,online,0,3.1811064782744958,3,0,372.0069464862829
TXN_000276,38467,-63.39040086639195,0,ACC_677263,2109,50000,17236.126307267412,57,City_MI_4,MI,48749,MER_13936,Best Western,hotel,City_VA_8,VA,GB,atm,manual,1,0.7686229942991243,4,0,409.1765680085375
TXN_000277,23328,407.4933458330187,0,ACC_254226,2671,15000,8565.549135397314,71,City_NC_3,NC,54989,MER_43166,Olive Garden,restaurant,City_IL_3,IL,United States,in-store,swipe,0,8.937020468214266,3,0,66.21533917907506
TXN_000278,91412,180.94309017950846,0,ACC_591818,3144,10000,8061.762243038407,35,City_OH_1,OH,32106,MER_35727,UnitedHealth,healthcare,City_MI_3,MI,USA,in-store,swipe,0,39.90372301311507,1,1,230.43330456369927
TXN_000279,135059,1002.1177094058652,0,ACC_156396,1956,2000,1688.4200162893828,28,City_MA_9,MA,27131,MER_73969,Comcast,utilities,City_OH_5,OH,US,in-store,swipe,0,27.943525083794412,2,0,355.71448791704796
TXN_000280,58871,908.8179887013684,0,ACC_592443,646,25000,11491.436788289053,58,City_GA_6,GA,56553,MER_38368,ExxonMobil,gas_station,City_NC_3,NC,United States,in-store,chip,0,14.326781133428582,6,0,216.62433704115966
TXN_000281,153471,458.1447317938351,0,ACC_218920,3674,50000,34600.068146723315,70,City_MD_6,MD,68144,MER_78531,Walgreens Pharmacy,pharmacy,City_NC_5,NC,us,in-store,swipe,0,7.401379538876494,5,0,178.32879399416086
TXN_000282,128391,261.82662784051837,0,ACC_506547,1233,2000,601.2636954135695,39,City_NJ_9,NJ,16553,MER_49097,Chevron,gas_station,City_MI_8,MI,USA,in-store,chip,0,1.5275517929619369,2,0,204.94271391743598
TXN_000283,86416,1133.469668057572,0,ACC_294999,1789,1000,325.07708547072457,67,City_IL_1,IL,27881,MER_44984,McDonalds,restaurant,City_MI_1,MI,USA,in-store,contactless,0,10.29357853638206,3,0,344.4697422471268
TXN_000284,70271,203.02821307537218,0,ACC_710514,2595,15000,2771.1051483479705,46,City_TX_6,TX,11379,MER_60859,Pacific Gas and Electric,utilities,City_TX_2,TX,US,online,online,0,15.405568676177698,2,0,425.9450529751814
TXN_000285,44064,509.28916606428515,0,ACC_709007,3204,1000,533.8507044935773,59,City_MI_5,MI,79306,MER_54291,Shell,gas_station,City_FL_2,FL,US,online,online,0,29.04070628285509,2,0,113.3650234486496
TXN_000286,107450,363.958156789007,0,ACC_163014,3111,50000,14941.797169049847,30,City_TN_6,TN,29726,MER_75228,Duane Reade,pharmacy,City_GA_4,GA,us,in-store,chip,0,25.959478641779928,3,0,151.43549048144422
TXN_000287,171890,843.399189210327,0,ACC_663634,2660,25000,2003.8087904144945,58,City_WA_8,WA,19088,MER_32150,Publix,grocery,City_AZ_9,AZ,USA,online,online,0,73.59980586693254,3,0,242.018322366274
TXN_000288,19830,66.88815753786321,0,ACC_694699,3191,2000,1301.5115646600395,34,City_GA_5,GA,44314,MER_32061,Expedia,travel,City_IN_2,IN,US,online,online,0,2.645013062634433,4,1,190.01487700958563
TXN_000289,148501,551.3073340592462,0,ACC_285550,4351,2000,1344.7310944502565,69,City_NC_2,NC,65041,MER_39178,Safeway,grocery,City_WA_9,WA,USA,online,online,0,10.249637349842109,5,0,310.0630241867054
TXN_000290,137965,651.8702920512744,0,ACC_767614,699,15000,5129.891967601574,61,City_NJ_2,NJ,26350,MER_66790,Airbnb,travel,City_MO_7,MO,us,in-store,contactless,0,16.42414636558847,1,0,69.5186432978303
TXN_000291,116381,932.3964315301313,0,ACC_286806,3198,25000,1822.1807370805413,39,City_NJ_5,NJ,91397,MER_75696,Best Western,hotel,City_MO_8,MO,USA,online,online,0,27.769332917254157,2,0,438.14923352023266
TXN_000292,47333,256.9958025675749,0,ACC_521837,2151,10000,4049.828315332546,50,City_TN_3,TN,89509,MER_25648,Hyatt,hotel,City_WA_1,WA,United States,online,online,0,17.102292211335197,2,1,220.20208560245555
TXN_000293,134508,229.91834063012223,0,ACC_438585,4108,10000,4202.186851477047,25,City_MI_3,MI,27769,MER_71779,Holiday Inn,hotel,City_GA_5,GA,USA,in-store,chip,0,60.97680178276248,0,0,82.96232160237986
TXN_000294,76213,196.80510717728976,0,ACC_146121,4181,15000,9528.560109794975,51,City_VA_8,VA,57249,MER_46672,Chevron,gas_station,City_VA_9,VA,U.S.,in-store,chip,0,23.455251978042746,3,0,340.0635215801645
TXN_000295,136967,213.06670449430328,0,ACC_836778,749,25000,7491.139292393732,27,City_PA_7,PA,92862,MER_79109,Marriott,hotel,City_CA_4,CA,U.S.,online,online,0,1.0118380917905927,5,0,134.75069733102163
TXN_000296,150810,1001.5748796136908,0,ACC_422341,2630,15000,9727.039736883602,39,City_VA_1,VA,56365,MER_70521,Expedia,travel,City_CO_2,CO,us,online,online,0,3.0162526744912537,7,0,224.41074861198157
TXN_000297,30746,574.9912561946159,0,ACC_184577,3628,25000,20697.852866737972,51,City_MI_5,MI,60185,MER_44593,,grocery,City_MO_6,MO,us,online,online,0,35.00938198743596,1,0,169.219227813008
TXN_000298,49377,72.44044878458438,0,ACC_456778,4699,50000,11280.587012204493,72,City_MO_9,MO,12786,MER_23786,Spotify,entertainment,City_NY_2,NY,CA,online,online,1,31.45084430048483,3,0,343.9484115922571
TXN_000299,54045,480.9462966017255,0,ACC_349106,696,50000,46498.678915695236,59,City_MO_4,MO,11620,MER_19815,Quest Diagnostics,healthcare,City_VA_3,VA,United States,online,online,0,4.1660383891815815,3,1,132.8080287909746
TXN_000300,97888,126.95910419579832,0,ACC_535647,313,1000,367.0497302799666,44,City_FL_1,FL,46303,MER_31966,Expedia,travel,City_MD_8,MD,United States,in-store,chip,0,1.5178769572442115,4,0,94.97592677692326
TXN_000301,170862,357.6038087674307,0,ACC_592461,3933,15000,3808.43626334563,54,City_NC_8,NC,29589,MER_23794,Trader Joes,grocery,City_WA_3,WA,USA,in-store,swipe,0,21.61131231664241,4,1,239.4644005195825
TXN_000302,107455,350.09429526457467,0,ACC_986643,3595,25000,10010.8905846194,43,City_OH_5,OH,12882,MER_41423,Kroger,grocery,City_MI_2,MI,US,atm,manual,0,-25.2471043547355,3,2,86.94814317489787
TXN_000303,136672,365.44904430719623,0,ACC_760197,2264,10000,896.776021086662,68,City_MO_2,MO,72248,MER_31302,Walgreens,healthcare,City_MA_6,MA,U.S.,in-store,chip,0,3.6343058452536168,3,0,59.70200604914055
TXN_000304,93179,179.71330348760222,0,ACC_605200,4623,25000,2985.5152796627467,65,City_GA_1,GA,59322,MER_71064,AT&T,utilities,City_CO_3,CO,U.S.,in-store,swipe,0,16.04326509373835,3,0,202.99006905385323
TXN_000305,171836,42389.65161420724,0,ACC_583241,1495,50000,19685.61723099574,60,City_NJ_3,NJ,34524,MER_96800,Spotify,entertainment,City_TX_1,TX,U.S.,online,online,0,9.126014862587441,0,1,158.2714978103395
TXN_000306,45714,587.4508442934831,0,ACC_576379,159,25000,18108.057396053624,26,City_OH_9,OH,19745,MER_95140,Verizon,utilities,City_MD_3,MD,USA,online,online,0,66.9522065312819,8,2,71.7984921235142
TXN_000307,102946,107.262996624145,0,ACC_572295,4764,15000,12829.449413936494,58,City_NC_1,NC,25861,MER_37835,AT&T,utilities,City_NY_6,NY,USA,in-store,chip,0,6.185899801917082,3,1,120.27648157898327
TXN_000308,109616,383.0699017340143,0,ACC_505831,2090,1000,631.5770911804574,61,City_GA_4,GA,64261,MER_83356,Trader Joes,grocery,City_AZ_3,AZ,us,in-store,chip,0,33.037089979514576,1,1,403.60426372743126
TXN_000309,105983,378.2738172868086,0,ACC_625754,3702,1000,99.95857747626123,56,City_NY_8,NY,12837,MER_59282,Walgreens Pharmacy,pharmacy,City_OH_9,OH,FR,in-store,contactless,1,18.252225801206293,4,0,237.96352136896496
TXN_000310,124123,519.7260912518013,0,ACC_917203,2524,1000,638.4187740715082,47,City_IN_8,IN,84135,MER_62714,Best Buy Online,online_retail,City_GA_7,GA,us,in-store,chip,0,0.2896973268224825,4,0,230.17250709920097
TXN_000311,149661,371.0910272369108,0,ACC_446030,1022,1000,603.6565246678233,31,City_TX_8,TX,91447,MER_77035,Airbnb,travel,City_NJ_5,NJ,USA,online,online,0,18.19339230066642,3,0,256.8946623460658
TXN_000312,43484,47.436540609995745,0,ACC_428055,2151,50000,38273.78611893323,25,City_MA_8,MA,64380,MER_33814,Shell,gas_station,City_CO_2,CO,United States,in-store,swipe,0,2.6193546873085496,5,0,144.98706673173663
TXN_000313,82989,641.0948152873653,0,ACC_853926,2614,5000,3919.9311665978594,37,City_AZ_4,AZ,96089,MER_34089,Duke Energy,utilities,City_PA_9,PA,us,online,online,0,26.901380269593506,4,0,103.21535867924678
TXN_000314,36212,586.4260928575204,1,ACC_513962,4226,15000,12371.893829850449,72,City_MO_8,MO,59831,MER_83162,Best Western,hotel,City_NJ_5,NJ,USA,online,online,0,20.840337270538665,4,0,429.15437553509673
TXN_000315,43525,240.70200942500182,0,ACC_188422,2253,2000,786.8498777002868,27,City_TN_9,TN,99349,MER_65831,Chevron,gas_station,City_IN_7,IN,USA,online,online,0,0.26204929389903675,2,0,374.8072091043096
TXN_000316,163707,270.1658322997538,0,ACC_603100,4552,15000,9944.567633768054,47,City_CO_7,CO,48255,MER_42746,McDonalds,restaurant,City_MI_9,MI,United States,in-store,contactless,0,5.7256715267368845,0,0,82.05839780051065
TXN_000317,63208,218.6827833854789,0,ACC_435513,3218,5000,1274.1892048809761,67,City_FL_2,FL,39520,MER_91673,RxCrossroads,pharmacy,City_IN_4,IN,United States,in-store,contactless,0,37.427860812457645,3,1,196.58168776037593
TXN_000318,33828,624.4735985857751,0,ACC_888325,3267,1000,949.369465984329,35,City_CO_9,CO,39541,MER_61940,Valero,gas_station,City_TX_9,TX,MX,in-store,chip,1,8.066246681550899,3,1,172.43942852268924
TXN_000319,149783,298.7493249368808,0,ACC_392717,4166,5000,832.8376465400847,66,City_PA_8,PA,75772,MER_96796,LabCorp,healthcare,City_PA_1,PA,US,in-store,chip,0,17.292875223340054,2,0,340.6937832143707
TXN_000320,3420,257.4446658730014,0,ACC_721195,4554,10000,96.0871007779402,33,City_PA_5,PA,37350,MER_46476,Best Buy Online,online_retail,City_IL_6,IL,USA,online,online,0,9.349110677767037,3,0,135.713986703071
TXN_000321,96752,642.9786271686821,0,ACC_832722,373,10000,1413.682787922672,31,City_NJ_3,NJ,54397,MER_36283,Ticketmaster,entertainment,City_FL_2,FL,United States,in-store,contactless,0,63.62497081109899,4,0,76.31290680895832
TXN_000322,131373,709.60508190673,0,ACC_986388,4491,50000,36853.93375334601,65,City_IN_7,IN,87085,MER_11769,Quest Diagnostics,healthcare,City_TX_8,TX,US,online,online,0,19.227876836083052,3,1,60.58853443806335
TXN_000323,115294,80.40907187200993,0,ACC_842820,4734,15000,6366.667390242013,46,City_NY_2,NY,73865,MER_52278,Pacific Gas and Electric,utilities,City_VA_5,VA,U.S.,in-store,swipe,0,29.782462827031946,4,1,244.22703866425937
TXN_000324,124019,614.0786317755533,0,ACC_882381,4853,15000,6376.878531298603,42,City_WA_3,WA,65956,MER_56994,Duane Reade,pharmacy,City_NY_3,NY,U.S.,in-store,chip,0,2.179178492466849,3,0,141.58342599013685
TXN_000325,65726,28.993173762252226,0,ACC_526583,2306,2000,1814.54354726217,48,City_NY_9,NY,37453,MER_72898,Walgreens Pharmacy,pharmacy,City_PA_2,PA,U.S.,atm,manual,0,1.0293010698321792,1,0,323.71231316752596
TXN_000326,141564,261.0531148793551,0,ACC_252271,4950,50000,43682.65813133353,44,City_TN_4,TN,72345,MER_25634,Pacific Gas and Electric,utilities,City_AZ_8,AZ,USA,online,online,0,7.501566416757048,1,0,175.29365733120142
TXN_000327,115668,324.45302285597137,0,ACC_453548,3231,2000,591.2700018276174,49,City_MA_4,MA,22906,MER_20965,Walmart.com,online_retail,City_GA_7,GA,US,in-store,contactless,0,9.245245472432783,5,2,209.8623284517978
TXN_000328,6102,780.1511407544264,0,ACC_829688,918,10000,1986.0522234182286,29,City_NJ_3,NJ,24988,MER_37566,Publix,grocery,City_AZ_9,AZ,US,in-store,swipe,0,29.093217713316854,1,1,528.5113752823427
TXN_000329,118015,547.8931165855806,0,ACC_944156,2073,1000,806.0580994370526,62,City_MO_5,MO,37723,MER_62196,Shell,gas_station,City_NY_8,NY,U.S.,in-store,chip,0,21.048750631119955,3,0,98.16080167144092
TXN_000330,26641,64.68875691031039,0,ACC_972565,1371,5000,4303.590587460725,24,City_MA_3,MA,43800,MER_58285,Marriott,hotel,City_TN_4,TN,us,online,online,0,11.733280661378632,5,0,254.51422586951068
TXN_000331,165656,379.45526194688136,1,ACC_267477,3750,2000,1029.034153317125,69,City_IL_9,IL,49107,MER_65499,Duke Energy,utilities,City_MA_2,MA,U.S.,in-store,contactless,0,26.54140278079693,2,1,256.99809037845824
TXN_000332,163817,953.2474933550914,0,ACC_329304,2913,25000,14948.813139031136,66,City_TN_3,TN,37430,MER_29420,Hilton,hotel,City_OH_2,OH,USA,online,online,0,4.465183994372536,4,0,714.3701969856845
TXN_000333,154165,424.5271491267663,0,ACC_640277,4242,2000,488.1371409153574,38,City_TN_2,TN,42535,MER_35236,Shell,gas_station,City_MA_2,MA,U.S.,online,online,0,1.63986883058397,3,0,661.3461522152088
TXN_000334,103746,32039.115325583876,0,ACC_915363,2445,1000,,63,City_IN_5,IN,78476,MER_16218,eBay,online_retail,City_WA_6,WA,U.S.,online,online,0,48.19035479333948,3,0,110.00706181888347
TXN_000335,36631,776.8074966549423,0,ACC_895722,1147,1000,600.5163070265719,36,City_NC_6,NC,97329,MER_59892,Safeway,grocery,City_PA_7,PA,US,in-store,contactless,0,20.749737106238836,4,0,185.50820792789528
TXN_000336,72991,367.8473423256085,0,ACC_745424,4293,15000,7175.067535996451,53,City_NY_1,NY,87798,MER_84031,Spotify,entertainment,City_MA_6,MA,U.S.,in-store,chip,0,26.181013180645742,5,0,97.9416010338798
TXN_000337,4014,441.4051980598483,0,ACC_442022,3031,5000,285.5156413723801,49,City_CO_6,CO,62284,MER_74057,eBay,online_retail,City_IN_2,IN,United States,online,online,0,9.176872727165918,3,0,247.74755686749558
TXN_000338,11093,87.03867825734321,0,ACC_452621,1768,1000,870.138214385596,59,City_WA_3,WA,66232,MER_88609,Holiday Inn,hotel,City_FL_4,FL,United States,in-store,swipe,0,11.628584793458069,3,0,276.99239448510474
TXN_000339,18070,309.3409772995518,0,ACC_572697,1394,50000,29233.942468259283,30,City_NY_4,NY,54420,MER_86907,RxCrossroads,pharmacy,City_AZ_3,AZ,us,in-store,swipe,0,2.148955943014467,2,2,78.47237461862196
TXN_000340,35777,1191.74342820095,0,ACC_831658,2738,2000,366.1130799166391,29,City_OH_6,OH,47710,MER_93130,CVS Pharmacy,pharmacy,City_MA_4,MA,USA,in-store,contactless,0,48.62070123372127,3,2,234.39630828984673
TXN_000341,56958,410.41961232728727,0,ACC_750587,4820,2000,1152.1336222678003,51,City_PA_8,PA,82497,MER_21226,Starbucks,restaurant,City_VA_5,VA,USA,in-store,swipe,0,22.43914421440216,3,1,86.53700401864283
TXN_000342,82074,161.84506272644416,0,ACC_785493,954,10000,6435.901865279748,48,City_NC_9,NC,50498,MER_62271,United Airlines,travel,City_MD_7,MD,DE,in-store,contactless,1,2.18331289136303,1,0,45.64211562513414
TXN_000343,10729,377.34976379993213,0,ACC_867976,181,1000,499.4818198490642,23,City_VA_6,VA,41283,MER_20046,Walgreens,healthcare,City_MI_9,MI,USA,in-store,chip,0,40.80865790656543,5,0,189.43960968288712
TXN_000344,158823,127.90084005993904,0,ACC_729974,615,25000,17054.916276455533,74,City_MA_7,MA,76169,MER_47117,Walgreens,healthcare,City_PA_2,PA,us,online,online,0,14.679862634843174,6,0,622.955395642143
TXN_000345,105864,349.91002252186416,0,ACC_469430,942,15000,8285.718757982895,34,City_CO_5,CO,82358,MER_14965,Duke Energy,utilities,City_NC_8,NC,MX,online,online,1,36.21502837959986,1,0,190.0198433245632
TXN_000346,130858,204.65467334386912,0,ACC_578705,2351,5000,4501.9055146527035,45,City_NY_9,NY,72457,MER_69478,Marriott,hotel,City_TX_3,TX,US,in-store,swipe,0,0.3175042226177506,2,1,231.74082068885497
TXN_000347,105510,151.4557499054611,0,ACC_402619,525,25000,1275.3056167335374,0,City_MI_4,MI,35968,MER_88872,UnitedHealth,healthcare,City_FL_9,FL,United States,in-store,chip,0,0.729019233710846,7,1,196.69367671000043
TXN_000348,54748,297.55487752804333,0,ACC_706954,3825,15000,1514.001345691237,22,City_CA_6,CA,72508,MER_67277,CVS Health,healthcare,City_NC_4,NC,us,online,online,0,4.681833680883432,4,1,75.94945128871599
TXN_000349,5801,584.0729563888442,0,ACC_458766,2178,2000,329.9761102132457,44,City_MD_5,MD,73220,MER_95379,eBay,online_retail,City_MA_3,MA,US,online,online,0,5.922080117945187,2,0,189.43069621107122
TXN_000350,150262,29088.087591728745,0,ACC_813016,586,25000,16391.562926852886,34,City_MD_1,MD,95366,MER_69613,Netflix,entertainment,City_WA_6,WA,U.S.,in-store,contactless,0,36.09337652045376,6,0,223.8233753327106
TXN_000351,29592,23.32911100317101,0,ACC_759993,1582,15000,9199.741186684774,68,City_WA_5,WA,15738,MER_27373,Holiday Inn,hotel,City_CO_9,CO,USA,online,online,0,30.66348513844072,4,0,236.07553451503296
TXN_000352,10647,401.407654291054,0,ACC_510520,2150,2000,1694.9118343984187,27,City_VA_5,VA,13098,MER_55452,Chipotle,restaurant,City_GA_7,GA,MX,online,online,1,23.93355574072143,4,0,49.91497592435161
TXN_000353,139788,1317.4309313538402,0,ACC_207573,3115,2000,1392.4671604794069,56,City_CA_9,CA,83633,MER_60089,Netflix,entertainment,City_MD_4,MD,US,in-store,chip,0,54.03992289127457,2,0,85.25634304036218
TXN_000354,110627,127.79823471319038,0,ACC_853180,3534,2000,965.8754263727253,70,City_MD_1,MD,88672,MER_16654,Subway,restaurant,City_MD_3,MD,United States,atm,manual,0,7.0971914640588984,3,0,394.78335919080956
TXN_000355,70316,472.4659065665473,1,ACC_932978,186,2000,1884.4804056808975,44,City_TN_5,TN,48244,MER_41280,Holiday Inn,hotel,City_TN_4,TN,DE,online,online,1,58.690843907802616,4,0,230.67967632015302
TXN_000356,2368,421.9864804312631,0,ACC_369152,764,50000,12640.12791804171,47,City_MA_7,MA,18253,MER_66141,Safeway,grocery,City_NJ_3,NJ,U.S.,online,online,0,60.0521450683531,5,1,190.81548633815075
TXN_000357,77575,894.8067778067957,0,ACC_410435,4684,2000,1583.0641535923623,57,City_TN_6,TN,64333,MER_97943,Trader Joes,grocery,City_MI_3,MI,us,in-store,swipe,0,14.240506159593616,4,0,301.5019465662974
TXN_000358,6655,546.0834657762974,0,ACC_258477,3306,10000,4054.508535842234,58,City_NJ_6,NJ,60969,MER_77894,Walgreens,healthcare,City_GA_9,GA,US,online,online,0,2.4785583399345708,3,1,571.0361931113612
TXN_000359,70031,465.976272087339,0,ACC_348141,184,25000,15407.459548298686,50,City_PA_7,PA,80423,MER_36583,Comcast,utilities,City_CA_4,CA,us,online,online,0,32.41681809634899,3,0,726.5028263736949
TXN_000360,87922,207.17924107040483,0,ACC_398530,1026,15000,10363.575703947185,47,City_NJ_6,NJ,54411,MER_16360,RxCrossroads,pharmacy,City_MI_9,MI,us,in-store,chip,0,10.271817796211533,1,0,174.39076255110507
TXN_000361,124046,457.8409011004625,0,ACC_715197,2324,10000,6020.663828308195,59,City_NY_5,NY,85028,MER_63968,Walmart.com,online_retail,City_MO_5,MO,United States,online,online,0,39.61003853883948,5,0,40.05255216099943
TXN_000362,144475,480.7386736536946,0,ACC_251899,4656,50000,6674.09689765818,35,City_MA_5,MA,45421,MER_13743,UnitedHealth,healthcare,City_NY_7,NY,USA,in-store,swipe,0,4.468906517665757,1,0,156.04133309566282
TXN_000363,32097,248.64481348519587,0,ACC_919472,2935,10000,,46,City_CA_9,CA,11454,MER_17159,United Airlines,travel,City_NJ_5,NJ,U.S.,in-store,swipe,0,19.386881093699458,2,0,481.63310848823915
TXN_000364,142038,211.01336660448942,0,ACC_684642,4854,1000,533.3664590364681,21,City_OH_8,OH,27522,MER_42151,Publix,grocery,City_MO_1,MO,US,in-store,swipe,0,17.735660802251594,0,0,343.1622636699407
TXN_000365,124862,145.0963581552835,0,ACC_440687,1207,1000,806.5915712196669,24,City_CA_4,CA,48575,MER_10518,LabCorp,healthcare,City_NY_2,NY,USA,online,online,0,2.6427502672584517,5,1,63.40069222578613
TXN_000366,118834,94.75561543202146,1,ACC_642445,183,1000,421.4634613586437,49,City_IN_4,IN,13192,MER_26652,Rite Aid,pharmacy,City_GA_5,GA,DE,online,online,1,11.287706230927533,1,1,143.13480561426837
TXN_000367,93848,567.8977664451223,0,ACC_659603,4217,5000,4364.0496978201945,21,City_NC_5,NC,65268,MER_88461,,restaurant,City_AZ_6,AZ,USA,in-store,swipe,0,2.214095811451413,5,0,66.9687303114806
TXN_000368,52921,233.19497693256892,0,ACC_398076,1746,1000,418.35551187395015,63,City_WA_3,WA,91311,MER_81011,Olive Garden,restaurant,City_PA_7,PA,us,online,online,0,15.625081176877636,4,0,91.22186123052927
TXN_000369,126141,184.8776996096142,0,ACC_514380,3232,15000,7820.112994497917,70,City_NJ_8,NJ,20402,MER_52348,BP,gas_station,City_MA_2,MA,us,in-store,swipe,0,46.27254378539683,2,0,272.65677608515756
TXN_000370,22677,46.23213340912889,0,ACC_769774,2887,10000,7564.713987956609,66,City_CO_7,CO,88610,MER_85422,eBay,online_retail,City_AZ_9,AZ,U.S.,online,online,0,7.874782046585607,1,0,280.93837643778977
TXN_000371,55609,39.28357635172418,0,ACC_882957,816,15000,8308.714503015546,42,City_PA_5,PA,90781,MER_87001,AT&T,utilities,City_OH_6,OH,US,online,online,0,36.18956621650801,3,1,310.84772548286315
TXN_000372,31024,681.5055408695141,0,ACC_232018,4398,25000,22805.179219092082,31,City_CA_3,CA,46527,MER_86757,Subway,restaurant,City_MI_2,MI,US,online,online,0,5.0659868384647035,4,0,319.0735632970022
TXN_000373,70313,216.31817625405364,0,ACC_901125,4302,1000,627.3190389884212,30,City_OH_5,OH,62181,MER_34395,BP,gas_station,City_MA_2,MA,United States,online,online,0,28.001128053750396,4,0,174.3868963112327
TXN_000374,127813,378.9355943228518,0,ACC_389385,3797,50000,24828.699068211048,37,City_VA_3,VA,37002,MER_12335,Kroger,grocery,City_MI_3,MI,U.S.,in-store,contactless,0,61.78616113309303,2,1,214.77859107369545
TXN_000375,95285,402.5992620990336,0,ACC_195790,2908,5000,112.06184695878035,56,City_CO_5,CO,91219,MER_80112,McDonalds,restaurant,City_IN_1,IN,US,in-store,chip,0,9.786395509542025,3,0,392.72400724442656
TXN_000376,146410,64.61716928084759,0,ACC_696543,672,25000,9826.156317532834,67,City_MD_1,MD,22460,MER_10500,Duke Energy,utilities,City_MD_9,MD,us,atm,manual,0,57.6677492374544,5,1,25.409650967009373
TXN_000377,113632,930.8342629014977,0,ACC_820117,4692,50000,14214.29991485762,46,City_IN_6,IN,40482,MER_18083,Walgreens,healthcare,City_IN_4,IN,U.S.,in-store,contactless,0,17.601205869767803,5,0,74.37502877712164
TXN_000378,150580,132.90059238333538,0,ACC_272275,695,5000,3553.5019224655734,68,City_FL_4,FL,26447,MER_91256,CVS Pharmacy,pharmacy,City_VA_5,VA,USA,online,online,0,9.524378748794446,1,2,268.6546684119746
TXN_000379,3051,1210.4142395006522,0,ACC_817221,3456,25000,4946.594784896713,41,City_NY_4,NY,58228,MER_15543,United Airlines,travel,City_MA_7,MA,U.S.,atm,manual,0,56.70658089343171,2,0,250.3932318749794
TXN_000380,114692,386.59233637400223,0,ACC_361439,3813,10000,1949.5908292936822,33,City_CA_8,CA,93265,MER_78812,Olive Garden,restaurant,City_VA_1,VA,U.S.,in-store,chip,0,0.814042279392829,5,0,573.2797347203009
TXN_000381,87235,200.82685186886562,0,ACC_111350,3731,15000,2700.646366132619,29,City_MO_2,MO,60126,MER_62237,Hertz,travel,City_NC_3,NC,US,online,online,0,0.7104717255840277,3,0,141.1838718000489
TXN_000382,163165,-122.96961787536075,0,ACC_810872,1099,2000,238.66966499684824,31,City_MA_4,MA,30545,MER_99716,Expedia,travel,City_IL_3,IL,United States,online,online,0,22.896620827443705,1,0,82.10782271938254
TXN_000383,170806,560.6630377619424,0,ACC_418953,2379,15000,4431.849802310146,31,City_GA_2,GA,65114,MER_16613,Hertz,travel,City_FL_2,FL,United States,online,online,0,39.83305149651227,3,1,310.81258287338096
TXN_000384,73523,297.6346988544363,0,ACC_201894,4533,1000,841.6260087212538,26,City_CA_1,CA,85350,MER_76863,Netflix,entertainment,City_VA_8,VA,US,in-store,chip,0,34.812469966245786,4,0,248.58663193889967
TXN_000385,94476,214.6178589715006,0,ACC_459701,1242,50000,36809.10243453286,21,City_CO_3,CO,67801,MER_50540,Expedia,travel,City_TN_5,TN,CA,in-store,chip,1,2.0701287083166213,3,0,111.52093677251037
TXN_000386,17019,-40.729624163000075,0,ACC_536048,1182,2000,1396.9773109829075,74,City_AZ_8,AZ,23890,MER_86202,Netflix,entertainment,City_NC_1,NC,GB,in-store,contactless,1,75.0192201572398,2,0,88.41594819106976
TXN_000387,83613,195.88729261206677,0,ACC_656016,2541,5000,3787.3498268373223,26,City_FL_6,FL,62482,MER_36255,Duane Reade,pharmacy,City_NY_2,NY,United States,online,online,0,30.355927362636965,2,0,52.50615105141136
TXN_000388,86672,362.6834846045371,0,ACC_379720,173,10000,2559.469948630931,33,City_IL_7,IL,73397,MER_95666,Hertz,travel,City_NY_1,NY,US,online,online,0,74.45322988524742,2,0,411.1010392394542
TXN_000389,73847,440.7560224738616,0,ACC_522217,2519,10000,8430.696062148634,42,City_WA_2,WA,11740,MER_32068,ExxonMobil,gas_station,City_MO_6,MO,USA,online,online,0,9.978296102277701,2,1,309.3898161143104
TXN_000390,82750,71.36853917599706,0,ACC_620841,3258,5000,652.1910319226208,51,City_MA_6,MA,40121,MER_59057,Expedia,travel,City_IN_9,IN,USA,in-store,swipe,0,29.599281716315296,4,0,73.06047444911216
TXN_000391,28251,49.50952680992155,0,ACC_183384,4612,1000,319.5284403798028,42,City_PA_8,PA,21218,MER_28946,Hilton,hotel,City_MI_7,MI,CA,in-store,swipe,1,49.14188571815023,3,0,92.77749893128372
TXN_000392,103481,20.85026065632689,0,ACC_100390,4985,5000,2787.0535650948786,57,City_CA_8,CA,81591,MER_30547,Amazon,online_retail,City_TX_5,TX,USA,online,online,0,11.969620710427645,4,0,83.80885003851971
TXN_000393,112566,220.32099013090317,0,ACC_580751,3235,25000,2443.995848122515,67,City_MD_4,MD,98241,MER_95237,ExxonMobil,gas_station,City_NJ_3,NJ,U.S.,online,online,0,83.71032211436167,1,0,48.72520050732169
TXN_000394,25945,174.2104256582622,0,ACC_931868,4273,50000,34681.18391938018,47,City_WA_6,WA,44722,MER_15769,Verizon,utilities,City_NY_8,NY,us,online,online,0,-7.6968742988546905,4,2,214.48441372501915
TXN_000395,90852,581.4899471613674,0,ACC_635857,3172,50000,18394.18728966506,70,City_PA_5,PA,59431,MER_34883,Olive Garden,restaurant,City_TX_4,TX,USA,online,online,0,9.48081616507506,1,1,302.55489767553394
TXN_000396,32217,590.509020464342,0,ACC_506245,3334,1000,745.18538232798,72,City_MA_9,MA,61543,MER_71340,Duane Reade,pharmacy,City_NC_9,NC,DE,online,online,1,63.2461077472693,4,0,179.67018924904605
TXN_000397,8308,185.67387008556923,0,ACC_122490,1387,2000,936.5029426107452,34,City_TN_8,TN,52000,MER_89199,RxCrossroads,pharmacy,City_MD_5,MD,USA,online,online,0,87.3819987469807,1,0,428.18217250549907
TXN_000398,5949,104.95303292927905,0,ACC_932307,2743,5000,859.1539910203477,67,City_TN_2,TN,81975,MER_45162,Marriott,hotel,City_TX_6,TX,U.S.,online,online,0,8.39366369060971,2,0,347.6521571071065
TXN_000399,132222,339.79144346330577,0,ACC_594080,4215,1000,698.0237207875771,25,City_MI_7,MI,40921,MER_98388,Holiday Inn,hotel,City_MD_5,MD,US,in-store,contactless,0,3.6658511719315454,7,0,151.027125989751
TXN_000400,100235,186.4238319775475,0,ACC_892299,1387,50000,11976.837902349818,56,City_NC_7,NC,98747,MER_95924,Holiday Inn,hotel,City_TX_7,TX,U.S.,online,online,0,35.57970719344456,2,0,130.65655190827005
TXN_000401,74740,112.74725264544259,0,ACC_705108,4324,2000,932.5395724092813,52,City_NC_1,NC,40614,MER_43434,Best Western,hotel,City_MA_7,MA,US,online,online,0,66.36223809880556,4,0,48.100770234438166
TXN_000402,116352,349.0742292261945,0,ACC_461659,4663,5000,358.78302849531116,54,City_IN_1,IN,71189,MER_32102,Hyatt,hotel,City_NY_1,NY,U.S.,in-store,swipe,0,22.951910863681544,3,0,370.5718464268051
TXN_000403,66617,66.42011990409823,0,ACC_371265,3222,10000,5869.733216914348,27,City_IN_4,IN,27601,MER_31536,Publix,grocery,City_IL_2,IL,FR,in-store,chip,1,25.16352149944101,2,0,76.71813568280297
TXN_000404,16896,463.22760144368596,0,ACC_101539,330,5000,3162.8243895273167,62,City_IN_5,IN,81543,MER_87891,Walgreens,healthcare,City_NJ_7,NJ,USA,in-store,swipe,0,35.98640175266418,2,0,354.3009583329138
TXN_000405,130798,214.26273367325743,0,ACC_510243,753,15000,5396.107492112165,68,City_VA_4,VA,30514,MER_77770,CVS Pharmacy,pharmacy,City_OH_8,OH,U.S.,in-store,swipe,0,4.153868241327163,2,0,125.80863147842405
TXN_000406,138877,340.12371052779093,0,ACC_489546,3040,5000,4533.508206525101,30,City_WA_7,WA,93312,MER_60388,Holiday Inn,hotel,City_PA_4,PA,USA,in-store,swipe,0,90.7359379269455,3,0,287.60253846401275
TXN_000407,5237,15.89468137146931,0,ACC_960661,97,15000,12456.907131119475,70,City_VA_3,VA,77612,MER_60775,Olive Garden,restaurant,City_AZ_6,AZ,U.S.,in-store,chip,0,11.326868757886697,3,0,139.71408416079734
TXN_000408,20056,878.195449656,0,ACC_412579,3866,2000,1345.08773990599,37,City_AZ_7,AZ,26292,MER_41147,Publix,grocery,City_CA_3,CA,United States,in-store,swipe,0,24.73769849878358,1,0,99.92132840027682
TXN_000409,114548,698.690965752712,0,ACC_615584,4023,5000,3389.8473538452777,50,City_MI_8,MI,41510,MER_60526,Valero,gas_station,City_IN_7,IN,us,in-store,swipe,0,15.806759845846452,4,1,276.3858140925077
TXN_000410,111488,248.45977037787398,0,ACC_163965,2536,2000,479.56325839008736,41,City_MD_6,MD,38000,MER_33659,Shell,gas_station,City_IN_3,IN,USA,online,online,0,15.786300876132506,4,1,105.80539189260787
TXN_000411,134415,230.10058369270263,0,ACC_615249,1567,2000,1247.9489390680528,33,City_TX_6,TX,40383,MER_92096,AMC Theatres,entertainment,City_AZ_7,AZ,USA,in-store,swipe,0,30.32907026089069,4,1,300.2510238868698
TXN_000412,144572,553.1364643617621,0,ACC_473192,427,50000,9414.797598687182,21,City_FL_8,FL,21785,MER_33088,UnitedHealth,healthcare,City_MI_8,MI,US,online,online,0,130.82400547810306,3,0,322.6398371546798
TXN_000413,29375,365.3490428047359,1,ACC_982876,4745,1000,136.803062723831,21,City_MD_8,MD,50910,MER_78464,BP,gas_station,City_GA_3,GA,United States,in-store,contactless,0,26.901208293850082,1,0,186.40993391422842
TXN_000414,140734,628.7603493142287,0,ACC_432066,3387,2000,1898.9889989849023,67,City_OH_7,OH,49028,MER_69998,Marriott,hotel,City_GA_2,GA,US,in-store,contactless,0,39.504154946696694,7,0,342.50120947532207
TXN_000415,16964,67.58362699436448,0,ACC_197799,1193,2000,1182.514269799031,53,City_MA_6,MA,34855,MER_50382,RxCrossroads,pharmacy,City_AZ_6,AZ,United States,in-store,swipe,0,0.700113742454459,2,0,56.06815182185418
TXN_000416,113429,217.0151485471789,0,ACC_193948,4855,50000,20471.923951216548,58,City_MA_6,MA,34281,MER_38184,Ticketmaster,entertainment,City_OH_4,OH,United States,online,online,0,41.574576279715075,3,0,86.87160748338827
TXN_000417,67215,636.4390280534185,0,ACC_576055,585,50000,13687.814836987689,45,City_PA_6,PA,14841,MER_30099,Best Buy Online,online_retail,City_PA_8,PA,U.S.,online,online,0,8.916012247889018,2,0,292.99846831390073
TXN_000418,69042,166.578117616581,0,ACC_243314,3691,5000,2868.6221073955803,46,City_NY_8,NY,70155,MER_79810,Trader Joes,grocery,City_FL_2,FL,US,in-store,contactless,0,3.3869563070108013,3,0,136.82770659023353
TXN_000419,144356,432.590975170695,0,ACC_348099,1781,50000,2355.6916404540907,33,City_PA_1,PA,36918,MER_47739,Target.com,online_retail,City_CA_4,CA,us,online,online,0,3.0071753531038516,2,2,82.19304917192615
TXN_000420,93468,306.2090266803536,0,ACC_895379,2971,5000,449.7347048977765,48,City_TN_5,TN,66313,MER_18389,eBay,online_retail,City_MA_2,MA,United States,in-store,contactless,0,28.47607884923637,5,0,204.9057278748694
TXN_000421,9435,315.885224047811,0,ACC_867610,2687,10000,312.13862853376526,53,City_TX_3,TX,27443,MER_27352,Hilton,hotel,City_MA_2,MA,United States,atm,manual,0,150.98315698586632,1,0,99.3636375904575
TXN_000422,78832,533.5573542458856,0,ACC_826826,2825,50000,23710.56707997643,57,City_OH_8,OH,42250,MER_31148,Best Buy Online,online_retail,City_CA_2,CA,USA,atm,manual,0,27.429964588474192,3,1,284.878137851415
TXN_000423,51293,371.37240735918107,0,ACC_859066,2359,1000,570.5762977278233,61,City_NJ_6,NJ,11922,MER_41828,Best Buy Online,online_retail,City_CO_1,CO,U.S.,online,online,0,7.607082843693723,2,1,77.21350255590595
TXN_000424,78781,346.15996219439046,0,ACC_355821,1989,2000,118.7115465798596,50,City_OH_2,OH,41976,MER_78040,BP,gas_station,City_NY_4,NY,us,online,online,0,5.682114432327171,3,1,139.29949309550335
TXN_000425,160196,277.244470522482,0,ACC_817176,1631,1000,685.1632441239707,69,City_FL_7,FL,21991,MER_66795,AT&T,utilities,City_IL_2,IL,United States,online,online,0,18.66143633773298,1,0,615.62942907809
TXN_000426,43919,94.2197993167959,0,ACC_410929,2823,15000,3283.129769082542,68,City_CO_7,CO,63744,MER_68620,Netflix,entertainment,City_IL_9,IL,USA,online,online,0,1.681269549198006,2,1,56.99464509344614
TXN_000427,166319,410.48577263444326,0,ACC_886939,1510,50000,32547.069054068637,28,City_OH_5,OH,32733,MER_67114,Best Buy Online,online_retail,City_FL_9,FL,US,online,online,0,12.742774169307333,2,0,121.78210953494407
TXN_000428,121172,529.4688164762521,0,ACC_560188,1132,2000,1865.6045660669668,69,City_FL_8,FL,12473,MER_50711,Walgreens,healthcare,City_IN_7,IN,United States,atm,manual,0,27.432945971181375,3,1,134.0414048836447
TXN_000429,94758,828.9870899753399,0,ACC_782511,3306,1000,656.5505765511585,67,City_VA_5,VA,18108,MER_27748,Chipotle,restaurant,City_CO_6,CO,USA,online,online,0,85.78801996573027,3,1,458.11074873419847
TXN_000430,56573,181.7156696399491,0,ACC_111618,1329,50000,41951.6700138714,21,City_IL_1,IL,38715,MER_98636,Netflix,entertainment,City_AZ_3,AZ,US,online,online,0,13.863057884894495,2,1,442.3405372693146
TXN_000431,59101,606.2071135515662,0,ACC_436430,3909,50000,45039.4290702957,32,City_MD_9,MD,42210,MER_43691,UnitedHealth,healthcare,City_GA_7,GA,U.S.,online,online,0,5.585587900245035,3,1,99.18126646605735
TXN_000432,26646,-900.559140496494,0,ACC_378266,1565,10000,4624.134959346997,25,City_IL_4,IL,47317,MER_98517,Starbucks,restaurant,City_TX_1,TX,US,online,online,0,42.50628589796224,2,0,311.9204005111117
TXN_000433,104185,816.7114951757336,1,ACC_762714,107,10000,6672.087304487214,44,City_MD_2,MD,75516,MER_75282,eBay,online_retail,City_GA_9,GA,United States,online,online,0,34.083938309368975,1,0,176.85249323077173
TXN_000434,23049,202.50004215152256,0,ACC_996030,2861,2000,1618.7415817560993,26,City_NY_4,NY,43362,MER_70360,Verizon,utilities,City_CA_4,CA,us,in-store,chip,0,49.10000014406734,4,1,176.89375051324822
TXN_000435,98116,218.75043757803306,0,ACC_710724,3440,15000,5081.677008460002,45,City_NJ_9,NJ,64604,MER_20246,Airbnb,travel,City_FL_6,FL,US,in-store,contactless,0,6.042832912861539,3,0,210.64146450571013
TXN_000436,97379,614.9498829960414,0,ACC_310448,2751,10000,2483.2745073237515,21,City_OH_2,OH,14889,MER_69395,CVS Pharmacy,pharmacy,City_MD_6,MD,us,in-store,contactless,0,12.972797235398717,1,0,157.95570515601014
TXN_000437,68385,539.2465042765275,0,ACC_595919,3657,10000,8992.686441394217,45,City_IN_4,IN,99557,MER_42486,UnitedHealth,healthcare,City_IL_3,IL,us,in-store,swipe,0,99.82328661051902,6,1,68.73582352132661
TXN_000438,126131,441.5020583507262,0,ACC_236109,1562,15000,10349.824880255655,21,City_NC_2,NC,83748,MER_40340,Walmart.com,online_retail,City_IL_4,IL,US,in-store,chip,0,4.300638175500206,0,1,365.63658418097407
TXN_000439,171230,28.14791860907418,0,ACC_128633,267,1000,208.69802670703498,52,City_NC_5,NC,41971,MER_94874,Steam,entertainment,City_CO_3,CO,U.S.,atm,manual,0,27.82671847214346,3,0,79.29839205183043
TXN_000440,23289,453.3932775575761,0,ACC_910927,2026,10000,4266.292230423077,62,City_MI_3,MI,60551,MER_60300,ExxonMobil,gas_station,City_MD_6,MD,US,online,online,0,6.7684758794803095,3,0,225.59890047141988
TXN_000441,110226,307.7296621266071,0,ACC_950982,3457,5000,3783.1459053045946,62,City_WA_2,WA,13201,MER_13086,,online_retail,City_VA_1,VA,USA,online,online,0,17.336631092543815,4,1,92.08021763824604
TXN_000442,100793,30448.19318071942,0,ACC_312456,307,25000,12992.746034312999,23,City_MA_9,MA,99882,MER_24860,Delta Airlines,travel,City_CO_8,CO,us,in-store,chip,0,40.29973484185458,3,0,265.76458082317635
TXN_000443,9823,-243.68372788248212,0,ACC_398627,3119,25000,15436.362331439865,69,City_IL_5,IL,47958,MER_27013,Amazon,online_retail,City_CA_8,CA,United States,online,online,0,16.764398585860445,5,1,218.68822635371626
TXN_000444,41975,465.97456441854285,0,ACC_475325,553,10000,7160.797919427997,39,City_NY_5,NY,89251,MER_17407,Best Buy Online,online_retail,City_OH_9,OH,us,online,online,0,40.93072496407871,6,0,134.49495852357603
TXN_000445,9540,110.36920647681086,0,ACC_566589,4305,1000,590.9087293685316,63,City_GA_1,GA,15681,MER_43542,Walgreens Pharmacy,pharmacy,City_IN_6,IN,United States,online,online,0,13.892737797407257,3,1,506.0954462859196
TXN_000446,16364,110.26508356698056,0,ACC_396213,4248,50000,25653.7677913043,49,City_CO_6,CO,56870,MER_34935,Valero,gas_station,City_TX_1,TX,USA,in-store,chip,0,-183.5763969201774,5,0,172.28639057752957
TXN_000447,135683,484.05681075043907,0,ACC_238442,3152,1000,712.1335701683847,70,City_MI_7,MI,92256,MER_59079,Quest Diagnostics,healthcare,City_NJ_3,NJ,USA,in-store,contactless,0,14.309913114871058,2,0,174.30136611388866
TXN_000448,27663,23135.176923122013,0,ACC_744161,4605,2000,1382.3697673211811,22,City_WA_1,WA,77203,MER_44111,Hyatt,hotel,City_OH_1,OH,USA,online,online,0,4.044729267613447,5,0,224.00953385678122
TXN_000449,51991,172.71648336824884,0,ACC_171947,1827,5000,2991.8939008700995,29,City_NY_9,NY,38152,MER_66550,Best Western,hotel,City_IN_5,IN,US,online,online,0,-12.848658689462505,3,0,50.86753719336296
TXN_000450,104182,185.5695912920716,0,ACC_270205,2161,1000,341.7999427128331,37,City_GA_8,GA,60061,MER_85697,Spotify,entertainment,City_NY_3,NY,us,online,online,0,33.927437661980626,2,0,64.18495838120111
TXN_000451,162049,45159.42082549582,1,ACC_851395,845,15000,5782.82231385387,66,City_NC_8,NC,67619,MER_99117,Verizon,utilities,City_PA_2,PA,United States,online,online,0,47.0866338380823,3,0,390.0701360763515
TXN_000452,94704,44344.643451604694,0,ACC_195761,2724,5000,4609.583107199463,56,City_VA_7,VA,68235,MER_96936,Walmart.com,online_retail,City_NJ_3,NJ,USA,atm,manual,0,15.409436312346289,1,0,547.6248729302577
TXN_000453,49115,104.937150657662,0,ACC_475897,472,25000,2669.165891923738,37,City_NJ_5,NJ,83740,MER_86955,Spotify,entertainment,City_MO_9,MO,USA,online,online,0,22.564432374861678,0,1,345.7307700050274
TXN_000454,91007,260.1627535959673,0,ACC_653214,3170,5000,1275.3983569509678,69,City_TX_3,TX,47890,MER_50565,Pacific Gas and Electric,utilities,City_MO_8,MO,United States,atm,manual,0,46.5905293406054,1,1,273.41716095144994
TXN_000455,149143,674.6845676359969,0,ACC_986214,172,15000,7016.725068661784,32,City_MO_9,MO,71401,MER_29283,CVS Health,healthcare,City_MI_3,MI,us,online,online,0,41.98929211229169,5,0,312.1697417788142
TXN_000456,11938,414.3902979714967,0,ACC_204700,4317,10000,7948.932018365965,40,City_NC_7,NC,21217,MER_76470,LabCorp,healthcare,City_IL_2,IL,us,in-store,swipe,0,26.80343933351456,1,0,344.5995680299436
TXN_000457,166267,178.02679204008984,0,ACC_436128,1440,15000,2332.378208148622,70,City_TX_8,TX,58351,MER_96916,BP,gas_station,City_MA_5,MA,United States,in-store,chip,0,42.188649352536316,5,0,277.94757791867295
TXN_000458,91680,284.82442228368024,0,ACC_536606,4503,15000,3946.603308275691,23,City_TX_6,TX,43741,MER_89552,Holiday Inn,hotel,City_CO_1,CO,U.S.,in-store,chip,0,21.44528425878455,2,0,369.72295714244444
TXN_000459,4000,244.5805463759856,0,ACC_673881,564,10000,625.0830690547702,63,City_NY_5,NY,30654,MER_48233,Hyatt,hotel,City_FL_4,FL,us,in-store,contactless,0,0.11647513137231386,0,0,169.39339790838005
TXN_000460,101042,509.4388420543093,0,ACC_962041,1746,10000,6706.860027482775,70,City_TN_8,TN,71314,MER_32695,Steam,entertainment,City_CA_8,CA,United States,in-store,chip,0,1.0535608250302948,5,0,181.89665770930452
TXN_000461,93610,26965.02352397495,0,ACC_105209,3394,10000,2262.989637018353,24,City_MD_3,MD,11408,MER_52734,RxCrossroads,pharmacy,City_MA_1,MA,United States,in-store,swipe,0,97.56221412289568,1,0,234.58592715285036
TXN_000462,103691,75.76044921437793,0,ACC_750988,1062,10000,3692.4101313740293,37,City_FL_7,FL,52903,MER_91257,Hyatt,hotel,City_IN_5,IN,USA,online,online,0,3.916112562237927,1,0,181.01444171028461
TXN_000463,38304,267.08895418062764,0,ACC_499749,3372,10000,4215.163746781845,70,City_MO_2,MO,94208,MER_11505,RxCrossroads,pharmacy,City_MD_4,MD,United States,in-store,chip,0,12.959536131644242,3,1,1042.3022914697874
TXN_000464,69449,325.61785920607804,0,ACC_710885,1440,15000,,57,City_CO_3,CO,11218,MER_15363,RxCrossroads,pharmacy,City_AZ_6,AZ,US,in-store,swipe,0,67.88112869789856,8,1,180.40174337934292
TXN_000465,82986,404.8426761635376,0,ACC_369355,4530,2000,781.5275516293499,66,City_MO_2,MO,60572,MER_58708,Quest Diagnostics,healthcare,City_MD_7,MD,USA,online,online,0,5.4240513031089534,0,0,277.3615948390601
TXN_000466,151836,582.890735837529,0,ACC_109927,1202,2000,275.9275378389732,62,City_MI_5,MI,68798,MER_53614,Shell,gas_station,City_MO_9,MO,USA,online,online,0,46.414065749130025,7,0,206.72054950972156
TXN_000467,108940,761.4480779336542,0,ACC_832823,918,1000,498.0991914231149,35,City_NJ_7,NJ,40105,MER_11010,Spotify,entertainment,City_TX_1,TX,us,atm,manual,0,42.63049570915414,5,0,147.80634430852933
TXN_000468,38494,30163.072212235395,0,ACC_741621,3368,2000,1829.6201898323964,53,City_IN_1,IN,79634,MER_29861,McDonalds,restaurant,City_PA_4,PA,U.S.,online,online,0,107.31315894994715,2,1,25.39317997057761
TXN_000469,3373,211.94586123831846,0,ACC_255666,4547,25000,14432.53397495676,36,City_CO_9,CO,75063,MER_34125,Steam,entertainment,City_WA_6,WA,CA,in-store,swipe,1,8.271066986567135,2,0,102.78647055589856
TXN_000470,143233,125.45951001007909,0,ACC_830212,1671,2000,1868.4357188750878,31,City_TN_1,TN,17619,MER_19369,Rite Aid,pharmacy,City_IN_7,IN,US,in-store,swipe,0,9.470288122810366,1,0,813.78296487883
TXN_000471,97532,52.70977996686329,0,ACC_308785,501,15000,11985.779152378898,40,City_CO_1,CO,21939,MER_79393,Pacific Gas and Electric,utilities,City_PA_7,PA,USA,in-store,contactless,0,58.294684242339386,2,0,374.3782104255075
TXN_000472,92658,301.86194434200735,0,ACC_438526,2970,10000,341.67468402742156,58,City_WA_8,WA,28226,MER_36671,AT&T,utilities,City_IL_8,IL,USA,in-store,contactless,0,6.666908125373765,5,1,41.29683096820529
TXN_000473,123633,180.2792117738927,0,ACC_239005,576,10000,6254.796156081898,44,City_TX_6,TX,35322,MER_85400,Shell,gas_station,City_OH_8,OH,United States,in-store,swipe,0,19.84635003609064,2,0,66.04396714067204
TXN_000474,100386,380.31379827758605,0,ACC_728068,4756,50000,13621.426683999474,74,City_TX_6,TX,68215,MER_74512,Quest Diagnostics,healthcare,City_CA_8,CA,U.S.,atm,manual,0,30.71901746728951,3,0,418.61775195456113
TXN_000475,27350,400.8923950130444,0,ACC_664984,3627,50000,26581.80064312438,36,City_AZ_9,AZ,26878,MER_85656,CVS Health,healthcare,City_WA_8,WA,U.S.,in-store,swipe,0,7.932380991635917,4,0,498.0331881712534
TXN_000476,93008,156.72330012357668,0,ACC_296521,2855,50000,13268.89656923326,50,City_FL_4,FL,16560,MER_95759,RxCrossroads,pharmacy,City_MD_8,MD,United States,in-store,chip,0,69.68258959629935,2,0,671.5999381840676
TXN_000477,94297,153.7636370335539,0,ACC_429760,3753,15000,4971.403436625388,54,City_IN_8,IN,48278,MER_54138,Walgreens Pharmacy,pharmacy,City_CA_6,CA,US,in-store,chip,0,27.392728776870406,0,1,66.61788543358168
TXN_000478,25351,648.6053449851236,0,ACC_549764,393,25000,21925.256904161757,21,City_WA_4,WA,46212,MER_63420,Delta Airlines,travel,City_WA_9,WA,U.S.,online,online,0,1.207164117006506,3,2,436.1384551670619
TXN_000479,88668,319.8703826752295,0,ACC_257195,2196,2000,392.62205129424007,44,City_FL_2,FL,83079,MER_78089,Expedia,travel,City_NJ_3,NJ,USA,in-store,chip,0,3.646969326201076,4,0,330.94458605327424
TXN_000480,114585,134.5637054190121,0,ACC_501013,3339,15000,12456.054931868082,44,City_NY_8,NY,33946,MER_25489,Duane Reade,pharmacy,City_OH_6,OH,US,in-store,contactless,0,5.2921599620059085,1,0,75.310811368513
TXN_000481,146377,316.2857763698139,1,ACC_150013,575,1000,28.934917666971966,29,City_VA_7,VA,41740,MER_69789,Hyatt,hotel,City_CO_5,CO,us,in-store,chip,0,7.024526494892864,4,0,31.909577817236894
TXN_000482,75353,1391.8391086937002,0,ACC_501562,3270,10000,863.3271145116596,42,City_GA_4,GA,17253,MER_79925,Ticketmaster,entertainment,City_NY_8,NY,us,in-store,swipe,0,32.796131253177954,3,0,22.3414719907558
TXN_000483,65953,454.3934052750209,0,ACC_316486,4759,50000,40597.06446575251,32,City_TX_9,TX,89311,MER_59703,Holiday Inn,hotel,City_CA_4,CA,US,in-store,swipe,0,2.3285325687627267,2,0,170.2320403050279
TXN_000484,57458,396.3023561020757,0,ACC_526888,1966,5000,2995.141146818678,37,City_PA_9,PA,42813,MER_97486,Quest Diagnostics,healthcare,City_GA_4,GA,USA,in-store,contactless,0,10.79245538189503,5,0,194.80929124488765
TXN_000485,20358,149.51193476565211,0,ACC_510869,992,1000,709.8743311375727,45,City_MI_8,MI,74331,MER_86625,Subway,restaurant,City_IN_5,IN,us,in-store,contactless,0,60.58588036985376,5,0,134.51351906098117
TXN_000486,3267,28.55620335524016,0,ACC_935988,3035,50000,9947.339364038076,48,City_VA_1,VA,37632,MER_68228,Steam,entertainment,City_WA_6,WA,CA,online,online,1,-20.335891161134303,1,0,146.28748103268032
TXN_000487,82745,653.4719094433104,0,ACC_863638,3836,25000,12755.732070264958,35,City_MI_7,MI,58365,MER_13051,Best Western,hotel,City_AZ_4,AZ,United States,online,online,0,7.714015128676646,0,0,181.7390697101052
TXN_000488,89588,390.7118361514825,0,ACC_650428,912,1000,700.3582623927394,50,City_MI_5,MI,77593,MER_48090,Hilton,hotel,City_IL_2,IL,U.S.,online,online,0,78.69663103846955,3,0,164.0058438136255
TXN_000489,38513,483.9428993228328,0,ACC_363328,3870,15000,8939.22645239624,71,City_NY_7,NY,43431,MER_38805,Trader Joes,grocery,City_PA_2,PA,US,in-store,chip,0,7.003295916105196,2,0,547.4807907195391
TXN_000490,157164,565.5016898948362,0,ACC_527709,900,2000,896.227657093298,47,City_CO_9,CO,47436,MER_54557,Spotify,entertainment,City_PA_3,PA,U.S.,in-store,contactless,0,58.8731895629231,6,0,78.87861994468221
TXN_000491,11338,248.71290943140397,0,ACC_780206,4641,10000,9117.94597115829,42,City_MI_2,MI,28413,MER_12555,Subway,restaurant,City_GA_2,GA,United States,in-store,swipe,0,32.34467296150796,4,1,128.58320612961057
TXN_000492,131484,104.57631817688444,0,ACC_211361,3015,25000,16058.736669519325,30,City_NC_4,NC,48485,MER_60241,Valero,gas_station,City_WA_1,WA,us,in-store,swipe,0,33.72699117352206,3,1,267.4592537041331
TXN_000493,7543,515.4022612721637,0,ACC_777555,895,25000,21559.0815057294,51,City_CO_4,CO,78232,MER_88303,BP,gas_station,City_MO_8,MO,USA,in-store,contactless,0,36.19778946508304,2,0,184.50295189580635
TXN_000494,105891,98.47147039524849,1,ACC_892038,4339,5000,3466.4099299749855,47,City_MD_2,MD,26101,MER_75994,Holiday Inn,hotel,City_FL_5,FL,CA,in-store,swipe,1,17.65932199841426,2,0,351.1929245552205
TXN_000495,164568,397.51572777543595,0,ACC_497172,3233,1000,698.690352167799,32,City_AZ_3,AZ,18831,MER_26066,Walgreens Pharmacy,pharmacy,City_IN_1,IN,United States,online,online,0,42.128122148839594,6,0,46.76662458872664
TXN_000496,60692,161.91929259971485,0,ACC_116555,2927,5000,380.0867813489769,66,City_TX_8,TX,94583,MER_14721,Starbucks,restaurant,City_IL_9,IL,US,online,online,0,45.226674254694366,1,0,98.64547178602528
TXN_000497,44425,627.5649378994194,0,ACC_624213,2274,2000,682.9827815224927,51,City_IL_9,IL,61897,MER_87982,Starbucks,restaurant,City_NY_8,NY,U.S.,online,online,0,11.176197364404215,2,1,213.55061285974665
TXN_000498,38756,423.72586803668923,0,ACC_714673,48,50000,40772.54681918377,52,City_CO_6,CO,15004,MER_16304,Quest Diagnostics,healthcare,City_FL_4,FL,us,in-store,contactless,0,12.784999642688193,5,1,168.1850829817947
TXN_000499,18888,186.3719142150918,1,ACC_511906,671,2000,441.94733808263624,52,City_GA_2,GA,98241,MER_52967,Duke Energy,utilities,City_IL_8,IL,MX,online,online,1,54.90089377803623,0,0,152.63519314905307
TXN_000500,166807,110.06051521006466,0,ACC_420646,3113,50000,5486.528642432144,61,City_OH_2,OH,55924,MER_88763,Publix,grocery,City_AZ_7,AZ,United States,in-store,swipe,0,18.59676648200441,4,0,297.8560801208468
TXN_000501,47295,323.1777108641352,0,ACC_355658,359,5000,,65,City_PA_7,PA,31509,MER_50462,Walgreens,healthcare,City_MA_7,MA,CA,online,online,1,50.42453496095215,2,0,311.33212036705396
TXN_000502,114352,586.7930156939746,0,ACC_542065,895,10000,2094.1599064798324,55,City_NJ_8,NJ,47170,MER_81834,Starbucks,restaurant,City_CO_1,CO,USA,in-store,chip,0,24.638974631733767,6,1,271.4577146596235
TXN_000503,83042,605.3251147521248,0,ACC_781707,803,2000,1758.0475701069947,73,City_VA_8,VA,53555,MER_60155,Target.com,online_retail,City_IN_6,IN,us,in-store,contactless,0,22.508451178923718,0,1,52.729311623765575
TXN_000504,85999,664.7349432313773,0,ACC_854085,4517,5000,4122.841549510123,66,City_MO_6,MO,24662,MER_85842,CVS Pharmacy,pharmacy,City_PA_4,PA,US,online,online,0,0.7867752806137643,2,0,451.37819260177514
TXN_000505,17955,389.1228432295694,0,ACC_203844,4762,1000,474.69906876875893,41,City_MD_8,MD,75930,MER_12589,Starbucks,restaurant,City_MI_2,MI,USA,online,online,0,8.139597185157324,2,2,39.3899038292847
TXN_000506,37841,-806.6775362705604,0,ACC_191321,2384,5000,291.3834037983731,30,City_MI_1,MI,57403,MER_47078,Trader Joes,grocery,City_TN_7,TN,us,in-store,contactless,0,17.431774137244684,3,0,60.41760314715562
TXN_000507,70640,401.26997409109356,0,ACC_935488,3368,5000,3394.171143942492,36,City_AZ_9,AZ,46365,MER_64918,Chipotle,restaurant,City_IN_9,IN,U.S.,in-store,contactless,0,22.126898808314195,3,0,183.65516595838966
TXN_000508,165983,157.64187732336478,0,ACC_819211,3548,15000,8883.61717154177,27,City_NY_1,NY,72188,MER_23601,Steam,entertainment,City_AZ_5,AZ,U.S.,in-store,swipe,0,24.885684154995168,6,0,56.090714373204236
TXN_000509,138429,197.35530528627575,0,ACC_198234,2972,2000,1844.053874384142,24,City_MO_3,MO,86060,MER_17711,Steam,entertainment,City_CO_8,CO,CA,online,online,1,31.489148597202348,3,0,42.522065692348214
TXN_000510,163551,705.6152670926716,0,ACC_574718,2597,10000,5310.055782568581,47,City_MA_9,MA,36673,MER_96900,United Airlines,travel,City_VA_5,VA,US,online,online,0,26.694810854970306,0,0,113.87345937301049
TXN_000511,61476,157.2356422438299,0,ACC_851993,1704,10000,3195.740372327639,72,City_PA_5,PA,73471,MER_69430,Publix,grocery,City_NC_7,NC,FR,atm,manual,1,47.19190254249782,3,0,15.68638872220015
TXN_000512,44811,137.9070291128228,0,ACC_825571,2713,15000,7396.059133494419,45,City_MI_9,MI,27156,MER_73327,Hyatt,hotel,City_MA_7,MA,U.S.,in-store,chip,0,8.75562129618544,2,0,215.81548125343124
TXN_000513,167280,883.4270866349253,0,ACC_928282,3410,50000,46515.00634171452,51,City_VA_9,VA,67287,MER_13970,Verizon,utilities,City_VA_9,VA,U.S.,online,online,0,25.650546400898627,3,0,396.5439111639583
TXN_000514,151222,-396.5861063041771,1,ACC_571761,769,25000,16538.607772659474,31,City_OH_6,OH,11645,MER_79535,Best Western,hotel,City_AZ_3,AZ,US,online,online,0,1.3128645278477553,3,0,574.1659433148516
TXN_000515,71180,398.1801904595283,0,ACC_389987,1575,50000,31918.866551534924,68,City_IN_1,IN,69076,MER_96570,AT&T,utilities,City_MO_1,MO,USA,in-store,contactless,0,16.357301688546045,3,1,254.5250502386365
TXN_000516,112856,595.7022747715256,0,ACC_424464,4594,10000,2286.475102395911,40,City_CA_7,CA,85351,MER_46176,AT&T,utilities,City_CO_2,CO,United States,in-store,swipe,0,7.800495037208926,3,1,156.6679498000448
TXN_000517,68450,584.6712939558392,0,ACC_654081,2289,5000,3532.111958412934,56,City_MO_6,MO,60151,MER_51730,AT&T,utilities,City_PA_6,PA,us,online,online,0,11.986692749547109,2,1,307.57232741166297
TXN_000518,152424,306.69136234203853,0,ACC_773217,1165,15000,10691.373569972748,74,City_MA_9,MA,77384,MER_92168,Shell,gas_station,City_FL_9,FL,U.S.,online,online,0,10.949555833805166,2,0,201.29520496252843
TXN_000519,111888,758.8735687956548,0,ACC_119627,903,1000,301.42453458711003,74,City_MD_7,MD,43541,MER_23385,AT&T,utilities,City_VA_3,VA,United States,online,online,0,1.5583418973099696,1,0,424.8874075807389
TXN_000520,110448,922.0458300912309,0,ACC_423966,4585,2000,919.0562815423551,37,City_CA_4,CA,82847,MER_15950,Starbucks,restaurant,City_WA_2,WA,US,online,online,0,15.714238414912774,3,0,133.32811750380284
TXN_000521,14397,103.51564926038581,0,ACC_577317,2330,2000,559.7463325868664,65,City_IL_7,IL,97099,MER_83511,Target.com,online_retail,City_MD_1,MD,USA,online,online,0,130.66986973058349,3,0,222.03331495547792
TXN_000522,172627,32864.658426016686,1,ACC_322633,781,2000,491.53963361614467,31,City_MA_2,MA,90739,MER_63009,Trader Joes,grocery,City_WA_2,WA,us,online,online,0,8.878904476030334,0,1,315.73849430143036
TXN_000523,131800,154.6031943387542,0,ACC_417942,883,5000,123.00633368505444,50,City_NY_6,NY,60955,MER_96850,eBay,online_retail,City_VA_3,VA,US,in-store,contactless,0,33.30898129349759,3,0,416.47703771705835
TXN_000524,119180,237.0066873112639,0,ACC_848728,3762,1000,270.9511574206655,55,City_CA_6,CA,19290,MER_33398,United Airlines,travel,City_CO_7,CO,CA,in-store,swipe,1,19.840123079677994,1,0,100.46691255937509
TXN_000525,66234,111.96039902651076,0,ACC_799476,2313,15000,7894.071785765417,61,City_GA_2,GA,68942,MER_35277,Chipotle,restaurant,City_NY_2,NY,US,online,online,0,9.834410559780427,3,0,193.827584226267
TXN_000526,39954,1043.214527692911,0,ACC_437462,1359,15000,22.816922573660776,58,City_VA_4,VA,92667,MER_36761,Duke Energy,utilities,City_NY_5,NY,U.S.,atm,manual,0,2.346974272605645,2,0,175.21013021708927
TXN_000527,79459,354.7148702206928,0,ACC_466330,507,2000,538.116259238368,42,City_MD_8,MD,40143,MER_74435,Shell,gas_station,City_AZ_2,AZ,U.S.,in-store,chip,0,6.079125650784632,4,0,626.8963406830512
TXN_000528,147851,274.1732215834715,0,ACC_882479,2756,1000,837.3398157070875,73,City_VA_8,VA,34509,MER_73944,Walgreens,healthcare,City_MO_7,MO,United States,in-store,swipe,0,38.06471511434785,2,0,56.511025667391685
TXN_000529,155538,362.77378064640106,0,ACC_450046,3121,1000,563.9661558519929,63,City_WA_8,WA,97780,MER_41533,Marriott,hotel,City_MD_8,MD,US,in-store,swipe,0,8.178603185321046,7,0,138.80792855425676
TXN_000530,168011,260.325067424401,0,ACC_521773,4260,1000,577.4696828769314,68,City_CA_8,CA,46741,MER_82502,Ticketmaster,entertainment,City_MI_8,MI,U.S.,in-store,contactless,0,3.895958314822485,6,0,226.56572626667122
TXN_000531,166342,350.55804761666184,0,ACC_433478,4535,10000,3831.9608977503553,71,City_MD_1,MD,36898,MER_82123,Publix,grocery,City_IN_8,IN,USA,in-store,swipe,0,10.060431704639985,6,1,138.43231065061303
TXN_000532,59163,465.18587210007195,0,ACC_568379,1299,10000,6426.485363177904,47,City_PA_2,PA,95674,MER_32880,Best Buy Online,online_retail,City_MA_9,MA,United States,online,online,0,21.929331864972767,2,1,224.7506300878547
TXN_000533,51934,163.68674957515884,0,ACC_468863,4211,2000,360.87225583768236,57,City_GA_4,GA,72948,MER_80627,Starbucks,restaurant,City_MD_1,MD,us,in-store,contactless,0,30.389595828782095,2,1,163.05401822015006
TXN_000534,163379,497.5668664377615,0,ACC_223099,2633,1000,777.809469864982,66,City_FL_9,FL,71768,MER_51753,Quest Diagnostics,healthcare,City_NC_1,NC,US,online,online,0,12.249642164321878,2,0,127.71510098989829
TXN_000535,54098,221.40762318706626,0,ACC_833362,1499,25000,2771.3665984776203,69,City_IL_3,IL,53262,MER_92597,Rite Aid,pharmacy,City_FL_2,FL,U.S.,online,online,0,17.23620859637848,0,1,188.29540003855396
TXN_000536,5486,435.54581095416916,0,ACC_797974,407,1000,623.2012869204538,55,City_OH_6,OH,15506,MER_97829,CVS Pharmacy,pharmacy,City_MA_6,MA,USA,atm,manual,0,15.17041593365969,3,0,284.20489950045743
TXN_000537,139407,205.056853441028,0,ACC_374864,1710,15000,4861.3778929304835,24,City_FL_7,FL,30605,MER_11561,Spotify,entertainment,City_MD_1,MD,US,in-store,swipe,0,0.22610312511020608,3,0,107.32005285895518
TXN_000538,86900,575.4436862555284,0,ACC_419752,271,15000,10652.059830800294,36,City_CO_8,CO,88590,MER_63205,Rite Aid,pharmacy,City_TN_5,TN,USA,online,online,0,12.587995856218315,2,0,311.917805490234
TXN_000539,126020,616.9471767881261,0,ACC_207449,949,2000,1044.552647405438,36,City_FL_7,FL,38231,MER_69810,Holiday Inn,hotel,City_GA_5,GA,FR,in-store,chip,1,22.127058619047443,4,0,192.51196551782667
TXN_000540,102795,317.25773216115334,0,ACC_202828,99,25000,10743.38466386951,150,City_MA_3,MA,89397,MER_74482,Hertz,travel,City_IN_4,IN,DE,in-store,swipe,1,21.09603780208789,1,0,87.80414214753115
TXN_000541,142202,1330.6485884107344,0,ACC_226613,3954,1000,160.95128198858464,46,City_IL_6,IL,87123,MER_79192,Walgreens Pharmacy,pharmacy,City_CA_5,CA,U.S.,online,online,0,34.634125660554275,3,0,208.13714218758278
TXN_000542,87508,418.0820869376052,0,ACC_172095,2116,50000,30249.019553506758,56,City_NC_5,NC,23515,MER_97154,Netflix,entertainment,City_OH_1,OH,United States,online,online,0,27.74505990865353,3,2,137.10256059831357
TXN_000543,118324,89.25404551484935,0,ACC_730212,2037,25000,23150.78378123481,39,City_TX_4,TX,97211,MER_96066,United Airlines,travel,City_MO_6,MO,USA,in-store,contactless,0,8.10197171538965,5,3,96.02987093708367
TXN_000544,60566,555.208694916781,0,ACC_577910,830,2000,1568.6465073233285,37,City_OH_1,OH,48622,MER_97408,Marriott,hotel,City_VA_7,VA,US,atm,manual,0,7.380885568141464,4,0,169.96386026974807
TXN_000545,27192,980.1123148272006,0,ACC_720740,2809,15000,855.1167443934181,65,City_IN_7,IN,26600,MER_38330,AMC Theatres,entertainment,City_TN_8,TN,USA,online,online,0,15.597142538407638,4,0,200.63073813998136
TXN_000546,1062,204.24886223369984,0,ACC_187593,4950,50000,17870.895472156575,46,City_TN_8,TN,37892,MER_26139,RxCrossroads,pharmacy,City_CA_2,CA,US,online,online,0,33.009825574889796,3,0,322.82154307389476
TXN_000547,84076,31128.994609220354,0,ACC_791252,785,15000,13189.557880961373,42,City_IN_2,IN,93279,MER_42977,Pacific Gas and Electric,utilities,City_MA_7,MA,United States,online,online,0,2.4631345064947494,2,1,227.1025353548353
TXN_000548,89780,546.4985216262453,0,ACC_993407,2025,10000,4778.915601791703,48,City_CO_7,CO,79310,MER_14983,Whole Foods Market,grocery,City_OH_6,OH,us,in-store,swipe,0,74.07029520880252,4,0,32.7216309172822
TXN_000549,152617,307.4800859903505,0,ACC_439386,1351,2000,1258.0124690355403,21,City_TX_6,TX,31801,MER_49909,Rite Aid,pharmacy,City_IN_9,IN,US,online,online,0,19.585175176224208,5,0,130.4126390893407
TXN_000550,21689,359.7999632048361,0,ACC_226202,2360,2000,1733.9387566236417,64,City_NJ_5,NJ,47695,MER_74480,AMC Theatres,entertainment,City_NY_8,NY,U.S.,in-store,swipe,0,9.146798925276354,3,0,193.00756281968938
TXN_000551,11174,372.45862092660207,1,ACC_177606,139,1000,830.1049558988866,56,City_TX_4,TX,38853,MER_59029,Kroger,grocery,City_NJ_4,NJ,U.S.,online,online,0,29.554567794597787,2,0,140.12373711651696
TXN_000552,88461,10785.527892786955,0,ACC_223769,1046,1000,476.7293567634854,63,City_CA_2,CA,14429,MER_31329,Safeway,grocery,City_PA_9,PA,U.S.,in-store,chip,0,1.1439219074334879,1,0,353.0456373403055
TXN_000553,126174,251.72184095243105,0,ACC_218542,3895,10000,4157.63987524722,57,City_TX_6,TX,14606,MER_46734,Expedia,travel,City_PA_1,PA,USA,in-store,contactless,0,16.56045065333333,2,0,435.9625951411146
TXN_000554,103033,257.5640297318465,0,ACC_468582,54,50000,16135.399377780384,22,City_NC_5,NC,14478,MER_52837,Hyatt,hotel,City_MA_6,MA,USA,online,online,0,16.636824091090496,2,0,39.68349237757738
TXN_000555,9348,328.62627245650236,0,ACC_887356,4968,5000,3415.3423550237326,37,City_TX_2,TX,93816,MER_84354,Rite Aid,pharmacy,City_OH_8,OH,USA,in-store,chip,0,4.417692149667329,0,0,239.55426763167998
TXN_000556,154786,618.5499947146926,0,ACC_675610,2868,25000,6815.936487449152,0,City_MA_7,MA,50134,MER_86454,Quest Diagnostics,healthcare,City_NJ_4,NJ,U.S.,in-store,swipe,0,45.409678799224906,6,1,72.03808006794814
TXN_000557,38102,184.5674238453163,0,ACC_257550,767,5000,1186.9661305467755,58,City_MI_6,MI,79963,MER_76786,AT&T,utilities,City_IN_2,IN,US,in-store,chip,0,39.84060510576939,2,0,429.2085984755313
TXN_000558,74460,731.603508358006,0,ACC_695330,209,5000,1692.1869993679552,41,City_MA_9,MA,80897,MER_14758,Best Western,hotel,City_MO_2,MO,U.S.,online,online,0,4.1434672268808965,3,0,88.8740647561356
TXN_000559,102634,275.2860775638895,0,ACC_670706,261,2000,336.70860806970484,29,City_MI_5,MI,35475,MER_77699,LabCorp,healthcare,City_MD_1,MD,CA,in-store,swipe,1,11.307130037608397,3,1,79.28101102327149
TXN_000560,89930,685.8606155460926,0,ACC_555433,1947,25000,16509.095628711973,33,City_IN_9,IN,76177,MER_92673,UnitedHealth,healthcare,City_GA_5,GA,USA,in-store,swipe,0,2.645947868501684,1,0,371.99602973105686
TXN_000561,6801,1182.1861282603868,0,ACC_724987,372,2000,1170.8572337281632,31,City_NC_9,NC,31730,MER_31832,Amazon,online_retail,City_CO_6,CO,us,in-store,chip,0,47.19719446869865,1,0,289.94484223637664
TXN_000562,103150,291.6220855075972,0,ACC_190140,4602,25000,11468.365185251285,36,City_MO_1,MO,31113,MER_11868,Delta Airlines,travel,City_GA_4,GA,USA,in-store,chip,0,9.76392361737878,1,1,278.4627927311035
TXN_000563,154697,362.81066232044566,0,ACC_566978,2653,15000,5562.142354477153,36,City_FL_5,FL,30011,MER_60665,Chevron,gas_station,City_NJ_4,NJ,United States,in-store,swipe,0,14.464959027345966,1,0,297.7397922552369
TXN_000564,1542,127.29241837132585,0,ACC_636069,484,2000,1727.2188315037897,22,City_NC_9,NC,65746,MER_51862,Starbucks,restaurant,City_NY_5,NY,DE,online,online,1,9.784319945773841,1,0,113.12541336078033
TXN_000565,21677,370.27359490075446,0,ACC_498731,4414,2000,55.335191479300036,62,City_TN_7,TN,52853,MER_29728,Starbucks,restaurant,City_AZ_5,AZ,us,in-store,chip,0,9.277534678083807,7,0,163.44814838060032
TXN_000566,39081,475.6679198667518,0,ACC_479502,4655,2000,1461.3047126638683,64,City_FL_6,FL,95195,MER_49857,United Airlines,travel,City_NC_9,NC,USA,in-store,chip,0,34.389029582511284,5,0,426.266706740754
TXN_000567,93105,498.27764944596913,0,ACC_398277,2306,50000,42840.704658072216,28,City_TN_6,TN,46818,MER_38183,Expedia,travel,City_CA_8,CA,us,in-store,swipe,0,34.41515945651016,3,0,600.725636238085
TXN_000568,19065,160.44233644571335,0,ACC_197628,625,10000,4240.368504584297,63,City_MD_7,MD,47321,MER_98321,Walgreens,healthcare,City_CA_9,CA,U.S.,in-store,contactless,0,18.234294528599094,4,0,160.96373084596348
TXN_000569,88092,517.2238859786272,0,ACC_701234,3904,2000,1046.311933794229,62,City_CA_1,CA,31309,MER_28940,Expedia,travel,City_VA_3,VA,US,in-store,chip,0,26.795628436923113,1,1,115.7976950496552
TXN_000570,54693,199.8231858989471,0,ACC_185058,4560,1000,897.240503487936,33,City_PA_4,PA,28688,MER_15280,Quest Diagnostics,healthcare,City_NJ_3,NJ,FR,online,online,1,17.918748545946954,2,0,484.7391528295424
TXN_000571,26962,955.8202690025445,0,ACC_581799,4527,1000,201.6636395212387,37,City_MI_1,MI,38176,MER_12164,Hilton,hotel,City_CA_1,CA,U.S.,in-store,chip,0,0.7251460347621398,3,0,274.9409808473856
TXN_000572,28295,439.66042889163816,0,ACC_251542,2699,25000,12353.202634886266,59,City_TN_6,TN,78879,MER_89624,,gas_station,City_CO_6,CO,us,in-store,contactless,0,1.707143212410717,4,0,204.5358379334021
TXN_000573,13807,342.49108466963696,0,ACC_405273,2165,15000,6764.776061577033,44,City_FL_4,FL,77592,MER_28405,Target.com,online_retail,City_VA_4,VA,USA,online,online,0,12.102181268013812,0,0,214.8674958807742
TXN_000574,157504,859.804572241527,1,ACC_370675,3994,10000,2454.7301547685156,23,City_WA_1,WA,94728,MER_12821,LabCorp,healthcare,City_IN_8,IN,US,in-store,chip,0,34.63200774892958,3,0,200.02475667256616
TXN_000575,171334,390.49605041580355,0,ACC_399182,1595,50000,38883.17844272263,50,City_TN_9,TN,99012,MER_65090,Expedia,travel,City_MA_2,MA,United States,online,online,0,61.11127176059961,3,0,526.4713248520084
TXN_000576,168152,496.908543752704,0,ACC_450083,338,25000,21365.51412562685,72,City_CO_4,CO,19416,MER_32516,Trader Joes,grocery,City_TX_2,TX,USA,in-store,swipe,0,0.7539634138343796,1,0,401.26315914746215
TXN_000577,132396,233.11795591270646,0,ACC_142674,372,1000,742.8359507987984,33,City_PA_6,PA,49994,MER_20473,Walgreens Pharmacy,pharmacy,City_MO_7,MO,United States,in-store,chip,0,11.472835942138246,2,0,122.32511444677019
TXN_000578,91267,119.15698352739994,0,ACC_227572,465,10000,1855.9101280617797,39,City_NJ_7,NJ,76422,MER_56454,McDonalds,restaurant,City_TN_5,TN,US,online,online,0,6.333060806617638,6,1,658.705718434167
TXN_000579,166981,530.9720519240782,0,ACC_850018,206,10000,824.1120372631249,27,City_NY_8,NY,18584,MER_52530,BP,gas_station,City_FL_1,FL,us,in-store,swipe,0,42.212742447952195,1,0,107.61381777083274
TXN_000580,19870,957.5562711131687,0,ACC_575692,168,15000,8627.583915601128,29,City_CO_9,CO,28830,MER_87714,Walgreens Pharmacy,pharmacy,City_GA_7,GA,United States,online,online,0,46.764896126691916,3,0,182.1211230471044
TXN_000581,165650,270.40251126921095,0,ACC_391975,223,10000,542.4002248438974,39,City_MI_9,MI,95825,MER_92633,Ticketmaster,entertainment,City_TX_7,TX,US,online,online,0,5.779672427020704,4,0,323.7644284897632
TXN_000582,26790,261.17703828360015,0,ACC_681462,3287,2000,1278.36918826036,65,City_CA_8,CA,87066,MER_89632,Delta Airlines,travel,City_AZ_6,AZ,United States,online,online,0,31.018275761620266,3,0,351.5161361724003
TXN_000583,118874,164.08260754294037,0,ACC_897711,3265,10000,5039.030093108805,74,City_CO_3,CO,13591,MER_79081,UnitedHealth,healthcare,City_MA_4,MA,USA,online,online,0,32.89646009935249,4,0,126.7372693214331
TXN_000584,25289,323.9891622134263,0,ACC_531436,972,15000,9444.696691597206,60,City_NJ_2,NJ,31395,MER_34798,Best Buy Online,online_retail,City_NC_8,NC,United States,online,online,0,4.871729655229786,1,0,205.98119971846825
TXN_000585,15485,583.7838358021647,0,ACC_947042,4650,25000,14016.555874181418,42,City_VA_5,VA,64182,MER_10863,,grocery,City_TX_2,TX,USA,online,online,0,14.215602398588171,1,0,141.49621777559025
TXN_000586,44482,588.8685268827431,0,ACC_545935,3909,15000,6023.5116157622115,38,City_AZ_1,AZ,26738,MER_26148,Amazon,online_retail,City_IN_2,IN,USA,online,online,0,24.211834582917156,3,0,734.3998425727794
TXN_000587,86188,139.78569766219562,0,ACC_880296,3143,50000,9541.66605666084,43,City_GA_3,GA,12631,MER_96545,CVS Pharmacy,pharmacy,City_MI_2,MI,US,in-store,contactless,0,0.6603090654756313,5,0,121.78211732193377
TXN_000588,4748,466.60754018313577,0,ACC_153051,2992,15000,4356.255435299462,22,City_NJ_1,NJ,27905,MER_64459,Whole Foods Market,grocery,City_NC_3,NC,U.S.,in-store,contactless,0,12.962702843564362,6,0,369.6559838147053
TXN_000589,140507,931.6740527316783,0,ACC_303085,4866,1000,498.2755455080276,70,City_FL_3,FL,29056,MER_93345,Duke Energy,utilities,City_TX_6,TX,United States,in-store,contactless,0,4.209230609553882,2,0,42.29494368857218
TXN_000590,3709,441.3492765369314,0,ACC_418796,4987,2000,1238.549377930451,70,City_OH_4,OH,99082,MER_94224,Chipotle,restaurant,City_MD_1,MD,us,in-store,chip,0,19.516503507805165,4,0,202.69595615582483
TXN_000591,123961,268.7091131631834,0,ACC_165524,983,1000,740.508866040302,31,City_MI_7,MI,45447,MER_76189,Expedia,travel,City_IN_2,IN,USA,online,online,0,46.2746166315317,2,0,194.23082961615188
TXN_000592,30355,183.82358186800207,0,ACC_576152,1332,25000,18220.304563165195,51,City_MD_5,MD,64418,MER_18129,Ticketmaster,entertainment,City_NJ_2,NJ,U.S.,in-store,contactless,0,18.5980646282599,2,0,251.95589224007537
TXN_000593,144188,216.59902152337804,0,ACC_368614,3411,5000,4620.271530490156,53,City_FL_5,FL,47190,MER_33118,Duane Reade,pharmacy,City_IN_1,IN,USA,in-store,chip,0,0.9161742033833794,1,0,134.39932425068656
TXN_000594,156542,752.487658775072,0,ACC_560814,2910,25000,6788.734405755974,34,City_TX_1,TX,36014,MER_10443,Quest Diagnostics,healthcare,City_MI_3,MI,U.S.,online,online,0,0.752647871126219,3,0,101.37071288644206
TXN_000595,42918,301.57384016440255,0,ACC_617733,2217,2000,135.1103456055299,36,City_MO_8,MO,82999,MER_37041,Starbucks,restaurant,City_MO_7,MO,U.S.,in-store,chip,0,23.253602828412347,8,0,66.23429866381653
TXN_000596,52224,154.26929666610397,0,ACC_415617,4917,10000,3283.740887647663,31,City_AZ_4,AZ,60278,MER_99379,AMC Theatres,entertainment,City_PA_1,PA,us,in-store,chip,0,9.93673740413278,6,1,172.05628393896882
TXN_000597,39298,271.1605206095913,0,ACC_855477,575,15000,10591.946271943092,53,City_TN_5,TN,11780,MER_31053,eBay,online_retail,City_TN_7,TN,U.S.,online,online,0,21.254763706966436,2,0,42.53486971900003
TXN_000598,80219,178.23546572973493,0,ACC_144439,1957,5000,2081.030342408152,27,City_NJ_2,NJ,69258,MER_47204,Olive Garden,restaurant,City_MO_5,MO,us,online,online,0,4.467316995974388,2,0,73.79041975970273
TXN_000599,61629,684.4400752680783,0,ACC_376452,4182,2000,1553.7980181198966,51,City_MI_1,MI,52192,MER_52240,Spotify,entertainment,City_CO_9,CO,US,online,online,0,37.49916115218974,1,1,65.45756089105696
TXN_000600,66040,88.84152289344182,0,ACC_191563,34,1000,521.8600469267142,68,City_IN_9,IN,69300,MER_71102,Spotify,entertainment,City_MO_2,MO,GB,in-store,contactless,1,49.28167176889201,2,0,159.2854801703442
TXN_000601,28016,690.1791797315135,0,ACC_851616,3511,15000,13249.532047484667,66,City_AZ_2,AZ,53923,MER_18291,Walmart.com,online_retail,City_CA_1,CA,us,in-store,contactless,0,55.00648992792235,2,1,424.81537084484927
TXN_000602,23960,70.47912985306134,0,ACC_397225,3283,25000,22511.75674747788,67,City_FL_6,FL,99196,MER_26285,Netflix,entertainment,City_NY_9,NY,USA,online,online,0,9.062819806293497,5,0,164.7972950311705
TXN_000603,33591,793.2307443714939,0,ACC_830602,1392,1000,65.83928071781126,34,City_MD_1,MD,12395,MER_71589,Shell,gas_station,City_MA_8,MA,United States,in-store,chip,0,27.024371241408595,2,0,51.16399426718633
TXN_000604,103333,1515.888164082537,0,ACC_543599,1850,2000,867.1855354536062,48,City_TX_1,TX,25779,MER_23944,Publix,grocery,City_CO_6,CO,US,online,online,0,8.17937331969271,6,0,296.85586754165865
TXN_000605,114821,382.7968179530726,0,ACC_634125,2693,2000,1158.4092163741793,73,City_OH_9,OH,81028,MER_98876,Shell,gas_station,City_MI_5,MI,United States,online,online,0,35.96673978436547,2,0,324.04002046934465
TXN_000606,36395,578.6821408161562,0,ACC_859495,2968,25000,6076.972844290053,63,City_NC_4,NC,39722,MER_64391,eBay,online_retail,City_IL_8,IL,United States,in-store,contactless,0,3.2107535745391735,3,0,1006.2522125750253
TXN_000607,129695,502.4436790550842,0,ACC_742416,1303,5000,1933.614702050156,36,City_MD_9,MD,17111,MER_11607,Hilton,hotel,City_MA_8,MA,U.S.,in-store,chip,0,35.967581794256894,5,0,184.83986398069416
TXN_000608,153772,429.0891020719297,0,ACC_267896,3356,25000,16094.936601545334,39,City_TN_5,TN,19984,MER_12953,,restaurant,City_AZ_5,AZ,U.S.,in-store,contactless,0,14.483350925523833,6,0,354.7446307868136
TXN_000609,34620,211.97085323770062,0,ACC_788433,3689,10000,2153.9751555344333,37,City_TN_7,TN,82328,MER_54941,Verizon,utilities,City_MA_7,MA,United States,online,online,0,48.3704581114439,2,0,623.0447826383815
TXN_000610,128148,128.02681714988373,0,ACC_999083,2975,1000,571.8822853257299,46,City_MO_1,MO,36924,MER_81469,UnitedHealth,healthcare,City_MI_1,MI,U.S.,in-store,swipe,0,33.57425006181865,2,0,192.81251662116324
TXN_000611,20559,322.8549522536689,0,ACC_721912,3048,5000,3312.877183780454,26,City_NJ_6,NJ,62703,MER_86922,Walgreens,healthcare,City_NC_4,NC,USA,in-store,contactless,0,11.810950376857459,3,0,25.68649469850103
TXN_000612,93396,156.639529434254,0,ACC_519515,1161,15000,1289.5724331161014,63,City_OH_8,OH,42577,MER_71683,Duane Reade,pharmacy,City_VA_2,VA,U.S.,online,online,0,58.46546047539274,3,0,301.32893472835735
TXN_000613,21732,436.2872241919745,0,ACC_814221,4793,50000,23632.642511304006,69,City_NC_1,NC,17711,MER_80218,Duane Reade,pharmacy,City_OH_3,OH,United States,in-store,contactless,0,8.328743928983794,2,0,168.2435699868879
TXN_000614,91362,215.51730786550917,0,ACC_130063,2666,10000,2499.2602842798124,29,City_FL_9,FL,95548,MER_21154,Target.com,online_retail,City_IL_1,IL,U.S.,in-store,contactless,0,85.27258187252768,1,0,361.37458108724525
TXN_000615,161426,102.69316811556384,0,ACC_693741,3059,5000,3440.8351909907115,70,City_WA_3,WA,14096,MER_19047,Rite Aid,pharmacy,City_MI_2,MI,U.S.,online,online,0,36.43975247806541,2,0,136.09618338378164
TXN_000616,13843,474.4949522106326,0,ACC_354371,3049,50000,9003.886655504673,37,City_FL_1,FL,76555,MER_98529,Quest Diagnostics,healthcare,City_GA_1,GA,us,in-store,chip,0,116.87600910272822,4,0,349.289812065569
TXN_000617,114065,276.1691224960416,0,ACC_202166,4407,50000,42381.30098806005,51,City_MD_1,MD,99848,MER_85874,Valero,gas_station,City_CO_8,CO,us,online,online,0,1.385297167041856,1,0,81.66440357162608
TXN_000618,71726,30710.18341143515,0,ACC_114506,3189,1000,409.39426969241055,32,City_TX_6,TX,85012,MER_24323,Duke Energy,utilities,City_TN_4,TN,United States,online,online,0,8.00637288396103,3,0,59.31744989355824
TXN_000619,17640,38479.16513349983,0,ACC_325413,283,2000,376.20575758435166,43,City_NC_6,NC,18254,MER_47693,LabCorp,healthcare,City_VA_3,VA,USA,in-store,chip,0,33.79870083902413,6,0,324.59484510454286
TXN_000620,52528,351.6768075143459,0,ACC_213604,358,15000,6241.810597992193,74,City_VA_1,VA,87120,MER_68730,ExxonMobil,gas_station,City_NC_1,NC,US,online,online,0,63.856322137281815,5,0,110.32005276715242
TXN_000621,38413,681.2604439566376,1,ACC_126026,2621,25000,9707.664366702536,74,City_TX_3,TX,15965,MER_99170,Holiday Inn,hotel,City_MI_2,MI,US,in-store,swipe,0,0.7298202714399747,7,0,330.0109492810891
TXN_000622,52638,400.2790690620284,0,ACC_520888,2860,1000,407.47301151902474,25,City_PA_7,PA,87000,MER_36292,eBay,online_retail,City_TN_3,TN,United States,atm,manual,0,0.00023240046981482963,6,0,159.47938955597652
TXN_000623,110133,228.29231824199567,0,ACC_414557,3074,10000,5562.832288225745,63,City_IL_3,IL,87975,MER_55111,United Airlines,travel,City_MI_3,MI,USA,in-store,swipe,0,7.4010102981925785,3,0,696.3548598384733
TXN_000624,106357,169.11161060166552,0,ACC_355116,1450,50000,24755.75193339303,56,City_IL_3,IL,67987,MER_85453,Hyatt,hotel,City_NC_6,NC,USA,in-store,swipe,0,47.89545558346496,4,1,418.81595689119206
TXN_000625,150159,516.4729471555229,0,ACC_427210,3431,10000,1422.8827509685755,56,City_CO_3,CO,42963,MER_85681,Marriott,hotel,City_NY_8,NY,USA,in-store,chip,0,36.43435330346577,1,2,67.6733735452728
TXN_000626,172502,931.6240498481991,0,ACC_290285,2922,50000,3115.005950715225,23,City_IL_7,IL,13273,MER_49491,Walgreens,healthcare,City_MD_6,MD,us,in-store,swipe,0,10.398398239472357,2,1,354.0429530841818
TXN_000627,155576,484.2726783867669,0,ACC_150971,684,2000,1385.889352580427,44,City_FL_4,FL,25330,MER_59336,eBay,online_retail,City_NJ_2,NJ,United States,online,online,0,0.050332241341128174,2,1,202.97490118893833
TXN_000628,138186,222.32587660913214,0,ACC_520497,789,2000,1063.4631282637956,37,City_NC_4,NC,31494,MER_26905,Safeway,grocery,City_PA_2,PA,US,online,online,0,20.22549897664354,7,0,175.5012890044341
TXN_000629,78859,416.1420108402728,0,ACC_213978,1828,15000,5115.760945129508,59,City_MI_3,MI,86422,MER_40273,AMC Theatres,entertainment,City_PA_7,PA,USA,online,online,0,6.793757214668917,7,0,201.528745368609
TXN_000630,99657,147.2793909686675,0,ACC_259163,3001,25000,19198.498284329253,46,City_TN_9,TN,13212,MER_36234,Best Western,hotel,City_MA_1,MA,United States,in-store,swipe,0,34.22206361091191,2,0,123.1290806761416
TXN_000631,142047,481.07466632779864,0,ACC_936926,4541,15000,5529.833258218637,24,City_MI_2,MI,93441,MER_88885,Rite Aid,pharmacy,City_MA_1,MA,US,in-store,contactless,0,14.780548866192422,5,0,125.16598603590126
TXN_000632,11023,611.3713503593705,0,ACC_203864,3456,2000,1512.3336702411543,65,City_MI_4,MI,97594,MER_76538,Valero,gas_station,City_WA_7,WA,us,online,online,0,28.37687022608606,4,0,132.47167824268308
TXN_000633,21447,244.93175308347094,0,ACC_494295,284,2000,580.9366422735118,32,City_MD_8,MD,11080,MER_42573,Trader Joes,grocery,City_IL_9,IL,U.S.,in-store,swipe,0,47.81579684550355,5,1,62.37414708439029
TXN_000634,125899,869.2664003780187,0,ACC_719674,3853,10000,692.0303266793976,21,City_MI_6,MI,42675,MER_74320,Amazon,online_retail,City_AZ_5,AZ,US,online,online,0,19.183829681276407,2,0,288.3544202484358
TXN_000635,23959,-217.12998516692784,0,ACC_539967,1906,2000,1772.015418219865,41,City_PA_7,PA,32007,MER_21330,Airbnb,travel,City_TX_1,TX,US,online,online,0,10.235154375317645,2,0,205.3653636451065
TXN_000636,66203,411.6374016175845,0,ACC_710414,2787,5000,1874.1178640865226,39,City_IN_7,IN,92641,MER_90516,Verizon,utilities,City_VA_5,VA,US,in-store,contactless,0,36.69233385497202,0,0,306.77354265087735
TXN_000637,119156,565.6385799887088,0,ACC_548648,2654,50000,37652.89721034545,41,City_IL_2,IL,56815,MER_82553,Safeway,grocery,City_CO_1,CO,U.S.,online,online,0,7.703489005276949,3,0,261.83558540331387
TXN_000638,160775,244.67033567950944,0,ACC_786311,4151,1000,265.18692656118924,72,City_PA_4,PA,93482,MER_51353,Hertz,travel,City_AZ_9,AZ,USA,online,online,0,55.52946353441166,3,0,287.90986370102314
TXN_000639,9337,117.29721096221533,0,ACC_705151,3034,2000,1228.0937130349464,38,City_MA_6,MA,10639,MER_26011,LabCorp,healthcare,City_MD_4,MD,U.S.,online,online,0,1.8526744082037139,3,1,147.82948525127907
TXN_000640,46427,143.0196768134533,0,ACC_440435,4546,15000,12444.679943922627,63,City_MD_3,MD,73593,MER_93537,Starbucks,restaurant,City_CO_9,CO,US,in-store,chip,0,45.11635238463996,5,0,280.4282911809881
TXN_000641,61529,260.9247872348715,0,ACC_225659,3764,25000,989.0455305745326,72,City_MO_9,MO,88038,MER_70985,Steam,entertainment,City_MA_2,MA,us,in-store,chip,0,2.400543322405972,4,0,282.55660392455695
TXN_000642,102023,245.02327275852883,0,ACC_815232,1274,50000,39455.198822589235,23,City_FL_4,FL,13736,MER_27044,UnitedHealth,healthcare,City_CO_7,CO,US,in-store,contactless,0,1.4443557432978482,3,0,166.25187648617185
TXN_000643,84665,329.11709019848007,0,ACC_107235,1038,50000,27138.317736166606,69,City_GA_2,GA,26473,MER_48292,Target.com,online_retail,City_IN_2,IN,us,in-store,swipe,0,11.284726502856262,3,0,431.82821991926886
TXN_000644,105787,493.39566001015686,0,ACC_444877,4344,25000,14427.454155328518,64,City_TN_6,TN,44019,MER_15250,Starbucks,restaurant,City_AZ_4,AZ,United States,in-store,chip,0,78.40323926613156,4,0,149.62112675358054
TXN_000645,162993,617.9344939032194,0,ACC_162712,1540,25000,12425.002519142086,52,City_MD_1,MD,96623,MER_33289,Expedia,travel,City_MO_6,MO,GB,online,online,1,102.5887513636865,4,0,764.7234605913679
TXN_000646,33307,665.2508899514623,0,ACC_252545,1989,50000,41537.567405973015,30,City_CO_6,CO,46820,MER_43087,Olive Garden,restaurant,City_IL_2,IL,US,online,online,0,5.643375812763716,2,0,273.91988768872204
TXN_000647,158427,1196.3818300930895,0,ACC_822927,2538,5000,206.3084468692779,60,City_NY_1,NY,94861,MER_85952,Pacific Gas and Electric,utilities,City_VA_2,VA,U.S.,online,online,0,4.022933426006732,3,0,140.3101722572751
TXN_000648,127016,170.3553420815582,0,ACC_862178,4788,15000,3719.6545793858354,35,City_MI_8,MI,67589,MER_46368,RxCrossroads,pharmacy,City_MI_2,MI,US,in-store,contactless,0,10.883421414109979,6,1,186.18975728051467
TXN_000649,4835,1217.3441155538212,0,ACC_225849,2712,5000,4159.872059580987,25,City_TX_5,TX,75807,MER_80815,Rite Aid,pharmacy,City_GA_3,GA,US,online,online,0,10.277781977405146,3,0,600.6041402644312
TXN_000650,20159,303.3304532401746,0,ACC_355493,1019,2000,1429.4568348107164,24,City_FL_6,FL,28414,MER_71040,Walgreens,healthcare,City_PA_5,PA,United States,in-store,chip,0,35.63553677110209,1,0,483.85023877677827
TXN_000651,121790,280.0120891240668,0,ACC_704111,4314,1000,16.762902169675552,48,City_PA_2,PA,34220,MER_68900,CVS Health,healthcare,City_MA_9,MA,USA,online,online,0,14.674630587155256,3,0,24.56936311333775
TXN_000652,105616,596.8314496300051,0,ACC_204215,284,25000,,73,City_NJ_2,NJ,70531,MER_25494,Walmart.com,online_retail,City_VA_6,VA,US,atm,manual,0,37.839967920777475,3,1,398.7608931810525
TXN_000653,169160,209.99758926186618,0,ACC_865359,4193,15000,7546.410700155616,72,City_AZ_9,AZ,52425,MER_55166,Target.com,online_retail,City_PA_9,PA,United States,online,online,0,34.52899882205105,2,0,125.0960968787272
TXN_000654,78752,532.8830957218229,0,ACC_132230,4741,25000,9520.95070928787,71,City_TN_3,TN,19387,MER_35333,Valero,gas_station,City_VA_5,VA,U.S.,atm,manual,0,21.58714630141951,4,0,135.55223209339746
TXN_000655,55284,903.8444548813692,0,ACC_446717,4999,5000,1412.6183272944509,73,City_MD_6,MD,86815,MER_43050,Verizon,utilities,City_MA_6,MA,United States,online,online,0,44.8208160830841,3,0,189.72497983835413
TXN_000656,57043,249.37008307008574,0,ACC_847948,4482,10000,6476.38607891725,24,City_TX_5,TX,37584,MER_89566,Best Buy Online,online_retail,City_VA_8,VA,United States,in-store,chip,0,5.442949489354888,1,1,155.45006611032494
TXN_000657,166619,23064.72468046599,0,ACC_562092,285,2000,394.8018829390322,35,City_IN_4,IN,54783,MER_98257,Marriott,hotel,City_NC_3,NC,us,in-store,swipe,0,4.412776630891217,1,0,122.6226484794202
TXN_000658,97007,499.55469144594747,0,ACC_402788,1037,1000,759.0011339681207,37,City_NC_2,NC,49809,MER_58070,AT&T,utilities,City_MD_2,MD,USA,in-store,chip,0,34.72246959241629,2,0,120.55771248698535
TXN_000659,82844,1319.0013312555357,0,ACC_279736,1785,2000,1525.7706054581963,64,City_IN_8,IN,64327,MER_15166,Chevron,gas_station,City_TX_3,TX,USA,in-store,contactless,0,7.019219350096955,4,0,35.176534888801974
TXN_000660,27532,65.0931046700654,0,ACC_931635,2601,10000,3944.9836569417944,23,City_MA_7,MA,20857,MER_17121,CVS Pharmacy,pharmacy,City_WA_9,WA,U.S.,online,online,0,0.06995738498802143,2,0,133.30043992774392
TXN_000661,165421,220.99540264697285,0,ACC_428821,3938,1000,269.37061036416526,30,City_OH_2,OH,52261,MER_24677,Kroger,grocery,City_WA_6,WA,United States,in-store,swipe,0,60.74914844675536,4,0,352.977762686871
TXN_000662,122402,106.42123185456809,0,ACC_518641,3027,10000,2696.8427251117755,67,City_MD_6,MD,83588,MER_66561,Chevron,gas_station,City_GA_4,GA,U.S.,online,online,0,24.38357876625173,2,0,288.3948583502819
TXN_000663,118012,580.2841098023403,0,ACC_747534,2833,2000,916.3535155927992,62,City_NY_8,NY,26995,MER_91909,Shell,gas_station,City_WA_3,WA,U.S.,in-store,contactless,0,-14.716872892359243,5,0,128.85633672397375
TXN_000664,136785,382.45146292502125,0,ACC_184817,3795,5000,3418.0013175594536,43,City_CA_7,CA,23580,MER_97409,CVS Health,healthcare,City_FL_2,FL,USA,in-store,contactless,0,32.341649809325745,5,0,36.5487565488369
TXN_000665,56178,998.0334531013328,0,ACC_338657,4409,50000,17046.262822208293,38,City_FL_1,FL,28240,MER_47664,Netflix,entertainment,City_PA_4,PA,USA,atm,manual,0,10.136567694599348,1,0,258.1801584503402
TXN_000666,49407,119.66098264183968,0,ACC_317033,3413,2000,1159.082356369728,21,City_MO_5,MO,93446,MER_11293,Subway,restaurant,City_PA_9,PA,USA,in-store,contactless,0,76.79701195980229,4,1,75.65469510462233
TXN_000667,50990,305.7456667167428,0,ACC_331414,128,2000,726.7204751069291,55,City_GA_2,GA,85752,MER_32443,Walgreens Pharmacy,pharmacy,City_VA_4,VA,US,online,online,0,1.777205798789227,1,0,200.70426802240874
TXN_000668,129473,856.7137105029426,0,ACC_356812,226,2000,578.5940593876284,73,City_MD_6,MD,56111,MER_59212,Delta Airlines,travel,City_VA_5,VA,United States,online,online,0,25.607214630065943,4,0,70.40849849653426
TXN_000669,58141,268.02619127631095,0,ACC_956238,2559,15000,354.24810180006676,51,City_PA_7,PA,44866,MER_94131,Expedia,travel,City_IN_8,IN,U.S.,in-store,swipe,0,37.5470620061164,5,0,55.018180055481395
TXN_000670,154865,248.17287137310774,0,ACC_404958,907,10000,37.18400448621106,64,City_CA_7,CA,90974,MER_85276,Walmart.com,online_retail,City_OH_2,OH,United States,in-store,chip,0,15.830760013334249,2,0,125.55192410184766
TXN_000671,56570,219.67466144437,0,ACC_694507,1898,10000,2158.4729394040423,21,City_GA_3,GA,83401,MER_22559,CVS Pharmacy,pharmacy,City_MA_3,MA,U.S.,in-store,contactless,0,35.15919784456149,2,0,182.32928030330388
TXN_000672,168964,151.3810782511826,0,ACC_270956,2695,25000,9652.149311523643,23,City_CA_7,CA,92093,MER_75231,Holiday Inn,hotel,City_IN_6,IN,U.S.,online,online,0,65.4017291046157,4,1,174.7452312722891
TXN_000673,1015,146.12182904675097,0,ACC_457489,1418,10000,8086.9810899395725,23,City_MD_5,MD,22211,MER_49044,Best Buy Online,online_retail,City_MI_7,MI,U.S.,online,online,0,34.06385023287129,4,0,263.7061700957547
TXN_000674,61813,196.85322237975612,0,ACC_357134,2445,25000,18964.000769597602,57,City_NJ_8,NJ,68985,MER_31747,Walmart.com,online_retail,City_CO_4,CO,U.S.,in-store,chip,0,9.253662956328446,4,0,162.60346301006493
TXN_000675,27712,72.04001530021942,1,ACC_462232,599,15000,3807.1049918788553,0,City_MA_8,MA,43268,MER_83509,Valero,gas_station,City_PA_1,PA,us,online,online,0,20.629642186282314,1,0,397.3259737216293
TXN_000676,100497,17749.20845772468,0,ACC_955754,2667,5000,1161.5671041754217,49,City_NJ_7,NJ,13646,MER_90869,CVS Pharmacy,pharmacy,City_NC_7,NC,us,in-store,chip,0,60.64807762306228,4,0,72.87028291087366
TXN_000677,139487,226.20008904784626,1,ACC_121650,1095,25000,5398.899187913152,45,City_MD_6,MD,65371,MER_40129,McDonalds,restaurant,City_MA_9,MA,US,online,online,0,14.904946144542915,3,0,184.45522242886912
TXN_000678,112816,14.791960125005899,0,ACC_456386,451,2000,644.5509470048473,53,City_MI_2,MI,52816,MER_10037,Walmart.com,online_retail,City_TN_1,TN,USA,online,online,0,28.618905404916912,4,0,625.7236364174942
TXN_000679,128778,73.48983126234437,0,ACC_924628,2913,5000,2366.4439179180054,56,City_VA_6,VA,99460,MER_58503,Ticketmaster,entertainment,City_GA_1,GA,U.S.,online,online,0,15.661277456223873,3,1,611.1725977801266
TXN_000680,62292,14.29185874118245,0,ACC_270521,1234,50000,20836.719171499833,49,City_CA_9,CA,54112,MER_38207,Verizon,utilities,City_TN_1,TN,United States,online,online,0,3.2340497580281595,2,0,168.28857871836024
TXN_000681,23833,81.62539769941056,0,ACC_270733,574,15000,3110.3930826362857,46,City_OH_2,OH,61048,MER_43241,Best Western,hotel,City_IL_7,IL,us,in-store,contactless,0,1.5096159683305252,4,1,349.62414215397996
TXN_000682,135230,731.0774514648765,0,ACC_916141,4196,10000,1239.2883944643713,24,City_IN_1,IN,64911,MER_10058,Marriott,hotel,City_MO_9,MO,USA,atm,manual,0,76.0569527578447,6,0,217.20044104469645
TXN_000683,20309,365.59403188031297,0,ACC_342037,3669,25000,298.7230465471403,69,City_MI_5,MI,85446,MER_78172,Best Buy Online,online_retail,City_CO_3,CO,US,in-store,chip,0,23.703680959421256,4,0,124.16753957617868
TXN_000684,6970,223.14046476438926,0,ACC_180428,1253,2000,292.5301534663573,34,City_PA_6,PA,11778,MER_24834,Ticketmaster,entertainment,City_AZ_8,AZ,USA,online,online,0,2.7402079291024237,4,1,71.89111172528024
TXN_000685,72474,576.3156474797438,0,ACC_306251,3202,1000,670.0885516844123,70,City_IN_3,IN,55752,MER_91113,Comcast,utilities,City_TX_9,TX,U.S.,in-store,swipe,0,48.69955508918003,0,0,521.8812437527549
TXN_000686,46540,221.68467912757515,0,ACC_634231,797,50000,11572.832043915188,47,City_MO_8,MO,94977,MER_37190,Trader Joes,grocery,City_NY_3,NY,USA,atm,manual,0,18.48989188128422,0,0,205.44350251641848
TXN_000687,151456,92.92746193093528,0,ACC_798600,3687,1000,445.17171961543426,53,City_IL_7,IL,80726,MER_82832,UnitedHealth,healthcare,City_AZ_3,AZ,U.S.,online,online,0,36.95279852533834,5,1,161.31134613357347
TXN_000688,18017,204.73999478435096,0,ACC_538976,684,5000,2808.6804573854124,42,City_MO_2,MO,90840,MER_31383,UnitedHealth,healthcare,City_OH_1,OH,us,online,online,0,3.3885122556233465,5,0,30.3263346262815
TXN_000689,75880,605.9195687417409,0,ACC_121042,2476,10000,8424.988576900267,68,City_IN_7,IN,37289,MER_34660,LabCorp,healthcare,City_MA_2,MA,MX,in-store,swipe,1,59.354828767604516,3,2,473.38440064425424
TXN_000690,105570,386.36657245089276,0,ACC_877130,250,1000,844.4123434737485,23,City_TN_1,TN,54788,MER_12674,Chevron,gas_station,City_IN_7,IN,U.S.,online,online,0,22.322623080604828,4,0,235.85473122981824
TXN_000691,8702,-660.8598069825669,0,ACC_930326,3696,5000,3542.235234986455,43,City_GA_9,GA,14747,MER_32820,Holiday Inn,hotel,City_CA_3,CA,United States,online,online,0,33.51015588044933,4,0,387.27853946656387
TXN_000692,131456,317.06261078541525,0,ACC_418903,4307,15000,500.9871366911452,41,City_WA_7,WA,84822,MER_95040,Delta Airlines,travel,City_NC_7,NC,us,online,online,0,0.7970644694359282,3,0,137.56137146265291
TXN_000693,404,202.97313652412566,0,ACC_468117,4432,5000,2731.584490655721,61,City_TN_6,TN,10045,MER_35666,Hertz,travel,City_AZ_5,AZ,United States,in-store,chip,0,9.469541239756039,1,0,214.61625773991986
TXN_000694,172015,880.3751742016973,0,ACC_930738,2599,50000,37362.71486449656,43,City_NJ_2,NJ,17758,MER_53794,,gas_station,City_TN_8,TN,U.S.,in-store,chip,0,7.780435531766358,5,2,253.76912342447304
TXN_000695,160261,181.6770928544044,0,ACC_994801,1043,5000,82.11821262597523,24,City_PA_3,PA,33437,MER_12076,Amazon,online_retail,City_WA_5,WA,U.S.,in-store,swipe,0,74.69162022477211,1,0,406.052372768347
TXN_000696,12763,601.232098160842,0,ACC_810731,2081,50000,,41,City_NY_1,NY,29585,MER_74854,Rite Aid,pharmacy,City_PA_3,PA,GB,in-store,chip,1,5.124566849798384,3,0,150.83632811449834
TXN_000697,149456,113.8850786986058,0,ACC_776278,4015,5000,4074.3796924836397,57,City_CA_5,CA,19854,MER_62342,Rite Aid,pharmacy,City_CA_9,CA,United States,in-store,chip,0,30.69398068091776,3,0,164.2987987289343
TXN_000698,98142,589.5293758145435,0,ACC_914811,4973,2000,900.7939441003072,63,City_MO_9,MO,62076,MER_47555,Walgreens,healthcare,City_FL_7,FL,U.S.,in-store,chip,0,1.0923596093459431,4,0,121.11453649788419
TXN_000699,140932,491.48805155164723,0,ACC_482811,4929,5000,19.504463762880146,51,City_IL_6,IL,66950,MER_65208,Duane Reade,pharmacy,City_NY_5,NY,us,in-store,chip,0,5.506321014128337,6,0,953.9493817006883
TXN_000700,80642,592.5277295960999,0,ACC_601691,4340,25000,261.5672604706771,41,City_WA_5,WA,27349,MER_42406,Best Buy Online,online_retail,City_IN_7,IN,U.S.,in-store,contactless,0,10.334811955555875,1,0,316.1554822283571
TXN_000701,50612,108.96561647961529,0,ACC_314304,3049,5000,1979.021177715315,46,City_MI_3,MI,31348,MER_71572,Safeway,grocery,City_TX_9,TX,USA,in-store,chip,0,39.558442556553636,2,1,187.47799030008906
TXN_000702,23574,385.80287507894747,0,ACC_496178,3711,2000,294.5164680918337,61,City_IL_5,IL,44296,MER_50262,BP,gas_station,City_MD_5,MD,USA,online,online,0,39.013405774192925,3,0,124.7604436656625
TXN_000703,23524,163.49533711121106,0,ACC_769211,1473,2000,1262.456248477193,55,City_AZ_8,AZ,29455,MER_96661,Publix,grocery,City_CO_7,CO,us,in-store,swipe,0,76.22930820835937,1,1,499.1145708091101
TXN_000704,10916,60.973963648242446,0,ACC_538963,4226,15000,10100.389524912693,58,City_IN_2,IN,88824,MER_33216,Hilton,hotel,City_GA_9,GA,U.S.,in-store,contactless,0,62.15293536176113,4,0,158.29959070756172
TXN_000705,4809,151.3519953452167,0,ACC_414493,3040,50000,8449.290284379858,44,City_CA_5,CA,64021,MER_78117,Walgreens Pharmacy,pharmacy,City_MA_1,MA,us,in-store,contactless,0,2.1257316135080453,2,0,222.70548657589845
TXN_000706,163273,808.2486913143757,0,ACC_301904,602,10000,8441.066240982605,31,City_TX_6,TX,81923,MER_91136,AT&T,utilities,City_PA_4,PA,US,online,online,0,44.27947598668629,3,1,79.18745733151826
TXN_000707,144528,806.7515903038346,0,ACC_811716,1362,1000,419.81245272997955,61,City_OH_8,OH,49293,MER_40284,Quest Diagnostics,healthcare,City_CO_1,CO,us,online,online,0,14.99932653729208,3,1,333.4264175597894
TXN_000708,121288,117.02568592624061,0,ACC_770105,4783,1000,135.70361221232756,49,City_MI_8,MI,98552,MER_30171,Valero,gas_station,City_TX_8,TX,us,in-store,swipe,0,50.22664427385776,4,1,288.47182601751064
TXN_000709,38765,335.09297306830405,0,ACC_105730,4032,5000,3630.195090829628,67,City_CO_5,CO,56116,MER_24333,CVS Health,healthcare,City_MA_3,MA,USA,in-store,chip,0,2.3381661981883246,2,0,142.7046654409417
TXN_000710,165888,37656.2538950047,0,ACC_507137,3164,15000,11257.13662523901,23,City_OH_9,OH,50484,MER_40535,Walgreens Pharmacy,pharmacy,City_CO_2,CO,USA,atm,manual,0,43.25754713214669,3,1,202.36406036004965
TXN_000711,45106,125.69680405778945,0,ACC_853790,4116,5000,3036.6534951609233,21,City_TN_4,TN,40215,MER_99023,Subway,restaurant,City_VA_4,VA,U.S.,in-store,contactless,0,4.3481976264248665,6,2,365.4747184251329
TXN_000712,53932,499.42299783524834,0,ACC_302210,255,1000,810.7922755424254,72,City_IL_9,IL,91638,MER_85940,CVS Pharmacy,pharmacy,City_NY_3,NY,us,in-store,contactless,0,10.155696100531818,1,0,72.65042923937065
TXN_000713,148172,630.8006842789474,0,ACC_838471,4230,50000,35025.21617145689,74,City_VA_7,VA,13404,MER_43700,Valero,gas_station,City_MI_5,MI,us,in-store,chip,0,0.7318173868177975,2,0,84.86578240180319
TXN_000714,57091,287.5491904865398,0,ACC_119023,2027,50000,41904.77251828205,39,City_IN_6,IN,47260,MER_93583,United Airlines,travel,City_AZ_8,AZ,U.S.,in-store,chip,0,3.3019708649376014,4,0,152.43581417209273
TXN_000715,21949,171.6452010789007,0,ACC_751084,801,50000,20609.68230306027,66,City_TN_4,TN,75642,MER_51516,Shell,gas_station,City_AZ_8,AZ,United States,atm,manual,0,14.752398073237277,3,0,275.6372622527333
TXN_000716,37744,290.244698917101,0,ACC_967965,4554,2000,1420.4345433889407,69,City_CO_2,CO,90731,MER_25577,Steam,entertainment,City_NY_7,NY,U.S.,in-store,swipe,0,42.64023272421758,2,1,440.09524106985793
TXN_000717,108319,78.13104772724677,0,ACC_445430,463,10000,9497.639852575921,42,City_TN_8,TN,56009,MER_99834,Duke Energy,utilities,City_CA_8,CA,USA,online,online,0,37.14400393892471,2,0,144.9783582885575
TXN_000718,92193,683.7261693500753,0,ACC_928411,3129,15000,10330.269564654573,34,City_MD_6,MD,39605,MER_25015,Duane Reade,pharmacy,City_CO_5,CO,USA,atm,manual,0,6.706718800145703,2,0,137.43732699526927
TXN_000719,36187,254.0174044871937,0,ACC_909269,2759,2000,,69,City_MA_3,MA,63205,MER_31236,Ticketmaster,entertainment,City_CA_6,CA,us,online,online,0,4.1127418331233505,1,0,159.5101142013899
TXN_000720,138311,713.3526935799309,0,ACC_508213,3437,10000,4924.027863077238,34,City_VA_7,VA,47569,MER_76640,Airbnb,travel,City_TX_8,TX,USA,in-store,contactless,0,12.327240311166817,3,1,290.12708631560304
TXN_000721,124454,368.4408687476455,0,ACC_991407,3170,15000,8369.706025213147,64,City_MI_7,MI,15580,MER_93190,Target.com,online_retail,City_MD_1,MD,U.S.,in-store,chip,0,53.69693860893621,3,0,65.3907416218709
TXN_000722,14489,146.40529188991232,0,ACC_800399,895,15000,2482.5021197673213,36,City_TX_6,TX,15400,MER_55704,eBay,online_retail,City_MI_6,MI,us,in-store,chip,0,2.3969480629756865,5,0,130.8922061845559
TXN_000723,61877,29.037781833262024,0,ACC_620610,2823,1000,914.7470524691357,53,City_OH_2,OH,49643,MER_52369,Pacific Gas and Electric,utilities,City_FL_6,FL,U.S.,in-store,swipe,0,19.572093615398135,4,0,83.47126208521104
TXN_000724,49922,313.52960332092084,0,ACC_120923,2941,2000,333.601577505771,33,City_WA_8,WA,96173,MER_13646,Marriott,hotel,City_FL_5,FL,U.S.,online,online,0,2.3250268795735707,2,0,137.44997199435235
TXN_000725,94074,251.8235388677524,0,ACC_895308,2445,15000,2530.2003559134246,58,City_NY_1,NY,49015,MER_97007,Duke Energy,utilities,City_WA_4,WA,us,in-store,contactless,0,15.881964529014708,1,0,209.32902549035282
TXN_000726,163121,463.15350875616093,0,ACC_947405,280,25000,21735.21952689568,69,City_MA_1,MA,81713,MER_35906,Duke Energy,utilities,City_NC_1,NC,United States,online,online,0,3.3895233492481047,3,0,112.03480868019716
TXN_000727,37131,131.89617794346356,0,ACC_496103,4981,50000,22097.258073279376,32,City_CA_6,CA,82805,MER_96643,AT&T,utilities,City_OH_8,OH,USA,in-store,chip,0,2.0936977428487724,5,0,315.1709861065296
TXN_000728,115765,295.02000122259295,0,ACC_294795,3787,15000,900.4329796618558,71,City_NY_5,NY,24974,MER_57728,AT&T,utilities,City_TN_6,TN,US,online,online,0,5.294253519408632,6,0,28.446254858838607
TXN_000729,73963,457.3242575800121,0,ACC_928854,4686,10000,5682.781249416022,58,City_MI_9,MI,24037,MER_24878,Duke Energy,utilities,City_MO_3,MO,US,online,online,0,7.367869245581065,3,0,30.931000779766116
TXN_000730,106884,459.1925582166324,0,ACC_333462,948,1000,571.7350312013955,59,City_MA_7,MA,94292,MER_19145,Kroger,grocery,City_NY_3,NY,US,in-store,swipe,0,8.08326248880938,5,0,51.017953071222266
TXN_000731,125917,806.4601062565692,0,ACC_151413,1203,5000,306.3786037611685,53,City_PA_2,PA,26167,MER_98578,Delta Airlines,travel,City_CO_6,CO,USA,in-store,contactless,0,25.909813886892476,7,0,95.49205678292279
TXN_000732,24285,758.9299525842281,0,ACC_988916,3233,50000,46194.81854259894,53,City_CO_7,CO,98754,MER_28226,Valero,gas_station,City_CO_7,CO,United States,in-store,contactless,0,1.4137793109316799,1,0,222.4750592796434
TXN_000733,37626,362.86969533733264,0,ACC_355719,462,1000,516.8284670298467,49,City_MA_3,MA,53148,MER_12802,RxCrossroads,pharmacy,City_MI_8,MI,GB,in-store,contactless,1,2.106535219751924,3,0,31.584557929213748
TXN_000734,19198,340.6025789354596,0,ACC_653044,865,5000,2659.02968035388,25,City_OH_1,OH,82153,MER_34119,AMC Theatres,entertainment,City_TN_5,TN,us,in-store,contactless,0,5.228124354641469,5,0,88.07094154758909
TXN_000735,150830,453.38708579672755,0,ACC_433720,2276,2000,988.2192875545496,26,City_IL_8,IL,31534,MER_73560,Comcast,utilities,City_NY_6,NY,United States,in-store,swipe,0,51.405446611817496,3,1,121.03569243184076
TXN_000736,15254,53.57012767205042,0,ACC_742536,2292,2000,1160.390381324778,51,City_FL_3,FL,96078,MER_67353,Hilton,hotel,City_NJ_1,NJ,US,in-store,chip,0,24.762222341242403,2,0,266.92012068905433
TXN_000737,44238,81.52103737527578,0,ACC_372448,927,15000,3766.2714770260077,36,City_MO_8,MO,66879,MER_72126,LabCorp,healthcare,City_MI_6,MI,USA,atm,manual,0,32.76758415430313,7,0,161.57340631799187
TXN_000738,1252,122.85814716724816,0,ACC_654629,3662,25000,6821.982014402468,51,City_NY_7,NY,75839,MER_81641,Walgreens Pharmacy,pharmacy,City_TN_9,TN,USA,in-store,contactless,0,11.565261874443564,2,1,64.77266668832847
TXN_000739,39764,324.12546830544136,0,ACC_510226,4597,2000,971.5442706126521,45,City_IN_2,IN,39756,MER_61712,LabCorp,healthcare,City_GA_4,GA,us,in-store,contactless,0,5.995176396999528,5,0,100.41209875570756
TXN_000740,77709,225.16059240961917,0,ACC_227039,3845,15000,11495.273430381008,68,City_MO_1,MO,22683,MER_62189,Steam,entertainment,City_NC_1,NC,U.S.,in-store,chip,0,0.9675165950954485,3,0,150.0078116075976
TXN_000741,168513,156.6193194841815,0,ACC_816118,276,50000,2368.5673834734957,66,City_MO_7,MO,59485,MER_67784,Netflix,entertainment,City_MA_9,MA,United States,in-store,contactless,0,16.76193335697578,3,1,244.89775194579678
TXN_000742,53682,358.4687823573114,0,ACC_787018,2459,1000,573.2340016092337,53,City_TX_1,TX,21025,MER_78285,Duane Reade,pharmacy,City_NY_4,NY,United States,in-store,contactless,0,21.349392268623586,4,1,90.13112946017918
TXN_000743,59494,1580.03084840172,0,ACC_280074,1020,2000,1532.8784707619964,33,City_WA_6,WA,96426,MER_52949,Best Western,hotel,City_FL_2,FL,United States,online,online,0,56.8263355250305,3,0,322.5566203017428
TXN_000744,81317,50.6992398778046,0,ACC_858678,3340,1000,149.07140843536578,72,City_MA_8,MA,28715,MER_44129,Kroger,grocery,City_WA_1,WA,U.S.,in-store,chip,0,53.446473015413154,4,0,30.306185283810827
TXN_000745,65215,233.51374182820385,0,ACC_756735,956,1000,14.271414881537979,30,City_IL_7,IL,80097,MER_34512,Target.com,online_retail,City_VA_3,VA,U.S.,in-store,chip,0,13.820945938820483,6,0,125.6166529850469
TXN_000746,78587,672.1140695334732,0,ACC_723773,3468,25000,7426.940759609629,44,City_NY_4,NY,97116,MER_89031,Steam,entertainment,City_NC_7,NC,U.S.,in-store,contactless,0,13.772878111964568,1,2,267.2670454704468
TXN_000747,6949,341.26939991348394,0,ACC_908524,2637,2000,1117.4730427862364,30,City_IL_1,IL,85705,MER_73554,Marriott,hotel,City_AZ_2,AZ,us,in-store,chip,0,4.392276580980183,3,0,387.9878626643977
TXN_000748,55393,95.23881857555288,0,ACC_231562,1104,1000,131.36901473451033,61,City_IL_1,IL,27116,MER_12064,Ticketmaster,entertainment,City_MD_9,MD,USA,in-store,swipe,0,7.441592685573503,1,1,224.6232729853152
TXN_000749,138013,379.41611445302715,0,ACC_103729,4052,25000,10120.40631059653,51,City_IL_4,IL,46744,MER_61567,Subway,restaurant,City_OH_2,OH,US,online,online,0,64.97885557239746,2,0,217.53379271958138
TXN_000750,25934,776.075666008017,0,ACC_761334,3829,25000,13117.635562639101,33,City_NY_5,NY,97579,MER_40011,Target.com,online_retail,City_TN_5,TN,U.S.,in-store,swipe,0,3.800706995088111,5,0,208.85613484897564
TXN_000751,154458,215.9219729333075,0,ACC_742510,4814,2000,1137.8778800389025,23,City_NY_7,NY,12124,MER_81152,Netflix,entertainment,City_CO_8,CO,USA,in-store,contactless,0,86.60306751268455,6,0,115.44989156120046
TXN_000752,75745,501.46924038972963,0,ACC_447360,3181,25000,6517.27837375891,70,City_CO_4,CO,48051,MER_83511,Holiday Inn,hotel,City_IL_8,IL,U.S.,online,online,0,17.566736861717374,3,1,145.4404721236491
TXN_000753,94456,129.28489552218974,0,ACC_708148,3468,2000,760.0563083739536,72,City_MO_1,MO,17176,MER_20960,Ticketmaster,entertainment,City_MI_3,MI,MX,in-store,contactless,1,15.248051235846946,1,0,224.8022065706992
TXN_000754,53413,109.4531811049374,0,ACC_358360,4603,2000,1478.8445352283616,54,City_CO_7,CO,74818,MER_68920,UnitedHealth,healthcare,City_MO_2,MO,U.S.,in-store,chip,0,4.798341556091133,7,1,346.98225966736885
TXN_000755,97239,184.35740299302262,0,ACC_459014,3521,5000,4470.769797073256,69,City_FL_2,FL,28676,MER_31387,Walgreens Pharmacy,pharmacy,City_NJ_9,NJ,USA,atm,manual,0,27.08382641582865,4,0,156.70154219514538
TXN_000756,42318,465.14690714789174,0,ACC_121398,736,1000,818.7863145623443,48,City_CA_2,CA,55177,MER_25324,Duane Reade,pharmacy,City_OH_3,OH,us,in-store,chip,0,15.39750258072804,4,1,209.7978908987779
TXN_000757,70390,974.2380750924742,0,ACC_396794,3094,10000,5360.693266467603,39,City_TN_8,TN,10997,MER_73960,Spotify,entertainment,City_AZ_8,AZ,US,online,online,0,11.577212565073038,0,0,139.0848569475438
TXN_000758,43088,921.115472565274,0,ACC_728177,783,2000,779.5563255934984,43,City_GA_5,GA,69330,MER_81779,Hilton,hotel,City_CO_2,CO,USA,in-store,contactless,0,7.680669757136563,2,0,173.47811447871663
TXN_000759,103196,187.03883001995055,0,ACC_365303,617,1000,316.3087836528473,65,City_IN_2,IN,53769,MER_42628,LabCorp,healthcare,City_MO_3,MO,United States,in-store,contactless,0,1.7200044749461834,3,0,45.67696783976055
TXN_000760,170883,353.2560750078039,0,ACC_460306,1364,50000,5935.436888990857,52,City_GA_5,GA,88653,MER_85096,Safeway,grocery,City_NJ_1,NJ,United States,in-store,swipe,0,18.314259916045998,2,0,212.52686834702328
TXN_000761,55479,338.20593838475617,0,ACC_555982,1877,25000,2530.5921213826828,33,City_OH_8,OH,21231,MER_57452,Kroger,grocery,City_VA_6,VA,GB,in-store,chip,1,9.382189122185677,3,0,422.77246837143485
TXN_000762,19963,532.2131764479944,0,ACC_325959,3964,15000,9809.096155019623,53,City_GA_6,GA,82976,MER_51098,UnitedHealth,healthcare,City_MO_7,MO,us,in-store,contactless,0,30.763498742042312,0,0,375.32962163274584
TXN_000763,55123,42.42516366323645,0,ACC_727122,3956,2000,493.6093907252047,54,City_VA_3,VA,95447,MER_80459,Chevron,gas_station,City_TX_4,TX,U.S.,in-store,contactless,0,32.14063293811055,3,0,100.962627542076
TXN_000764,125911,313.44360716179966,0,ACC_510281,3347,25000,6048.215052770612,53,City_TN_8,TN,65965,MER_49235,Best Western,hotel,City_CA_1,CA,U.S.,online,online,0,10.090682879781406,3,0,90.25818190636345
TXN_000765,102468,50.020473240577054,0,ACC_645926,4050,25000,23707.13254384741,25,City_VA_9,VA,91144,MER_96861,Kroger,grocery,City_MI_3,MI,U.S.,online,online,0,27.65003932524019,5,1,186.292746566379
TXN_000766,73477,1124.940529141504,0,ACC_887505,3185,25000,4463.24149950264,23,City_MD_5,MD,71517,MER_37949,Valero,gas_station,City_CA_9,CA,us,in-store,chip,0,7.482911936796686,2,0,50.33133250199803
TXN_000767,14388,823.4845777982239,1,ACC_539727,4332,25000,3516.419287859704,27,City_MI_2,MI,37387,MER_32821,Best Western,hotel,City_PA_5,PA,United States,online,online,0,32.47300115553549,0,1,334.09870823979963
TXN_000768,5569,161.43487167047837,0,ACC_839667,2228,25000,2343.7741592981147,44,City_OH_2,OH,14090,MER_81612,CVS Health,healthcare,City_OH_6,OH,U.S.,online,online,0,0.4051946236912799,1,0,108.20534895539035
TXN_000769,69836,1229.0580769571409,0,ACC_618490,194,2000,1101.6301558169125,42,City_VA_7,VA,34945,MER_32032,Verizon,utilities,City_IN_4,IN,us,online,online,0,4.110334747419018,3,0,333.1884221396464
TXN_000770,104573,113.49414104972364,0,ACC_856357,2028,50000,,65,City_CO_1,CO,50239,MER_83537,Valero,gas_station,City_NC_1,NC,us,in-store,chip,0,7.02622506310014,2,0,102.95556329117092
TXN_000771,167658,377.23299071471246,0,ACC_653608,3087,10000,3469.665299440378,43,City_IL_2,IL,13743,MER_25303,BP,gas_station,City_OH_5,OH,USA,online,online,0,37.0630275895023,5,0,176.5593623660939
TXN_000772,143087,331.3416368042514,0,ACC_563092,2114,5000,2543.213343679472,50,City_TN_4,TN,40924,MER_91993,AMC Theatres,entertainment,City_IN_5,IN,U.S.,in-store,contactless,0,1.7170440619204073,3,2,490.035208149704
TXN_000773,45002,88.403468502519,0,ACC_134924,4458,25000,18724.48885994167,38,City_NC_1,NC,20196,MER_22303,Delta Airlines,travel,City_NY_5,NY,United States,in-store,contactless,0,5.208132883268318,3,1,263.9508296552736
TXN_000774,137326,648.9634289402305,0,ACC_312792,432,25000,19429.973997641522,52,City_OH_4,OH,78860,MER_60701,Airbnb,travel,City_TN_6,TN,US,in-store,contactless,0,11.103489376729218,5,0,206.86669324000417
TXN_000775,148216,618.2103626913026,0,ACC_533950,443,5000,4550.082359649329,73,City_CO_5,CO,51400,MER_60511,Best Western,hotel,City_IL_2,IL,us,online,online,0,0.23043359120941703,2,0,244.10482686935842
TXN_000776,155286,581.4220063877337,0,ACC_954548,74,50000,39152.72933133654,27,City_AZ_9,AZ,95177,MER_90664,Spotify,entertainment,City_CO_1,CO,USA,online,online,0,35.89982586078297,2,0,71.39848615047312
TXN_000777,137162,354.1499637040485,0,ACC_795385,4187,50000,26829.96824407776,53,City_NJ_1,NJ,90399,MER_28280,Rite Aid,pharmacy,City_MO_2,MO,US,online,online,0,20.53048892892123,2,0,451.6503557345969
TXN_000778,142709,696.9833502803833,0,ACC_102159,2497,2000,341.34823509000734,25,City_OH_5,OH,58795,MER_49427,eBay,online_retail,City_CA_6,CA,us,in-store,chip,0,57.73505366483419,2,1,354.3790968288415
TXN_000779,153487,214.69160889407596,0,ACC_673228,897,1000,94.77537981770027,69,City_MI_2,MI,61553,MER_16967,Pacific Gas and Electric,utilities,City_FL_5,FL,USA,online,online,0,0.7880673233593425,3,0,178.87401029378657
TXN_000780,24071,669.7186737284694,0,ACC_703724,48,15000,776.7944312297435,48,City_NC_9,NC,34111,MER_16661,Amazon,online_retail,City_NJ_5,NJ,U.S.,in-store,contactless,0,7.9154402000861825,2,0,215.78664547352162
TXN_000781,58243,302.39652636492787,0,ACC_570192,394,15000,9497.993102941717,28,City_FL_6,FL,73083,MER_87952,Shell,gas_station,City_CO_6,CO,USA,in-store,contactless,0,32.849496669140386,5,0,235.2552216157461
TXN_000782,125827,-249.50431459261176,0,ACC_638966,3862,1000,767.1594426280934,35,City_TN_2,TN,71600,MER_76046,Chipotle,restaurant,City_NC_7,NC,us,in-store,contactless,0,28.109748863037858,4,1,411.24992462624186
TXN_000783,108215,468.9468545313953,0,ACC_816435,609,2000,966.4995062997501,72,City_MI_3,MI,60022,MER_45200,Trader Joes,grocery,City_GA_9,GA,U.S.,in-store,swipe,0,6.96169769225306,1,0,396.55601479459165
TXN_000784,172312,475.21070182375837,0,ACC_540420,575,15000,779.6769913793692,24,City_MD_8,MD,13199,MER_77442,Trader Joes,grocery,City_GA_7,GA,CA,online,online,1,22.639194158317107,3,1,35.29846722106669
TXN_000785,101570,-279.1116984783285,0,ACC_505237,4180,50000,25434.852293088563,54,City_IN_1,IN,60897,MER_71671,Ticketmaster,entertainment,City_IL_2,IL,USA,in-store,swipe,0,39.46758401081945,3,0,117.2853467989396
TXN_000786,164506,16388.735867483898,0,ACC_762132,4903,5000,4444.808992241614,25,City_NC_3,NC,48038,MER_68168,United Airlines,travel,City_VA_6,VA,US,online,online,0,0.8487639081497765,3,0,246.5573535333616
TXN_000787,69724,470.1138405915265,0,ACC_691451,3069,1000,567.7325313858374,53,City_WA_1,WA,65038,MER_58322,McDonalds,restaurant,City_CA_9,CA,U.S.,in-store,chip,0,31.613283347642206,1,0,337.9086822021366
TXN_000788,115359,47.09269908557852,0,ACC_865328,4167,50000,38447.80570198371,25,City_CA_8,CA,17897,MER_91984,AMC Theatres,entertainment,City_MA_7,MA,CA,in-store,contactless,1,7.262051890579387,3,0,108.66817261574107
TXN_000789,75697,180.5481507403993,0,ACC_829115,4074,10000,7601.45015972163,58,City_TX_1,TX,74541,MER_47696,Shell,gas_station,City_MO_2,MO,United States,online,online,0,73.84139515173544,2,0,280.73140779524584
TXN_000790,28732,427.88101751724616,0,ACC_254536,4356,2000,1771.0452895832402,54,City_WA_5,WA,24892,MER_80246,Chipotle,restaurant,City_PA_3,PA,USA,in-store,contactless,0,19.31667927890654,6,0,228.22648786714893
TXN_000791,121465,113.81364443159596,0,ACC_675425,482,1000,731.7173273673797,46,City_NC_4,NC,18271,MER_48892,Safeway,grocery,City_MI_8,MI,US,online,online,0,0.8489056214441182,4,0,263.58615610492967
TXN_000792,142386,-315.22435026895846,0,ACC_523448,3991,15000,10654.732324686525,21,City_OH_7,OH,34815,MER_25583,Hilton,hotel,City_AZ_9,AZ,United States,online,online,0,12.913993258704364,3,0,111.25206747165382
TXN_000793,155026,456.02578847278374,0,ACC_947929,1411,2000,444.7950634442171,24,City_TN_5,TN,55612,MER_92720,ExxonMobil,gas_station,City_GA_4,GA,USA,in-store,chip,0,84.76523448739553,1,0,172.39822300604834
TXN_000794,57108,253.23203804124353,0,ACC_601233,1497,5000,284.64448777513684,59,City_MD_8,MD,43357,MER_65215,Spotify,entertainment,City_NY_9,NY,US,online,online,0,32.7678932883625,5,0,273.54673043721897
TXN_000795,111195,226.2556776011098,0,ACC_724773,2768,2000,983.4389836022345,74,City_OH_1,OH,85088,MER_34853,RxCrossroads,pharmacy,City_MD_2,MD,US,in-store,chip,0,8.933986728833199,5,1,264.0739700400939
TXN_000796,103081,183.68574390419545,0,ACC_340970,1246,2000,236.42499509883487,46,City_PA_5,PA,26267,MER_16109,LabCorp,healthcare,City_VA_5,VA,us,online,online,0,21.407380892827575,6,0,247.19277109358956
TXN_000797,36668,379.77918980230885,0,ACC_729756,910,5000,4570.430412320458,53,City_MO_4,MO,28268,MER_69757,Chevron,gas_station,City_VA_2,VA,US,in-store,chip,0,22.851166019503545,5,0,63.94669105988426
TXN_000798,23061,750.2512988004394,0,ACC_100901,3844,25000,6885.713112534428,53,City_MD_3,MD,24263,MER_16659,BP,gas_station,City_MA_1,MA,USA,in-store,contactless,0,0.5906261860917628,5,0,153.22749250072485
TXN_000799,79252,239.01403855162485,0,ACC_187980,3179,5000,4051.484966075392,28,City_NJ_5,NJ,80935,MER_11238,Duane Reade,pharmacy,City_OH_5,OH,United States,in-store,swipe,0,4.92573049154072,2,0,98.99569981053861
TXN_000800,39749,88.59328107544606,0,ACC_469738,114,50000,18412.169697116817,40,City_VA_3,VA,69660,MER_25064,Pacific Gas and Electric,utilities,City_FL_2,FL,United States,in-store,chip,0,20.061606623198227,4,1,268.2782397372058
TXN_000801,130560,540.8060006522417,0,ACC_576813,4174,2000,,36,City_MI_8,MI,75527,MER_41115,Best Western,hotel,City_NC_7,NC,us,online,online,0,12.885594414263931,4,1,533.0412058827513
TXN_000802,104680,449.56199131846023,0,ACC_889313,1198,5000,4442.00321878895,41,City_WA_3,WA,73379,MER_41952,Rite Aid,pharmacy,City_TN_8,TN,USA,online,online,0,5.26919292495508,2,0,216.06330387083483
TXN_000803,147979,1193.5477364966919,0,ACC_392007,4194,25000,8628.91108704782,65,City_VA_1,VA,51271,MER_15620,eBay,online_retail,City_WA_2,WA,US,online,online,0,37.03367518727861,3,1,409.0805787177293
TXN_000804,149849,592.3597001609253,0,ACC_866722,3159,50000,18538.67566149898,46,City_MI_9,MI,76612,MER_54258,Target.com,online_retail,City_FL_7,FL,us,in-store,contactless,0,16.784391764686145,5,0,44.89398990473948
TXN_000805,51745,171.92729952842012,0,ACC_498838,3675,1000,100.7871906322637,43,City_CO_9,CO,17235,MER_14470,Valero,gas_station,City_NC_4,NC,U.S.,online,online,0,9.27561895105849,0,0,214.95866346660162
TXN_000806,108464,131.275581926522,0,ACC_615956,2556,5000,3184.6216600919192,38,City_MO_6,MO,98757,MER_32003,Verizon,utilities,City_MO_1,MO,FR,in-store,chip,1,4.408805611521688,3,0,189.37844554126121
TXN_000807,91865,184.07903202801845,0,ACC_576384,2897,5000,1371.987218768189,51,City_FL_1,FL,26417,MER_37571,Kroger,grocery,City_MA_3,MA,us,online,online,0,23.61489948330888,1,0,81.07309308685167
TXN_000808,112428,918.6730863640248,0,ACC_587063,3546,2000,1112.6479188950636,72,City_IL_8,IL,44609,MER_34668,AT&T,utilities,City_MA_1,MA,United States,online,online,0,27.434923387329484,3,1,120.96656916436025
TXN_000809,23624,498.56065541066744,0,ACC_826546,3397,50000,28089.20594252745,62,City_IL_2,IL,43902,MER_87259,eBay,online_retail,City_PA_5,PA,MX,in-store,contactless,1,27.68607032418336,1,1,183.47166379561244
TXN_000810,23321,590.1096162545637,0,ACC_931633,2224,1000,683.2397108159787,32,City_VA_9,VA,33645,MER_42046,Verizon,utilities,City_NJ_8,NJ,U.S.,online,online,0,6.2207459451227205,2,0,190.43474483481705
TXN_000811,141560,551.1649801342073,0,ACC_351839,3585,10000,7079.794118638192,21,City_NY_8,NY,72873,MER_80977,Comcast,utilities,City_GA_1,GA,USA,in-store,chip,0,22.61760336375371,4,0,793.9990943872097
TXN_000812,22574,635.8352243186181,0,ACC_421395,475,10000,4887.298126814624,62,City_GA_3,GA,97218,MER_87255,Marriott,hotel,City_IN_9,IN,us,online,online,0,58.95415360358809,3,0,139.11291834277296
TXN_000813,136312,140.79609928514074,0,ACC_696860,3656,15000,4716.635253348493,29,City_TX_5,TX,74558,MER_15397,Shell,gas_station,City_IN_3,IN,US,online,online,0,10.892474533441963,3,0,523.3189002739465
TXN_000814,141550,291.4680148019218,0,ACC_663543,4046,5000,3977.8917504649858,23,City_MO_9,MO,72233,MER_93481,Holiday Inn,hotel,City_MO_5,MO,USA,online,online,0,5.917340146646004,2,0,74.82765231392437
TXN_000815,150334,373.4704058825937,0,ACC_687500,3905,5000,1471.8618346903022,71,City_NC_1,NC,33401,MER_32233,Kroger,grocery,City_FL_9,FL,us,online,online,0,36.97664092902755,2,1,622.8452359725196
TXN_000816,118831,607.7674347584691,0,ACC_936642,3367,1000,482.13363974586485,46,City_WA_9,WA,17771,MER_93336,Trader Joes,grocery,City_MA_5,MA,us,in-store,contactless,0,4.866421322259009,4,0,276.9164522289183
TXN_000817,135504,373.97204354952805,0,ACC_487773,291,25000,9529.74885108854,29,City_OH_4,OH,51335,MER_70308,Best Buy Online,online_retail,City_TX_9,TX,USA,online,online,0,7.317322489077068,1,0,114.29086693084824
TXN_000818,95257,514.6245491913301,1,ACC_122499,1878,10000,8123.244666712036,62,City_MI_4,MI,84451,MER_79726,AMC Theatres,entertainment,City_TX_8,TX,United States,in-store,chip,0,2.651919144591897,4,1,107.16581201479386
TXN_000819,64291,291.42436645029574,0,ACC_726840,4055,15000,6154.83906882806,71,City_NC_4,NC,89434,MER_73219,RxCrossroads,pharmacy,City_MI_7,MI,US,in-store,swipe,0,7.7950770101981846,2,1,195.08258041136736
TXN_000820,127600,353.9748664747234,0,ACC_544844,2296,1000,366.79422939561005,36,City_MA_9,MA,77449,MER_11130,Expedia,travel,City_NY_1,NY,USA,online,online,0,13.20502030606558,2,0,63.32966456065276
TXN_000821,50428,209.61136989517772,0,ACC_685648,121,5000,3276.6625412637777,150,City_IL_6,IL,11942,MER_24071,ExxonMobil,gas_station,City_GA_4,GA,US,online,online,0,1.657711816263835,3,1,192.70877910761584
TXN_000822,131374,159.70567412168427,0,ACC_497819,4252,10000,5723.190543683706,70,City_VA_8,VA,30388,MER_95517,Ticketmaster,entertainment,City_CO_9,CO,US,online,online,0,51.33633658439592,2,1,564.6321644780867
TXN_000823,131127,450.9472652142741,0,ACC_586525,4205,50000,5094.224591052688,34,City_CA_4,CA,93251,MER_12118,Chevron,gas_station,City_OH_8,OH,USA,in-store,chip,0,18.02194317615944,4,0,76.33070869644035
TXN_000824,111317,204.89689231818238,0,ACC_971905,3339,15000,7241.405490401476,23,City_VA_3,VA,67042,MER_10663,CVS Pharmacy,pharmacy,City_VA_4,VA,us,online,online,0,22.174587374563632,0,1,344.3835585435103
TXN_000825,139789,161.63347759360641,0,ACC_243704,1012,2000,1397.4089378331705,54,City_PA_1,PA,63740,MER_72408,Duane Reade,pharmacy,City_MD_1,MD,United States,online,online,0,11.601960706608704,1,0,369.57131274598424
TXN_000826,127449,238.2249126055997,0,ACC_785967,3473,10000,9424.710263617884,53,City_MD_7,MD,75873,MER_61786,Starbucks,restaurant,City_MA_4,MA,US,in-store,chip,0,27.704086118762035,5,0,47.2861864060112
TXN_000827,28699,325.60357354498575,0,ACC_191873,2563,15000,8965.342384077047,70,City_MD_4,MD,57024,MER_91271,Marriott,hotel,City_AZ_3,AZ,US,in-store,swipe,0,14.13124165512677,3,0,130.79573480517442
TXN_000828,73686,413.39889933973603,0,ACC_165756,723,1000,,44,City_TN_8,TN,33450,MER_29158,Target.com,online_retail,City_TN_6,TN,us,online,online,0,35.81513634481949,3,0,424.36263957952656
TXN_000829,67661,161.06362741835298,0,ACC_540210,4150,2000,429.68803962402495,29,City_MD_3,MD,66965,MER_41087,Starbucks,restaurant,City_AZ_5,AZ,USA,online,online,0,43.065465309443944,1,0,86.66489189459064
TXN_000830,44247,264.72051038376514,0,ACC_294454,185,15000,12437.830836684814,33,City_NY_1,NY,20057,MER_98114,Kroger,grocery,City_NY_5,NY,United States,atm,manual,0,27.857043791018043,1,1,338.5963557790541
TXN_000831,147820,425.2210672986105,0,ACC_418488,3618,15000,11607.554272617414,22,City_MI_5,MI,18983,MER_63121,Airbnb,travel,City_MO_2,MO,US,in-store,chip,0,16.89917124013464,4,0,84.34118571220404
TXN_000832,105113,161.4877519441204,0,ACC_546991,1842,5000,1111.133398702078,27,City_MO_2,MO,29995,MER_29874,Amazon,online_retail,City_PA_3,PA,US,online,online,0,38.11241333348672,4,1,80.95163419495891
TXN_000833,4621,849.4064682538592,0,ACC_500565,4144,25000,4765.01214098112,68,City_WA_3,WA,87681,MER_93443,Trader Joes,grocery,City_IN_6,IN,USA,online,online,0,17.04456563132174,6,2,403.41266705853747
TXN_000834,146106,726.9047573289134,0,ACC_957586,1437,10000,6793.799379706168,41,City_MO_6,MO,48886,MER_50821,Verizon,utilities,City_AZ_2,AZ,FR,in-store,swipe,1,2.9557944685566993,1,0,119.71517184772338
TXN_000835,136198,504.2942874215603,1,ACC_651752,1246,5000,1496.0222941141074,39,City_NY_3,NY,99025,MER_70582,Marriott,hotel,City_AZ_4,AZ,U.S.,online,online,0,3.092078958708949,2,0,106.30480925780354
TXN_000836,136194,539.0049665864505,0,ACC_535840,1440,50000,14553.942922192997,45,City_NY_3,NY,12673,MER_32787,Best Western,hotel,City_CO_2,CO,us,in-store,contactless,0,74.19472844011116,8,1,76.43928031983191
TXN_000837,18030,292.65787314680733,0,ACC_221897,3527,2000,289.351469428545,67,City_VA_6,VA,44890,MER_74703,Hyatt,hotel,City_WA_9,WA,US,in-store,swipe,0,6.0060668040815255,2,0,35.65654516117438
TXN_000838,82838,252.29467502165792,0,ACC_620082,4402,25000,6269.418593108459,42,City_CO_5,CO,87513,MER_31705,Olive Garden,restaurant,City_NY_3,NY,US,in-store,swipe,0,42.31029867384079,4,0,143.89241399681663
TXN_000839,84717,1141.4643519290664,0,ACC_399488,4870,15000,6091.982695695256,31,City_OH_9,OH,33466,MER_79381,,healthcare,City_WA_6,WA,United States,in-store,contactless,0,7.082472557314426,5,1,573.3014511702621
TXN_000840,38638,363.49764329451716,0,ACC_183791,581,5000,3480.9821020439736,53,City_GA_1,GA,60406,MER_54653,Netflix,entertainment,City_TX_1,TX,us,online,online,0,14.08721103090065,3,1,79.84379419529853
TXN_000841,67067,259.362578698799,0,ACC_779659,3424,25000,7987.317242326557,52,City_NC_3,NC,13688,MER_92018,Rite Aid,pharmacy,City_NC_3,NC,U.S.,online,online,0,26.6015118386039,4,0,368.4131283126027
TXN_000842,118033,146.87735380926662,0,ACC_803335,1206,50000,15608.706125292527,41,City_AZ_3,AZ,79284,MER_96217,Hertz,travel,City_WA_8,WA,United States,in-store,swipe,0,4.325142299965807,2,0,119.7493027602134
TXN_000843,105977,360.1943770582089,0,ACC_232534,4764,10000,2706.6758992481405,59,City_IL_6,IL,23665,MER_42252,Duane Reade,pharmacy,City_GA_5,GA,U.S.,in-store,swipe,0,33.413472609536875,1,0,315.7807808390809
TXN_000844,88869,381.01022046899953,0,ACC_181441,4362,50000,22718.474206774543,40,City_MD_8,MD,30641,MER_83332,CVS Health,healthcare,City_TN_8,TN,United States,in-store,contactless,0,29.272557180317182,2,0,118.94825197856412
TXN_000845,105186,355.04590130881763,0,ACC_976888,1027,2000,343.2097260884991,28,City_TN_3,TN,42500,MER_82799,Pacific Gas and Electric,utilities,City_NY_2,NY,us,online,online,0,19.581332028443608,1,2,472.6974464769695
TXN_000846,34674,534.0916458561802,0,ACC_968220,4106,1000,461.3491973305192,62,City_VA_3,VA,45797,MER_72185,Verizon,utilities,City_WA_7,WA,US,atm,manual,0,20.861418970087946,3,1,116.49426458658809
TXN_000847,166926,267.13728405789084,0,ACC_337612,2761,5000,3344.8338919247767,57,City_FL_6,FL,94766,MER_88313,Pacific Gas and Electric,utilities,City_FL_9,FL,U.S.,online,online,0,2.794856796645745,0,0,132.64633066351396
TXN_000848,46271,30429.622814995746,0,ACC_533797,3967,2000,56.601957661982134,29,City_GA_8,GA,55950,MER_51538,Target.com,online_retail,City_MO_7,MO,us,online,online,0,14.315271818629101,6,2,176.59616431425238
TXN_000849,73688,210.3628486442514,0,ACC_331444,4082,1000,9.29041129047377,45,City_OH_6,OH,35046,MER_30343,Publix,grocery,City_TX_3,TX,U.S.,online,online,0,2.2637515513994266,3,1,516.8174224500658
TXN_000850,169590,231.74467485544062,0,ACC_900607,402,5000,356.83382323391885,45,City_MA_3,MA,19638,MER_90398,Whole Foods Market,grocery,City_CO_7,CO,us,in-store,chip,0,9.199294664154746,2,0,202.2665777868802
TXN_000851,111076,253.8713238615298,0,ACC_237263,2278,2000,1017.754117283413,53,City_PA_4,PA,96363,MER_51232,AT&T,utilities,City_MA_8,MA,United States,online,online,0,57.64278464161781,5,0,471.80303333258445
TXN_000852,141339,286.2447315213466,0,ACC_445578,878,50000,40586.61645130666,22,City_IL_1,IL,31173,MER_63106,Expedia,travel,City_IN_1,IN,us,online,online,0,21.364220781020617,6,0,412.25442581084496
TXN_000853,1062,14514.418575409529,0,ACC_708806,2586,2000,9.28048543847869,39,City_AZ_8,AZ,23222,MER_91227,Subway,restaurant,City_MI_3,MI,United States,online,online,0,33.93814805528875,2,1,529.2126256672416
TXN_000854,50448,44.887707339245225,0,ACC_835518,2352,25000,22245.70598388617,66,City_WA_4,WA,60064,MER_63079,United Airlines,travel,City_CA_5,CA,US,online,online,0,21.32620129095266,2,0,470.82029173334536
TXN_000855,95462,178.97157061363475,0,ACC_952969,533,50000,5048.229299600451,40,City_MI_6,MI,47010,MER_35028,Airbnb,travel,City_PA_6,PA,United States,online,online,0,5.399133101299396,4,0,161.0135379686505
TXN_000856,137301,523.4452654556328,0,ACC_147645,3219,5000,3999.4217582765746,62,City_MO_3,MO,28095,MER_52135,Safeway,grocery,City_NY_3,NY,USA,online,online,0,22.584875736835304,3,0,604.401623688616
TXN_000857,47915,106.355063250606,0,ACC_339608,732,2000,917.4240534675988,61,City_FL_6,FL,11439,MER_41066,Best Western,hotel,City_MD_4,MD,US,online,online,0,35.202057831911546,2,0,250.38276924883883
TXN_000858,4632,510.40608744227677,0,ACC_647571,3655,15000,9395.842768723525,62,City_GA_9,GA,95550,MER_93470,United Airlines,travel,City_OH_5,OH,us,atm,manual,0,3.724248991032385,3,0,249.1939673425298
TXN_000859,104592,1157.1140427923149,0,ACC_616369,344,5000,2425.744176124116,49,City_NJ_9,NJ,15375,MER_30910,Expedia,travel,City_WA_3,WA,us,online,online,0,42.44398687827375,4,1,128.8451063341068
TXN_000860,134668,776.8589931561961,0,ACC_449115,2406,2000,906.3916278407737,26,City_IN_3,IN,99023,MER_17141,Rite Aid,pharmacy,City_WA_4,WA,USA,in-store,chip,0,20.264067161620712,1,2,45.85591449981127
TXN_000861,109779,381.9229923495478,0,ACC_979191,1070,25000,19828.861423654296,37,City_MO_3,MO,30600,MER_55950,Holiday Inn,hotel,City_IN_5,IN,us,in-store,swipe,0,0.1071091743958977,1,2,45.93567463178332
TXN_000862,137240,225.74033203175213,0,ACC_814483,4408,1000,718.0920605894255,45,City_NJ_4,NJ,12466,MER_65723,Publix,grocery,City_CA_2,CA,US,online,online,0,18.33769486841502,2,0,88.21845573411997
TXN_000863,108099,240.86645053945458,0,ACC_202780,3020,1000,459.23212469685393,58,City_TN_7,TN,55097,MER_26225,Starbucks,restaurant,City_AZ_9,AZ,US,in-store,chip,0,12.590933542741823,8,0,259.5876688481228
TXN_000864,7561,373.620040141954,0,ACC_523240,287,15000,1590.8119938938776,24,City_VA_3,VA,63276,MER_97123,Netflix,entertainment,City_NY_8,NY,United States,in-store,chip,0,8.790284325913328,6,0,290.72221108227126
TXN_000865,82152,525.8956721776544,0,ACC_542846,604,5000,548.1640567434387,50,City_WA_8,WA,60117,MER_42959,Safeway,grocery,City_AZ_6,AZ,U.S.,in-store,swipe,0,36.87892844517817,3,0,95.75467941556727
TXN_000866,125036,604.141663408669,0,ACC_917166,4699,25000,19036.56219207804,40,City_TN_8,TN,56971,MER_59192,Trader Joes,grocery,City_CA_3,CA,us,online,online,0,57.43990984650756,7,0,26.30720898854392
TXN_000867,124049,1032.5532201570286,0,ACC_100515,1582,2000,1005.8421805603135,23,City_CA_6,CA,16928,MER_89711,Expedia,travel,City_TN_2,TN,USA,in-store,contactless,0,35.95581125147572,4,0,208.21885584629658
TXN_000868,26734,1238.994632957217,0,ACC_997214,4548,2000,915.0193664167889,43,City_TN_4,TN,98016,MER_20051,Walgreens Pharmacy,pharmacy,City_MI_7,MI,US,in-store,chip,0,46.895801658753946,3,0,105.19848004740182
TXN_000869,137443,458.0910838727321,0,ACC_953159,787,1000,646.5384992926794,71,City_MA_5,MA,65309,MER_81428,Walgreens,healthcare,City_WA_8,WA,US,in-store,swipe,0,59.862286192807034,5,0,168.7240301736206
TXN_000870,26069,188.39344067408214,0,ACC_853160,2840,25000,20397.48760608868,38,City_PA_2,PA,84647,MER_13449,AT&T,utilities,City_FL_1,FL,US,online,online,0,60.93988557525346,6,1,277.5191637885193
TXN_000871,12910,-523.7885881499415,0,ACC_995596,1134,50000,29871.474359631993,46,City_VA_6,VA,50888,MER_51095,Valero,gas_station,City_NC_6,NC,U.S.,in-store,contactless,0,3.043970989306511,3,0,573.0913435355056
TXN_000872,73479,117.49378043106307,0,ACC_408360,4554,15000,10870.582608437326,56,City_GA_3,GA,53832,MER_87929,CVS Pharmacy,pharmacy,City_AZ_7,AZ,U.S.,in-store,chip,0,15.237872564834431,3,0,149.8256712393078
TXN_000873,81264,144.85536421785292,0,ACC_433977,3489,1000,727.0069979111091,28,City_OH_6,OH,19404,MER_39190,LabCorp,healthcare,City_FL_9,FL,us,online,online,0,0.007162885863440761,3,0,211.01299698865142
TXN_000874,23275,715.4335844074876,0,ACC_683043,4022,1000,338.4483763533111,37,City_TX_5,TX,43639,MER_36141,Expedia,travel,City_MI_3,MI,USA,online,online,0,17.653915169480154,3,1,23.223629401975394
TXN_000875,72274,485.6147277968334,0,ACC_652144,233,15000,3905.6855378841883,51,City_VA_2,VA,88118,MER_33908,Airbnb,travel,City_GA_2,GA,U.S.,in-store,contactless,0,64.50591907822589,2,0,276.94981688782593
TXN_000876,100776,417.2610777212174,0,ACC_608175,2805,5000,3805.5293190820034,57,City_AZ_5,AZ,70598,MER_42322,Starbucks,restaurant,City_NY_5,NY,United States,online,online,0,5.550551085926334,2,1,682.5904989550088
TXN_000877,48447,1017.3889336039448,0,ACC_173870,2362,2000,716.6397043900627,65,City_TN_5,TN,76399,MER_60710,Walgreens,healthcare,City_OH_1,OH,U.S.,in-store,swipe,0,25.5264681309345,2,1,373.58383133628104
TXN_000878,165601,463.41992885039207,0,ACC_237080,2022,5000,4290.84603098285,53,City_NJ_9,NJ,37684,MER_24012,Best Buy Online,online_retail,City_MI_6,MI,US,online,online,0,25.84724631235679,2,0,415.75005351585327
TXN_000879,126394,387.2533175501088,0,ACC_894419,2273,25000,1655.154047340341,47,City_CO_8,CO,78591,MER_44889,Comcast,utilities,City_NY_9,NY,USA,in-store,contactless,0,4.369372157641413,1,0,40.393080558999145
TXN_000880,75703,307.9935107172808,1,ACC_196502,336,50000,2765.3318235786332,65,City_NC_7,NC,87722,MER_27412,ExxonMobil,gas_station,City_TX_9,TX,CA,in-store,contactless,1,6.812528513574066,6,0,277.1291116156093
TXN_000881,76090,211.70293155798655,0,ACC_690611,1717,10000,8806.539520963377,24,City_MI_3,MI,12682,MER_34657,Olive Garden,restaurant,City_MA_7,MA,U.S.,online,online,0,15.498430256813469,4,0,185.13513779158325
TXN_000882,17260,465.35545984539397,0,ACC_532206,4139,10000,6160.321684723631,42,City_IN_4,IN,48046,MER_15656,RxCrossroads,pharmacy,City_NC_7,NC,US,online,online,0,5.212820621162238,2,0,9.705625271128575
TXN_000883,112581,296.5957195549973,0,ACC_896305,1890,10000,3606.193886259157,46,City_VA_6,VA,31832,MER_18967,Duane Reade,pharmacy,City_MA_8,MA,United States,in-store,swipe,0,21.986556231930138,2,1,276.179904119331
TXN_000884,3812,96.87499198134208,0,ACC_837902,1991,15000,10759.610911130603,52,City_PA_3,PA,26997,MER_94958,Quest Diagnostics,healthcare,City_IN_2,IN,United States,in-store,chip,0,16.567473282962002,1,0,103.06657494761498
TXN_000885,159096,385.30928565457765,0,ACC_578977,752,1000,638.7104694939592,44,City_MD_9,MD,44640,MER_25764,Pacific Gas and Electric,utilities,City_OH_6,OH,us,online,online,0,18.307502682912812,3,0,70.99182264593787
TXN_000886,116148,318.6791692703979,0,ACC_791804,809,50000,25232.04972393082,66,City_NJ_8,NJ,86882,MER_25873,Pacific Gas and Electric,utilities,City_CO_5,CO,us,online,online,0,3.610260388718018,3,1,176.83431474208547
TXN_000887,158357,715.5948623130938,0,ACC_528556,558,5000,469.6483776475939,55,City_NC_6,NC,50491,MER_61030,RxCrossroads,pharmacy,City_MO_5,MO,U.S.,in-store,chip,0,18.206503475348693,3,0,94.11604845730189
TXN_000888,116421,19.261203273783607,0,ACC_729507,4923,2000,1543.141215856228,57,City_PA_4,PA,73043,MER_77807,Amazon,online_retail,City_MA_3,MA,us,online,online,0,1.2686043151981274,4,0,163.49348734796752
TXN_000889,1605,512.8893500010589,0,ACC_629321,373,10000,8227.220311465935,52,City_TN_7,TN,82725,MER_11607,,travel,City_MO_3,MO,US,in-store,contactless,0,53.328505907409486,6,0,511.2477569643953
TXN_000890,72303,325.7909323918867,0,ACC_435468,3816,5000,817.8012706250832,27,City_CO_3,CO,55520,MER_29523,Duke Energy,utilities,City_VA_6,VA,US,in-store,contactless,0,10.51128449054791,2,0,138.24379797018094
TXN_000891,158211,75.73440751544709,0,ACC_902121,3712,10000,8079.860693782132,53,City_TN_8,TN,72919,MER_58447,LabCorp,healthcare,City_GA_7,GA,US,in-store,contactless,0,48.507181525290655,2,1,313.11182270890777
TXN_000892,76125,365.6019688558406,0,ACC_734044,238,50000,41697.7472732868,51,City_PA_1,PA,74442,MER_59757,Walgreens Pharmacy,pharmacy,City_TX_1,TX,U.S.,in-store,contactless,0,30.23773329493555,2,0,61.68095842043931
TXN_000893,144990,219.07747625539926,0,ACC_580350,4766,10000,5219.571816740902,32,City_IL_3,IL,31770,MER_79201,United Airlines,travel,City_TX_3,TX,U.S.,in-store,chip,0,36.32929992138762,4,0,303.9186768235237
TXN_000894,158518,206.27200134913187,0,ACC_596232,3436,2000,1246.7401688231053,31,City_FL_5,FL,57498,MER_91844,Hilton,hotel,City_IL_1,IL,us,in-store,swipe,0,9.441792255986336,1,0,232.73953688580667
TXN_000895,124040,491.47733619069635,0,ACC_588455,1341,25000,9078.136350344172,44,City_TX_5,TX,71477,MER_81388,Whole Foods Market,grocery,City_CA_3,CA,U.S.,in-store,swipe,0,6.4609774949902725,3,0,323.09500833107506
TXN_000896,144118,570.3637811091595,0,ACC_362210,2329,25000,6692.551628345067,28,City_PA_2,PA,10244,MER_15462,Hertz,travel,City_FL_5,FL,US,in-store,swipe,0,13.053086526604702,4,1,99.87423112197675
TXN_000897,155890,488.41856512470906,0,ACC_738447,3366,50000,34294.199480203126,52,City_NC_8,NC,42788,MER_41795,AT&T,utilities,City_PA_9,PA,GB,in-store,contactless,1,0.6131033939127413,4,1,255.32092931831116
TXN_000898,4324,302.8866210356417,0,ACC_800606,1977,25000,20469.534789125442,58,City_IN_5,IN,89453,MER_79806,Safeway,grocery,City_WA_3,WA,GB,in-store,contactless,1,62.75735823405424,5,0,877.9792140578925
TXN_000899,76323,450.0573421231408,0,ACC_631821,949,15000,9320.605129619402,42,City_AZ_7,AZ,67737,MER_58465,Comcast,utilities,City_MD_9,MD,USA,online,online,0,12.235340392303467,3,0,312.57490299529053
TXN_000900,9111,489.34866200524755,0,ACC_825512,2074,1000,486.0110801142217,54,City_OH_7,OH,56489,MER_71109,Walgreens,healthcare,City_NJ_1,NJ,us,in-store,swipe,0,111.75856394130321,2,0,187.1231684994118
TXN_000901,169182,882.9925787748629,0,ACC_866941,448,15000,2264.677927529445,39,City_MD_5,MD,81303,MER_60528,Spotify,entertainment,City_WA_6,WA,United States,online,online,0,35.8293479762882,2,0,235.51125975205363
TXN_000902,16389,279.5636742427293,0,ACC_477972,1779,5000,253.92888487288624,72,City_CA_8,CA,38390,MER_46230,Hertz,travel,City_GA_9,GA,U.S.,in-store,chip,0,2.098538973547915,4,1,105.47518852401328
TXN_000903,122177,418.753323445125,0,ACC_946090,2872,15000,6351.1080110161365,40,City_CO_9,CO,20247,MER_58242,Trader Joes,grocery,City_OH_5,OH,U.S.,in-store,swipe,0,26.984089327830873,2,0,254.35066969713216
TXN_000904,41427,37122.456146149605,0,ACC_924930,1129,5000,234.41042756275104,34,City_MA_4,MA,79051,MER_75883,Quest Diagnostics,healthcare,City_WA_2,WA,US,online,online,0,7.896523673562752,4,0,289.0599691077142
TXN_000905,159818,621.771253097531,0,ACC_733316,3422,5000,2704.339501559319,53,City_MO_4,MO,69719,MER_11783,AT&T,utilities,City_CA_5,CA,US,atm,manual,0,6.983545252707158,0,2,192.0139556057661
TXN_000906,122883,31.08511580650106,0,ACC_898204,2802,1000,363.5927317518827,30,City_NY_8,NY,44678,MER_38390,Hertz,travel,City_PA_1,PA,USA,in-store,chip,0,7.411770175555126,2,0,64.1726856139463
TXN_000907,131189,222.1573226100744,0,ACC_975817,2510,2000,1438.659327395742,36,City_MO_1,MO,97802,MER_18417,Quest Diagnostics,healthcare,City_OH_9,OH,U.S.,in-store,contactless,0,61.94580790776575,2,0,82.6188184316739
TXN_000908,125808,469.5566810051747,0,ACC_350231,1575,50000,14518.303599718713,24,City_TX_4,TX,86286,MER_82102,Comcast,utilities,City_TN_9,TN,us,online,online,0,17.327688337216266,3,1,56.49234999795836
TXN_000909,112221,159.33981139660264,0,ACC_112940,1100,1000,563.3335659190604,47,City_MI_6,MI,39583,MER_27426,Steam,entertainment,City_MA_6,MA,US,online,online,0,27.67651428898756,0,0,96.99835304446671
TXN_000910,13234,163.58056322712898,0,ACC_480171,1880,50000,25539.96728336727,48,City_NJ_4,NJ,18076,MER_40750,Spotify,entertainment,City_CO_9,CO,U.S.,atm,manual,0,8.245533973551538,3,1,63.999445307171705
TXN_000911,53441,331.4777434064528,0,ACC_641220,4228,25000,111.92010615322754,63,City_NY_6,NY,28006,MER_68188,Chevron,gas_station,City_TX_3,TX,United States,in-store,swipe,0,18.503582771492173,4,0,87.40718710192155
TXN_000912,846,518.6857684882082,0,ACC_326377,2969,25000,1719.2482087773708,36,City_OH_5,OH,25051,MER_20872,Starbucks,restaurant,City_TN_4,TN,USA,in-store,swipe,0,10.773424668679347,3,0,66.10777921934839
TXN_000913,10954,177.96019605884808,0,ACC_550043,1933,15000,4137.747027925792,72,City_GA_9,GA,14314,MER_58086,UnitedHealth,healthcare,City_IN_6,IN,US,online,online,0,9.683473617476885,6,0,130.09176207764256
TXN_000914,79239,399.7845032218807,0,ACC_124648,708,5000,,53,City_MD_9,MD,38670,MER_76770,McDonalds,restaurant,City_MA_4,MA,US,online,online,0,7.091217037012358,2,1,62.320454347772966
TXN_000915,46514,58.49136462428404,0,ACC_132966,1018,10000,1396.6420715478964,68,City_MO_4,MO,77551,MER_93514,BP,gas_station,City_NY_1,NY,us,online,online,0,13.148773355545746,5,1,186.79005372973108
TXN_000916,88236,235.70355911463227,0,ACC_520993,2505,10000,6753.496139375145,39,City_WA_4,WA,20236,MER_98177,eBay,online_retail,City_FL_7,FL,US,online,online,0,26.972455649254908,4,1,96.88882555154234
TXN_000917,97579,769.0579136694657,0,ACC_355733,1637,50000,46234.91189223365,41,City_WA_8,WA,45568,MER_44720,Delta Airlines,travel,City_VA_5,VA,U.S.,online,online,0,6.277125595631515,1,0,196.55617271568988
TXN_000918,137541,42.99242475057027,0,ACC_263639,2899,5000,3755.1958752829873,42,City_MD_4,MD,70314,MER_28079,AT&T,utilities,City_IL_8,IL,U.S.,in-store,contactless,0,84.12934256838285,6,1,409.05044976723275
TXN_000919,161177,475.60398654939064,0,ACC_346331,1532,50000,11539.904680134587,29,City_VA_2,VA,26352,MER_27338,Duane Reade,pharmacy,City_IN_9,IN,U.S.,in-store,chip,0,3.3271923186658863,4,0,715.164856634851
TXN_000920,42101,533.5590522518116,0,ACC_142598,1819,1000,862.9469973924275,29,City_IN_2,IN,55650,MER_13291,Starbucks,restaurant,City_PA_5,PA,United States,online,online,0,16.35812558017135,5,0,253.99070036092172
TXN_000921,64323,460.7915876363533,0,ACC_290271,1455,2000,176.90359736594112,29,City_VA_1,VA,20346,MER_84084,Subway,restaurant,City_MI_8,MI,MX,in-store,swipe,1,-2.2215512932233152,3,0,43.38681151015762
TXN_000922,91922,156.16708852944296,0,ACC_507014,2470,1000,444.73484477719893,47,City_WA_5,WA,35156,MER_59393,Walgreens,healthcare,City_MO_1,MO,US,in-store,swipe,0,0.5731531959852563,3,0,74.73326614344585
TXN_000923,168048,477.12133447874913,0,ACC_947516,2072,5000,4215.824061700465,37,City_VA_6,VA,65904,MER_79770,United Airlines,travel,City_MI_1,MI,United States,in-store,chip,0,63.99419900483016,2,1,248.1510935459428
TXN_000924,127534,994.226808543022,0,ACC_799597,1308,5000,3046.0121189701313,64,City_MD_9,MD,24035,MER_36720,CVS Health,healthcare,City_PA_7,PA,United States,in-store,swipe,0,41.56896229237022,3,0,214.67906912912312
TXN_000925,67584,288.5675131835216,0,ACC_820857,2624,2000,785.9246729826278,65,City_AZ_5,AZ,26108,MER_23368,Ticketmaster,entertainment,City_PA_6,PA,us,in-store,swipe,0,29.616951532335484,3,0,48.84644692706965
TXN_000926,104537,380.1229311307056,0,ACC_755538,4719,50000,13908.611170015516,28,City_OH_6,OH,12853,MER_64313,Olive Garden,restaurant,City_CO_5,CO,DE,online,online,1,50.09737327798778,1,0,573.0578408863253
TXN_000927,78477,258.2274877732023,0,ACC_348004,2466,15000,5345.166525786487,36,City_WA_6,WA,94156,MER_57969,United Airlines,travel,City_MA_5,MA,USA,in-store,contactless,0,40.59456048878512,6,1,76.00725104795275
TXN_000928,42533,706.9892888246101,0,ACC_117118,3833,15000,7252.420379382328,38,City_PA_3,PA,14176,MER_58838,Hilton,hotel,City_FL_9,FL,USA,in-store,chip,0,26.04902198653507,1,0,406.6348723226911
TXN_000929,1828,363.2369238323519,0,ACC_122616,2235,2000,606.183466758334,53,City_MD_4,MD,35920,MER_18734,Walmart.com,online_retail,City_TN_1,TN,FR,in-store,swipe,1,46.988932192094396,2,0,49.966906697311174
TXN_000930,1917,657.0739668875914,0,ACC_231870,1057,15000,13807.792034672771,21,City_MD_1,MD,64850,MER_22197,AT&T,utilities,City_GA_8,GA,US,in-store,swipe,0,12.39023916161676,5,0,428.860490364881
TXN_000931,20618,565.4699504359479,0,ACC_369745,3569,10000,8864.237704128378,32,City_FL_4,FL,16829,MER_78895,Valero,gas_station,City_OH_2,OH,U.S.,atm,manual,0,20.11604138766017,2,0,469.79589989326723
TXN_000932,32254,65.17788716245903,0,ACC_911795,3513,15000,12407.06842205407,26,City_MD_1,MD,83927,MER_66831,Best Buy Online,online_retail,City_MD_7,MD,us,online,online,0,37.437425833486856,5,0,83.70293338304987
TXN_000933,105292,86.1727667516523,0,ACC_102795,2271,15000,6011.075156197811,61,City_NC_5,NC,94860,MER_68073,Chevron,gas_station,City_IN_6,IN,US,in-store,contactless,0,2.215262269898935,2,0,62.39225134090019
TXN_000934,47362,146.06426617986315,0,ACC_197462,2795,15000,9851.050213027012,25,City_TN_8,TN,50667,MER_82925,McDonalds,restaurant,City_WA_2,WA,U.S.,online,online,0,48.91210317936947,2,0,80.5162803867072
TXN_000935,20128,191.56657337658265,0,ACC_538480,1203,10000,8576.878416841664,36,City_FL_8,FL,75842,MER_90488,Target.com,online_retail,City_MA_3,MA,us,in-store,swipe,0,4.264680525803272,2,0,812.6961049140817
TXN_000936,123781,755.0302608809556,0,ACC_465036,3260,50000,40395.400664749075,38,City_PA_5,PA,45843,MER_94475,Best Buy Online,online_retail,City_TX_4,TX,MX,atm,manual,1,49.977203361121255,2,0,450.2589616918079
TXN_000937,65545,200.3475477230409,0,ACC_434977,3380,15000,5904.159949787959,150,City_GA_2,GA,60808,MER_60302,Verizon,utilities,City_MI_7,MI,us,in-store,contactless,0,9.324931188608844,2,0,59.19850435849358
TXN_000938,82180,320.8889097329957,0,ACC_622904,4941,25000,2669.1686714036914,38,City_TN_6,TN,40543,MER_25624,Rite Aid,pharmacy,City_WA_8,WA,USA,in-store,swipe,0,9.892183391524576,2,1,261.4571135856691
TXN_000939,87958,644.9199808355796,0,ACC_365228,433,10000,718.4884564282198,21,City_IL_1,IL,82780,MER_77271,AT&T,utilities,City_MO_2,MO,CA,online,online,1,1.9206408840795288,2,0,502.13807060310614
TXN_000940,140937,26.504089382938993,0,ACC_982297,2755,2000,1096.421685928835,39,City_MI_7,MI,16611,MER_34315,Quest Diagnostics,healthcare,City_NJ_8,NJ,USA,online,online,0,54.26691814627278,2,0,238.88642011569664
TXN_000941,133291,290.505177496285,0,ACC_569862,3412,1000,610.496538450385,74,City_WA_4,WA,98242,MER_27422,CVS Pharmacy,pharmacy,City_WA_9,WA,us,in-store,contactless,0,4.794465425570423,3,1,44.06998718937142
TXN_000942,39809,210.09501375116776,0,ACC_887163,4193,2000,1614.7009487343457,28,City_AZ_5,AZ,94612,MER_49137,eBay,online_retail,City_MD_7,MD,us,online,online,0,24.859678820250117,2,0,177.47838449626096
TXN_000943,116748,661.8875343197591,0,ACC_232201,117,1000,277.8892693239795,23,City_OH_6,OH,56902,MER_82663,Duane Reade,pharmacy,City_IL_1,IL,CA,in-store,chip,1,25.818338473469154,1,0,56.00885367784413
TXN_000944,5287,293.1056176505923,0,ACC_259094,1188,2000,318.1939320450807,45,City_CO_1,CO,43043,MER_58232,Rite Aid,pharmacy,City_NY_6,NY,us,online,online,0,8.252616438301908,1,1,249.63185820403714
TXN_000945,165459,708.63568711283,0,ACC_363749,4303,25000,9001.388537982237,25,City_PA_9,PA,15271,MER_88142,LabCorp,healthcare,City_MD_8,MD,USA,in-store,chip,0,106.11923035741731,1,0,230.7351537136499
TXN_000946,8512,149.6696503368535,0,ACC_177506,2887,1000,335.89636745066133,60,City_OH_4,OH,82867,MER_42743,United Airlines,travel,City_WA_5,WA,USA,online,online,0,1.6579350431591755,6,1,135.07880205487646
TXN_000947,132414,510.43594982777955,0,ACC_864601,1411,1000,125.845506316962,39,City_IL_8,IL,87089,MER_25636,Chipotle,restaurant,City_IL_2,IL,USA,in-store,swipe,0,23.404174747734572,3,2,39.619125746613776
TXN_000948,108872,839.7152798501385,0,ACC_144130,4711,5000,3193.3425994374725,38,City_MO_5,MO,68745,MER_20108,Delta Airlines,travel,City_VA_5,VA,U.S.,in-store,swipe,0,16.326244730474492,1,1,152.49242574136983
TXN_000949,150288,157.88832884958666,0,ACC_263402,2094,1000,483.2573436929071,70,City_VA_8,VA,72077,MER_83634,Starbucks,restaurant,City_AZ_8,AZ,us,atm,manual,0,7.041973422757311,4,0,376.18696394120127
TXN_000950,93070,147.22056674832882,0,ACC_954901,2404,1000,685.066618309028,73,City_PA_1,PA,69119,MER_46180,Expedia,travel,City_PA_2,PA,US,atm,manual,0,4.464764478566908,4,0,75.83917433943516
TXN_000951,79767,550.640836029578,0,ACC_246259,347,5000,1675.28282080624,51,City_CA_8,CA,21573,MER_28883,Hertz,travel,City_NC_1,NC,USA,online,online,0,33.398051292824675,2,0,221.71391228548504
TXN_000952,97829,174.57457563227655,0,ACC_519007,1532,15000,4641.256514982257,53,City_FL_4,FL,31409,MER_54400,ExxonMobil,gas_station,City_IN_4,IN,US,in-store,contactless,0,62.01735072803649,6,0,625.8814690745276
TXN_000953,157686,98.8811817079816,0,ACC_452580,2072,15000,6734.205905874942,67,City_MD_2,MD,95970,MER_55999,RxCrossroads,pharmacy,City_GA_4,GA,U.S.,in-store,contactless,0,2.8445150198678935,4,1,788.0775577739525
TXN_000954,167330,51.15241884056121,0,ACC_301682,4628,5000,4167.684890626948,38,City_VA_6,VA,34464,MER_57951,Ticketmaster,entertainment,City_WA_9,WA,us,in-store,chip,0,5.391174650997681,1,0,104.6486505396838
TXN_000955,42078,368.937613184627,0,ACC_474485,2052,10000,382.6724139728132,59,City_MA_2,MA,52840,MER_17160,UnitedHealth,healthcare,City_IL_3,IL,USA,in-store,swipe,0,107.20384135239966,6,0,354.8070814090421
TXN_000956,106288,54.96170459644561,0,ACC_323034,148,1000,764.5911764316485,36,City_NY_5,NY,58785,MER_65262,United Airlines,travel,City_IN_4,IN,USA,online,online,0,0.3784164401459704,3,0,32.22594405470056
TXN_000957,83524,263.08428940405645,0,ACC_609394,739,1000,350.53823202486865,36,City_CO_2,CO,30662,MER_29929,Best Buy Online,online_retail,City_NY_3,NY,USA,in-store,contactless,0,17.7447206778963,2,1,546.9604244608067
TXN_000958,12219,379.74942680573406,0,ACC_723982,3587,5000,4059.440372495269,67,City_GA_3,GA,28228,MER_93133,Marriott,hotel,City_PA_2,PA,US,online,online,0,18.147589019447395,2,0,425.72416189596254
TXN_000959,235,127.8090693809396,0,ACC_644061,4170,5000,3810.464291970318,58,City_NJ_6,NJ,70721,MER_21123,ExxonMobil,gas_station,City_AZ_4,AZ,U.S.,online,online,0,7.634664413671742,2,1,441.76873393273036
TXN_000960,42929,46225.39485745442,0,ACC_890671,4439,10000,3313.2318502628395,61,City_TN_1,TN,59223,MER_38357,Hyatt,hotel,City_MA_8,MA,us,in-store,chip,0,27.193951273699795,4,1,346.04698396968104
TXN_000961,127309,288.7479372578081,0,ACC_383007,3280,25000,16479.56771388838,27,City_NC_6,NC,17386,MER_80496,Publix,grocery,City_AZ_1,AZ,U.S.,online,online,0,72.48370604838041,4,1,87.19777727277496
TXN_000962,67444,267.3757783923838,0,ACC_413559,447,15000,2274.7667840215217,34,City_NY_3,NY,16862,MER_43556,AT&T,utilities,City_NJ_8,NJ,USA,online,online,0,14.95565104494672,3,1,335.1933040147824
TXN_000963,139639,393.5348968504386,0,ACC_168968,2633,2000,1702.934949111197,63,City_IL_7,IL,50108,MER_93791,Trader Joes,grocery,City_NJ_8,NJ,U.S.,online,online,0,34.599376858767336,5,0,141.7989673307128
TXN_000964,101834,283.172445490828,0,ACC_593891,3884,25000,9606.662780732848,73,City_CO_2,CO,85023,MER_71934,Olive Garden,restaurant,City_NC_3,NC,US,in-store,chip,0,25.966421451622075,2,1,71.3869512307889
TXN_000965,84555,33923.98164301995,0,ACC_684718,1131,50000,21642.21672937201,68,City_AZ_6,AZ,90140,MER_88886,Hertz,travel,City_PA_6,PA,United States,online,online,0,16.011110516624953,2,1,439.5260004319666
TXN_000966,73698,528.0281567065217,0,ACC_350072,4451,15000,10057.066477277034,45,City_MA_8,MA,92963,MER_40881,LabCorp,healthcare,City_MA_4,MA,United States,in-store,contactless,0,1.2773933687304917,4,0,52.5072572159474
TXN_000967,124450,120.51981686666777,0,ACC_101515,3458,1000,779.7982248696084,52,City_PA_1,PA,37201,MER_28409,Walmart.com,online_retail,City_VA_1,VA,us,in-store,swipe,0,33.845660393373755,3,0,238.59390065871153
TXN_000968,136487,562.2706031740656,0,ACC_197206,2291,50000,11226.280308089954,58,City_FL_9,FL,78578,MER_65416,AMC Theatres,entertainment,City_PA_1,PA,us,online,online,0,11.284510944833304,3,2,133.22387430780196
TXN_000969,167231,723.3108968764748,1,ACC_345282,4199,25000,15707.065822078643,42,City_GA_5,GA,59966,MER_77982,Netflix,entertainment,City_CA_5,CA,U.S.,online,online,0,6.356011178339462,3,0,117.62394952067507
TXN_000970,43925,288.30342252609057,0,ACC_859990,3664,5000,1861.9907084734552,36,City_MD_5,MD,64774,MER_40657,Valero,gas_station,City_TN_8,TN,us,in-store,chip,0,74.0422823542525,3,0,93.2856301750702
TXN_000971,137023,39.847117987067364,0,ACC_507821,538,10000,3502.6777780376324,72,City_IL_5,IL,20386,MER_96743,Chevron,gas_station,City_CO_1,CO,US,online,online,0,37.12556404287738,3,0,241.51144654228375
TXN_000972,87388,240.52937541111214,0,ACC_942672,2409,15000,9832.86799115433,49,City_WA_6,WA,87228,MER_58951,ExxonMobil,gas_station,City_MA_2,MA,USA,atm,manual,0,81.93162011598261,3,0,190.9656198093902
TXN_000973,8007,416.90324426604957,0,ACC_105586,3194,10000,3678.241104481376,36,City_TN_2,TN,25225,MER_18752,BP,gas_station,City_TX_7,TX,USA,in-store,contactless,0,7.400146553920699,3,1,264.476123445366
TXN_000974,58596,347.45025426760077,0,ACC_869565,717,50000,16440.153757809363,32,City_CA_6,CA,26693,MER_23440,Duane Reade,pharmacy,City_IN_8,IN,U.S.,online,online,0,45.165736171119235,2,1,275.17603882882435
TXN_000975,121101,1801.22078359264,0,ACC_655474,4782,15000,11911.409815798954,37,City_WA_4,WA,82197,MER_54864,Airbnb,travel,City_NY_3,NY,USA,online,online,0,23.394574705210168,2,0,102.35573416828117
TXN_000976,161595,20.961731276083963,0,ACC_651216,1322,25000,2405.3079409864013,57,City_NJ_8,NJ,53021,MER_59691,Marriott,hotel,City_NY_8,NY,U.S.,online,online,0,-99.7545997145171,2,1,58.58470928220715
TXN_000977,88861,817.3965557651876,0,ACC_853624,3935,1000,642.0979916887001,47,City_GA_9,GA,28261,MER_82035,Expedia,travel,City_IL_1,IL,us,in-store,chip,0,73.11644720107094,3,0,141.26785564393765
TXN_000978,86740,454.134915532231,0,ACC_838447,3105,2000,472.5782482021868,45,City_GA_9,GA,37378,MER_96675,Expedia,travel,City_IN_9,IN,us,in-store,swipe,0,90.26838980364012,3,0,129.63113084252018
TXN_000979,15524,261.06981035924485,0,ACC_485134,3239,10000,147.2332973488079,33,City_AZ_8,AZ,96755,MER_90303,Publix,grocery,City_IN_2,IN,US,online,online,0,75.79311662053304,5,0,85.40333051965064
TXN_000980,150354,77.72656312064824,0,ACC_449173,354,10000,1584.2605542905742,28,City_WA_3,WA,21937,MER_32343,CVS Health,healthcare,City_CO_2,CO,USA,in-store,contactless,0,0.19225905167098548,3,0,127.95899330048273
TXN_000981,155002,670.0533982475387,0,ACC_644999,2023,2000,1152.6569065741485,25,City_NY_4,NY,76330,MER_29673,Best Buy Online,online_retail,City_PA_4,PA,US,in-store,swipe,0,33.78142601474769,2,0,357.7634639337566
TXN_000982,131149,283.1204693318143,0,ACC_679250,4006,10000,6736.708319116405,32,City_FL_1,FL,57366,MER_69954,McDonalds,restaurant,City_CA_3,CA,United States,online,online,0,7.934108659422032,5,0,388.4602785110849
TXN_000983,125501,226.02931442904205,0,ACC_120039,4842,10000,200.0489437850404,61,City_CO_9,CO,82322,MER_64698,Quest Diagnostics,healthcare,City_OH_4,OH,US,in-store,swipe,0,30.521794404783225,1,0,204.32520182794067
TXN_000984,20611,340.36756495924874,0,ACC_660849,2800,15000,519.0625670495122,23,City_MA_5,MA,50160,MER_36520,Shell,gas_station,City_MA_6,MA,U.S.,online,online,0,98.57649409713524,2,1,140.75345099559644
TXN_000985,148056,360.3314255676599,0,ACC_306555,4402,15000,12861.225136512081,55,City_MA_6,MA,55313,MER_25784,Marriott,hotel,City_OH_7,OH,U.S.,online,online,0,1.0038728927836706,5,0,275.659821935785
TXN_000986,14060,106.3076361626862,1,ACC_591087,2613,2000,139.28105441606766,53,City_WA_3,WA,37032,MER_48079,Whole Foods Market,grocery,City_MD_5,MD,US,online,online,0,20.924736269312493,3,1,91.01500489692972
TXN_000987,43303,233.23174142971314,0,ACC_319730,3587,50000,42473.65253428713,0,City_NC_8,NC,27358,MER_54220,CVS Pharmacy,pharmacy,City_CO_2,CO,us,online,online,0,33.19621766982333,2,1,230.2204405015937
TXN_000988,160359,667.6489391512449,0,ACC_101577,3617,1000,216.75761806336047,70,City_MI_7,MI,71710,MER_30491,Hilton,hotel,City_NJ_3,NJ,United States,in-store,chip,0,7.3042626676353235,3,1,296.7665982751501
TXN_000989,39711,287.7113402587509,0,ACC_207792,181,25000,17575.422753757553,64,City_VA_1,VA,96157,MER_58720,Safeway,grocery,City_AZ_3,AZ,US,in-store,swipe,0,6.376240003972175,2,0,258.7886101602382
TXN_000990,143026,187.90194365506417,0,ACC_872268,984,25000,7356.164662467786,29,City_AZ_5,AZ,58821,MER_24718,AT&T,utilities,City_WA_5,WA,us,online,online,0,1.5560757555650542,2,0,332.86275431007357
TXN_000991,73340,276.63592202704524,0,ACC_338540,4384,50000,40790.721216436235,61,City_CA_9,CA,38365,MER_45597,Walgreens Pharmacy,pharmacy,City_CO_5,CO,US,in-store,chip,0,2.4656879744860833,3,1,147.68879954136818
TXN_000992,102974,377.70501887130376,0,ACC_328506,2401,10000,6654.3212215314,38,City_AZ_6,AZ,23189,MER_71217,ExxonMobil,gas_station,City_NC_4,NC,USA,atm,manual,0,26.732399365152084,2,0,60.84753148742662
TXN_000993,149646,322.9806077743599,0,ACC_836777,4994,1000,381.7227856716104,70,City_AZ_8,AZ,86749,MER_36832,McDonalds,restaurant,City_NC_8,NC,U.S.,online,online,0,17.590577498877916,6,0,404.900234988089
TXN_000994,140256,406.2023861401198,0,ACC_110785,1221,2000,144.97466293075115,49,City_GA_1,GA,17248,MER_64818,Valero,gas_station,City_TN_6,TN,FR,in-store,contactless,1,0.7633417894671031,2,0,186.94428037291135
TXN_000995,150168,248.67445483149325,0,ACC_172227,717,50000,34803.25873386334,59,City_TN_7,TN,14369,MER_22864,Hilton,hotel,City_VA_6,VA,USA,online,online,0,87.38365687155333,4,0,126.54558938262238
TXN_000996,67728,326.3366339904296,1,ACC_948389,339,2000,1172.081036333845,47,City_AZ_3,AZ,73763,MER_98378,ExxonMobil,gas_station,City_MI_1,MI,United States,in-store,contactless,0,26.681174300918396,2,0,112.63991719537096
TXN_000997,165088,268.9802954460542,0,ACC_689719,1532,15000,41.49197913148955,56,City_CA_9,CA,18050,MER_18177,Verizon,utilities,City_PA_6,PA,us,in-store,chip,0,18.114324418087644,5,0,62.86193401138624
TXN_000998,11246,443.9391291930431,0,ACC_510513,3157,10000,89.48863173823057,65,City_TN_6,TN,38605,MER_56115,Shell,gas_station,City_MO_3,MO,U.S.,online,online,0,7.961238912214511,0,0,491.90285343688674
TXN_000999,149453,343.43292573046836,0,ACC_958326,4598,5000,3841.766622665296,37,City_MO_5,MO,59616,MER_66210,Trader Joes,grocery,City_TX_6,TX,USA,online,online,0,26.830843014792467,3,0,29.10178929121507
